2026-10-09 13:00:01,154 INFO  [http-nio-8080-exec-4] c.e.api.PatientController - GET /api/v2/encounters/10494 completed in 157ms user=dr.smith2@clinic.org
2026-10-09 13:00:03,059 WARN  [http-nio-8080-exec-14] c.e.api.ReportService - Slow request /api/v2/reports took 1576ms
2026-10-09 13:00:04,428 INFO  [http-nio-8080-exec-6] c.e.api.PatientController - GET /api/v2/encounters/73226 completed in 128ms user=dr.smith1@clinic.org
2026-10-09 13:00:07,126 WARN  [http-nio-8080-exec-38] c.e.api.ReportService - Slow request /api/v2/reports took 1626ms
2026-10-09 13:00:09,406 INFO  [http-nio-8080-exec-15] c.e.api.PatientController - GET /api/v2/encounters/7105 completed in 162ms user=dr.smith3@clinic.org
2026-10-09 13:00:10,147 INFO  [http-nio-8080-exec-37] c.e.api.PatientController - GET /api/v2/encounters/41433 completed in 163ms user=dr.smith3@clinic.org
2026-10-09 13:00:12,584 INFO  [http-nio-8080-exec-24] c.e.api.PatientController - GET /api/v2/encounters/13770 completed in 160ms user=dr.smith2@clinic.org
2026-10-09 13:00:14,633 INFO  [http-nio-8080-exec-35] c.e.api.PatientController - GET /api/v2/encounters/57045 completed in 100ms user=dr.smith8@clinic.org
2026-10-09 13:00:16,464 INFO  [http-nio-8080-exec-16] c.e.api.PatientController - GET /api/v2/encounters/24562 completed in 82ms user=dr.smith2@clinic.org
2026-10-09 13:00:18,537 INFO  [http-nio-8080-exec-22] c.e.api.PatientController - GET /api/v2/encounters/96609 completed in 134ms user=dr.smith5@clinic.org
2026-10-09 13:00:20,074 INFO  [http-nio-8080-exec-27] c.e.api.PatientController - GET /api/v2/encounters/22621 completed in 107ms user=dr.smith3@clinic.org
2026-10-09 13:00:23,431 INFO  [http-nio-8080-exec-5] c.e.api.PatientController - GET /api/v2/encounters/74148 completed in 166ms user=dr.smith6@clinic.org
2026-10-09 13:00:25,358 INFO  [http-nio-8080-exec-38] c.e.api.PatientController - GET /api/v2/encounters/60795 completed in 37ms user=dr.smith2@clinic.org
2026-10-09 13:00:28,485 INFO  [http-nio-8080-exec-5] c.e.api.PatientController - GET /api/v2/encounters/8952 completed in 99ms user=dr.smith8@clinic.org
2026-10-09 13:00:29,395 WARN  [http-nio-8080-exec-23] c.e.api.ReportService - Slow request /api/v2/reports took 1546ms
2026-10-09 13:00:32,363 INFO  [http-nio-8080-exec-8] c.e.api.PatientController - GET /api/v2/encounters/65709 completed in 35ms user=dr.smith4@clinic.org
2026-10-09 13:00:35,132 INFO  [http-nio-8080-exec-26] c.e.api.PatientController - GET /api/v2/encounters/52242 completed in 147ms user=dr.smith2@clinic.org
2026-10-09 13:00:36,411 INFO  [http-nio-8080-exec-9] c.e.api.PatientController - GET /api/v2/encounters/57429 completed in 160ms user=dr.smith5@clinic.org
2026-10-09 13:00:38,367 INFO  [http-nio-8080-exec-25] c.e.api.PatientController - GET /api/v2/encounters/31245 completed in 58ms user=dr.smith2@clinic.org
2026-10-09 13:00:40,237 INFO  [http-nio-8080-exec-1] c.e.api.PatientController - GET /api/v2/encounters/64565 completed in 170ms user=dr.smith3@clinic.org
2026-10-09 13:00:41,004 INFO  [http-nio-8080-exec-35] c.e.api.PatientController - GET /api/v2/encounters/49398 completed in 176ms user=dr.smith6@clinic.org
2026-10-09 13:00:44,707 WARN  [http-nio-8080-exec-40] c.e.api.ReportService - Slow request /api/v2/reports took 2841ms
2026-10-09 13:00:47,055 INFO  [http-nio-8080-exec-36] c.e.api.PatientController - GET /api/v2/encounters/52429 completed in 121ms user=dr.smith7@clinic.org
2026-10-09 13:00:48,493 INFO  [http-nio-8080-exec-4] c.e.api.PatientController - GET /api/v2/encounters/25983 completed in 37ms user=dr.smith4@clinic.org
2026-10-09 13:00:50,112 INFO  [http-nio-8080-exec-4] c.e.api.PatientController - GET /api/v2/encounters/14419 completed in 20ms user=dr.smith3@clinic.org
2026-10-09 13:00:50,112 ERROR [metrics-1] c.e.metrics.StatsdClient - Failed to send metrics to statsd 10.0.0.9:8125: Connection refused
2026-10-09 13:00:52,971 INFO  [http-nio-8080-exec-2] c.e.api.PatientController - GET /api/v2/encounters/10216 completed in 73ms user=dr.smith7@clinic.org
2026-10-09 13:00:54,258 INFO  [scheduler-1] c.e.jobs.SyncJob - Sync batch 617 done
2026-10-09 13:00:55,125 INFO  [http-nio-8080-exec-32] c.e.api.PatientController - GET /api/v2/encounters/62078 completed in 142ms user=dr.smith8@clinic.org
2026-10-09 13:00:57,147 INFO  [http-nio-8080-exec-22] c.e.api.PatientController - GET /api/v2/encounters/98039 completed in 87ms user=dr.smith8@clinic.org
2026-10-09 13:01:00,165 INFO  [http-nio-8080-exec-14] c.e.api.PatientController - GET /api/v2/encounters/70239 completed in 112ms user=dr.smith3@clinic.org
2026-10-09 13:01:02,936 INFO  [http-nio-8080-exec-34] c.e.api.PatientController - GET /api/v2/encounters/40071 completed in 43ms user=dr.smith5@clinic.org
2026-10-09 13:01:04,930 INFO  [http-nio-8080-exec-15] c.e.api.PatientController - GET /api/v2/encounters/70807 completed in 158ms user=dr.smith9@clinic.org
2026-10-09 13:01:06,228 INFO  [http-nio-8080-exec-13] c.e.api.PatientController - GET /api/v2/encounters/32377 completed in 122ms user=dr.smith4@clinic.org
2026-10-09 13:01:07,504 INFO  [http-nio-8080-exec-2] c.e.api.PatientController - GET /api/v2/encounters/4661 completed in 91ms user=dr.smith8@clinic.org
2026-10-09 13:01:09,709 INFO  [http-nio-8080-exec-23] c.e.api.PatientController - GET /api/v2/encounters/59619 completed in 109ms user=dr.smith6@clinic.org
2026-10-09 13:01:10,104 INFO  [http-nio-8080-exec-13] c.e.api.PatientController - GET /api/v2/encounters/45267 completed in 72ms user=dr.smith8@clinic.org
2026-10-09 13:01:12,921 INFO  [http-nio-8080-exec-1] c.e.api.PatientController - GET /api/v2/encounters/63845 completed in 108ms user=dr.smith2@clinic.org
2026-10-09 13:01:15,122 WARN  [http-nio-8080-exec-13] c.e.api.ReportService - Slow request /api/v2/reports took 2479ms
2026-10-09 13:01:18,444 INFO  [http-nio-8080-exec-22] c.e.api.PatientController - GET /api/v2/encounters/12370 completed in 121ms user=dr.smith8@clinic.org
2026-10-09 13:01:19,969 INFO  [http-nio-8080-exec-11] c.e.api.PatientController - GET /api/v2/encounters/23282 completed in 52ms user=dr.smith1@clinic.org
2026-10-09 13:01:21,926 INFO  [http-nio-8080-exec-10] c.e.api.PatientController - GET /api/v2/encounters/81160 completed in 172ms user=dr.smith8@clinic.org
2026-10-09 13:01:23,358 INFO  [http-nio-8080-exec-36] c.e.api.PatientController - GET /api/v2/encounters/18168 completed in 25ms user=dr.smith1@clinic.org
2026-10-09 13:01:26,743 INFO  [http-nio-8080-exec-34] c.e.api.PatientController - GET /api/v2/encounters/99237 completed in 55ms user=dr.smith7@clinic.org
2026-10-09 13:01:29,199 INFO  [http-nio-8080-exec-14] c.e.api.PatientController - GET /api/v2/encounters/4669 completed in 84ms user=dr.smith4@clinic.org
2026-10-09 13:01:30,246 INFO  [http-nio-8080-exec-21] c.e.api.PatientController - GET /api/v2/encounters/34995 completed in 159ms user=dr.smith7@clinic.org
2026-10-09 13:01:33,062 WARN  [http-nio-8080-exec-23] c.e.api.ReportService - Slow request /api/v2/reports took 2438ms
2026-10-09 13:01:35,834 WARN  [http-nio-8080-exec-27] c.e.api.ReportService - Slow request /api/v2/reports took 2527ms
2026-10-09 13:01:36,155 INFO  [http-nio-8080-exec-2] c.e.api.PatientController - GET /api/v2/encounters/58688 completed in 66ms user=dr.smith1@clinic.org
2026-10-09 13:01:39,153 INFO  [http-nio-8080-exec-31] c.e.api.PatientController - GET /api/v2/encounters/82146 completed in 50ms user=dr.smith9@clinic.org
2026-10-09 13:01:40,698 INFO  [http-nio-8080-exec-36] c.e.api.PatientController - GET /api/v2/encounters/64240 completed in 47ms user=dr.smith9@clinic.org
2026-10-09 13:01:41,195 INFO  [http-nio-8080-exec-7] c.e.api.PatientController - GET /api/v2/encounters/67547 completed in 135ms user=dr.smith9@clinic.org
2026-10-09 13:01:42,915 WARN  [http-nio-8080-exec-29] c.e.api.ReportService - Slow request /api/v2/reports took 2166ms
2026-10-09 13:01:44,517 INFO  [http-nio-8080-exec-13] c.e.api.PatientController - GET /api/v2/encounters/91797 completed in 90ms user=dr.smith8@clinic.org
2026-10-09 13:01:46,826 INFO  [http-nio-8080-exec-16] c.e.api.PatientController - GET /api/v2/encounters/92647 completed in 153ms user=dr.smith5@clinic.org
2026-10-09 13:01:49,914 WARN  [http-nio-8080-exec-29] c.e.api.ReportService - Slow request /api/v2/reports took 1780ms
2026-10-09 13:01:51,401 INFO  [http-nio-8080-exec-5] c.e.api.PatientController - GET /api/v2/encounters/88969 completed in 81ms user=dr.smith7@clinic.org
2026-10-09 13:01:52,685 INFO  [http-nio-8080-exec-8] c.e.api.PatientController - GET /api/v2/encounters/21243 completed in 113ms user=dr.smith3@clinic.org
2026-10-09 13:01:54,140 INFO  [scheduler-1] c.e.jobs.SyncJob - Sync batch 225 done
2026-10-09 13:01:56,096 INFO  [http-nio-8080-exec-32] c.e.api.PatientController - GET /api/v2/encounters/22337 completed in 77ms user=dr.smith3@clinic.org
2026-10-09 13:01:59,527 INFO  [http-nio-8080-exec-27] c.e.api.PatientController - GET /api/v2/encounters/26656 completed in 111ms user=dr.smith6@clinic.org
2026-10-09 13:02:00,374 INFO  [http-nio-8080-exec-36] c.e.api.PatientController - GET /api/v2/encounters/61118 completed in 132ms user=dr.smith1@clinic.org
2026-10-09 13:02:02,529 INFO  [http-nio-8080-exec-33] c.e.api.PatientController - GET /api/v2/encounters/9426 completed in 48ms user=dr.smith4@clinic.org
2026-10-09 13:02:05,107 INFO  [http-nio-8080-exec-18] c.e.api.PatientController - GET /api/v2/encounters/6188 completed in 66ms user=dr.smith5@clinic.org
2026-10-09 13:02:07,839 INFO  [http-nio-8080-exec-17] c.e.api.PatientController - GET /api/v2/encounters/54208 completed in 58ms user=dr.smith9@clinic.org
2026-10-09 13:02:10,584 INFO  [http-nio-8080-exec-21] c.e.api.PatientController - GET /api/v2/encounters/12725 completed in 91ms user=dr.smith1@clinic.org
2026-10-09 13:02:13,187 INFO  [http-nio-8080-exec-5] c.e.api.PatientController - GET /api/v2/encounters/36248 completed in 24ms user=dr.smith2@clinic.org
2026-10-09 13:02:15,085 INFO  [http-nio-8080-exec-15] c.e.api.PatientController - GET /api/v2/encounters/9732 completed in 87ms user=dr.smith2@clinic.org
2026-10-09 13:02:17,347 INFO  [scheduler-1] c.e.jobs.SyncJob - Sync batch 428 done
2026-10-09 13:02:20,274 INFO  [http-nio-8080-exec-3] c.e.api.PatientController - GET /api/v2/encounters/70063 completed in 81ms user=dr.smith2@clinic.org
2026-10-09 13:02:23,268 INFO  [http-nio-8080-exec-13] c.e.api.PatientController - GET /api/v2/encounters/41893 completed in 180ms user=dr.smith5@clinic.org
2026-10-09 13:02:25,210 INFO  [http-nio-8080-exec-33] c.e.api.PatientController - GET /api/v2/encounters/89100 completed in 65ms user=dr.smith5@clinic.org
2026-10-09 13:02:27,018 INFO  [scheduler-1] c.e.jobs.SyncJob - Sync batch 38 done
2026-10-09 13:02:28,750 INFO  [http-nio-8080-exec-13] c.e.api.PatientController - GET /api/v2/encounters/68401 completed in 141ms user=dr.smith4@clinic.org
2026-10-09 13:02:30,108 INFO  [http-nio-8080-exec-28] c.e.api.PatientController - GET /api/v2/encounters/87050 completed in 146ms user=dr.smith9@clinic.org
2026-10-09 13:02:33,402 INFO  [scheduler-1] c.e.jobs.SyncJob - Sync batch 316 done
2026-10-09 13:02:36,235 INFO  [http-nio-8080-exec-9] c.e.api.PatientController - GET /api/v2/encounters/54044 completed in 108ms user=dr.smith1@clinic.org
2026-10-09 13:02:38,014 INFO  [http-nio-8080-exec-17] c.e.api.PatientController - GET /api/v2/encounters/57458 completed in 61ms user=dr.smith1@clinic.org
2026-10-09 13:02:39,861 INFO  [http-nio-8080-exec-33] c.e.api.PatientController - GET /api/v2/encounters/88889 completed in 92ms user=dr.smith4@clinic.org
2026-10-09 13:02:42,046 INFO  [http-nio-8080-exec-11] c.e.api.PatientController - GET /api/v2/encounters/36263 completed in 134ms user=dr.smith1@clinic.org
2026-10-09 13:02:43,984 INFO  [http-nio-8080-exec-36] c.e.api.PatientController - GET /api/v2/encounters/43406 completed in 82ms user=dr.smith1@clinic.org
2026-10-09 13:02:46,316 INFO  [http-nio-8080-exec-12] c.e.api.PatientController - GET /api/v2/encounters/1140 completed in 105ms user=dr.smith7@clinic.org
2026-10-09 13:02:47,285 INFO  [http-nio-8080-exec-13] c.e.api.PatientController - GET /api/v2/encounters/33529 completed in 149ms user=dr.smith1@clinic.org
2026-10-09 13:02:49,836 INFO  [http-nio-8080-exec-26] c.e.api.PatientController - GET /api/v2/encounters/77913 completed in 30ms user=dr.smith7@clinic.org
2026-10-09 13:02:50,311 INFO  [http-nio-8080-exec-6] c.e.api.PatientController - GET /api/v2/encounters/77753 completed in 155ms user=dr.smith3@clinic.org
2026-10-09 13:02:52,733 INFO  [http-nio-8080-exec-39] c.e.api.PatientController - GET /api/v2/encounters/52054 completed in 103ms user=dr.smith8@clinic.org
2026-10-09 13:02:53,741 INFO  [http-nio-8080-exec-10] c.e.api.PatientController - GET /api/v2/encounters/6739 completed in 151ms user=dr.smith7@clinic.org
2026-10-09 13:02:56,831 INFO  [http-nio-8080-exec-34] c.e.api.PatientController - GET /api/v2/encounters/99679 completed in 149ms user=dr.smith1@clinic.org
2026-10-09 13:02:58,598 INFO  [http-nio-8080-exec-15] c.e.api.PatientController - GET /api/v2/encounters/12153 completed in 27ms user=dr.smith1@clinic.org
2026-10-09 13:03:00,369 INFO  [scheduler-1] c.e.jobs.SyncJob - Sync batch 386 done
2026-10-09 13:03:02,571 INFO  [http-nio-8080-exec-2] c.e.api.PatientController - GET /api/v2/encounters/83080 completed in 156ms user=dr.smith4@clinic.org
2026-10-09 13:03:04,003 INFO  [http-nio-8080-exec-5] c.e.api.PatientController - GET /api/v2/encounters/99076 completed in 148ms user=dr.smith9@clinic.org
2026-10-09 13:03:05,538 INFO  [http-nio-8080-exec-31] c.e.api.PatientController - GET /api/v2/encounters/34055 completed in 39ms user=dr.smith5@clinic.org
2026-10-09 13:03:07,774 INFO  [http-nio-8080-exec-30] c.e.api.PatientController - GET /api/v2/encounters/65742 completed in 117ms user=dr.smith2@clinic.org
2026-10-09 13:03:09,700 INFO  [http-nio-8080-exec-3] c.e.api.PatientController - GET /api/v2/encounters/81868 completed in 70ms user=dr.smith2@clinic.org
2026-10-09 13:03:11,339 INFO  [http-nio-8080-exec-20] c.e.api.PatientController - GET /api/v2/encounters/82415 completed in 165ms user=dr.smith3@clinic.org
2026-10-09 13:03:12,062 INFO  [http-nio-8080-exec-7] c.e.api.PatientController - GET /api/v2/encounters/91726 completed in 75ms user=dr.smith8@clinic.org
2026-10-09 13:03:14,528 INFO  [http-nio-8080-exec-30] c.e.api.PatientController - GET /api/v2/encounters/62124 completed in 50ms user=dr.smith9@clinic.org
2026-10-09 13:03:15,087 WARN  [http-nio-8080-exec-2] c.e.api.ReportService - Slow request /api/v2/reports took 2093ms
2026-10-09 13:03:17,839 INFO  [http-nio-8080-exec-29] c.e.api.PatientController - GET /api/v2/encounters/36213 completed in 119ms user=dr.smith4@clinic.org
2026-10-09 13:03:20,952 INFO  [http-nio-8080-exec-38] c.e.api.PatientController - GET /api/v2/encounters/12836 completed in 56ms user=dr.smith9@clinic.org
2026-10-09 13:03:21,368 INFO  [http-nio-8080-exec-33] c.e.api.PatientController - GET /api/v2/encounters/37643 completed in 48ms user=dr.smith6@clinic.org
2026-10-09 13:03:23,919 WARN  [http-nio-8080-exec-26] c.e.api.ReportService - Slow request /api/v2/reports took 1550ms
2026-10-09 13:03:24,972 INFO  [http-nio-8080-exec-29] c.e.api.PatientController - GET /api/v2/encounters/54139 completed in 97ms user=dr.smith3@clinic.org
2026-10-09 13:03:26,385 INFO  [http-nio-8080-exec-22] c.e.api.PatientController - GET /api/v2/encounters/1228 completed in 103ms user=dr.smith6@clinic.org
2026-10-09 13:03:29,122 WARN  [http-nio-8080-exec-13] c.e.api.ReportService - Slow request /api/v2/reports took 2960ms
2026-10-09 13:03:30,757 INFO  [http-nio-8080-exec-24] c.e.api.PatientController - GET /api/v2/encounters/9516 completed in 120ms user=dr.smith7@clinic.org
2026-10-09 13:03:33,603 INFO  [http-nio-8080-exec-28] c.e.api.PatientController - GET /api/v2/encounters/37065 completed in 32ms user=dr.smith5@clinic.org
2026-10-09 13:03:34,854 INFO  [http-nio-8080-exec-10] c.e.api.PatientController - GET /api/v2/encounters/33679 completed in 88ms user=dr.smith7@clinic.org
2026-10-09 13:03:36,194 INFO  [http-nio-8080-exec-28] c.e.api.PatientController - GET /api/v2/encounters/4802 completed in 122ms user=dr.smith9@clinic.org
2026-10-09 13:03:38,736 INFO  [http-nio-8080-exec-27] c.e.api.PatientController - GET /api/v2/encounters/60095 completed in 177ms user=dr.smith3@clinic.org
2026-10-09 13:03:40,293 INFO  [http-nio-8080-exec-36] c.e.api.PatientController - GET /api/v2/encounters/17686 completed in 63ms user=dr.smith8@clinic.org
2026-10-09 13:03:42,288 INFO  [http-nio-8080-exec-17] c.e.api.PatientController - GET /api/v2/encounters/54242 completed in 81ms user=dr.smith5@clinic.org
2026-10-09 13:03:44,684 INFO  [http-nio-8080-exec-11] c.e.api.PatientController - GET /api/v2/encounters/85306 completed in 61ms user=dr.smith2@clinic.org
2026-10-09 13:03:45,927 INFO  [http-nio-8080-exec-36] c.e.api.PatientController - GET /api/v2/encounters/29839 completed in 135ms user=dr.smith6@clinic.org
2026-10-09 13:03:48,460 INFO  [http-nio-8080-exec-36] c.e.api.PatientController - GET /api/v2/encounters/26219 completed in 82ms user=dr.smith2@clinic.org
2026-10-09 13:03:50,569 INFO  [http-nio-8080-exec-16] c.e.api.PatientController - GET /api/v2/encounters/49274 completed in 86ms user=dr.smith4@clinic.org
2026-10-09 13:03:53,767 WARN  [http-nio-8080-exec-25] c.e.api.ReportService - Slow request /api/v2/reports took 2347ms
2026-10-09 13:03:55,215 INFO  [http-nio-8080-exec-22] c.e.api.PatientController - GET /api/v2/encounters/99580 completed in 35ms user=dr.smith8@clinic.org
2026-10-09 13:03:57,990 INFO  [http-nio-8080-exec-33] c.e.api.PatientController - GET /api/v2/encounters/70366 completed in 75ms user=dr.smith2@clinic.org
2026-10-09 13:03:58,254 INFO  [http-nio-8080-exec-29] c.e.api.PatientController - GET /api/v2/encounters/57601 completed in 99ms user=dr.smith1@clinic.org
2026-10-09 13:03:59,435 INFO  [http-nio-8080-exec-31] c.e.api.PatientController - GET /api/v2/encounters/77962 completed in 145ms user=dr.smith1@clinic.org
2026-10-09 13:04:01,952 WARN  [http-nio-8080-exec-34] c.e.api.ReportService - Slow request /api/v2/reports took 2458ms
2026-10-09 13:04:04,254 INFO  [http-nio-8080-exec-15] c.e.api.PatientController - GET /api/v2/encounters/21234 completed in 58ms user=dr.smith9@clinic.org
2026-10-09 13:04:06,111 WARN  [http-nio-8080-exec-30] c.e.api.ReportService - Slow request /api/v2/reports took 1674ms
2026-10-09 13:04:09,040 INFO  [http-nio-8080-exec-9] c.e.api.PatientController - GET /api/v2/encounters/31484 completed in 165ms user=dr.smith1@clinic.org
2026-10-09 13:04:11,311 INFO  [scheduler-1] c.e.jobs.SyncJob - Sync batch 642 done
2026-10-09 13:04:12,651 INFO  [http-nio-8080-exec-8] c.e.api.PatientController - GET /api/v2/encounters/14034 completed in 38ms user=dr.smith5@clinic.org
2026-10-09 13:04:14,596 INFO  [http-nio-8080-exec-17] c.e.api.PatientController - GET /api/v2/encounters/30305 completed in 173ms user=dr.smith1@clinic.org
2026-10-09 13:04:15,308 INFO  [scheduler-1] c.e.jobs.SyncJob - Sync batch 286 done
2026-10-09 13:04:18,660 INFO  [http-nio-8080-exec-16] c.e.api.PatientController - GET /api/v2/encounters/63299 completed in 154ms user=dr.smith4@clinic.org
2026-10-09 13:04:20,029 INFO  [scheduler-1] c.e.jobs.SyncJob - Sync batch 722 done
2026-10-09 13:04:23,056 INFO  [http-nio-8080-exec-32] c.e.api.PatientController - GET /api/v2/encounters/89403 completed in 127ms user=dr.smith2@clinic.org
2026-10-09 13:04:24,683 INFO  [http-nio-8080-exec-24] c.e.api.PatientController - GET /api/v2/encounters/30725 completed in 146ms user=dr.smith1@clinic.org
2026-10-09 13:04:27,735 INFO  [http-nio-8080-exec-26] c.e.api.PatientController - GET /api/v2/encounters/26962 completed in 21ms user=dr.smith5@clinic.org
2026-10-09 13:04:29,516 INFO  [http-nio-8080-exec-32] c.e.api.PatientController - GET /api/v2/encounters/27268 completed in 99ms user=dr.smith4@clinic.org
2026-10-09 13:04:31,226 INFO  [http-nio-8080-exec-19] c.e.api.PatientController - GET /api/v2/encounters/15287 completed in 179ms user=dr.smith8@clinic.org
2026-10-09 13:04:33,917 INFO  [http-nio-8080-exec-27] c.e.api.PatientController - GET /api/v2/encounters/88201 completed in 34ms user=dr.smith3@clinic.org
2026-10-09 13:04:36,055 INFO  [http-nio-8080-exec-39] c.e.api.PatientController - GET /api/v2/encounters/19600 completed in 126ms user=dr.smith1@clinic.org
2026-10-09 13:04:38,188 INFO  [http-nio-8080-exec-21] c.e.api.PatientController - GET /api/v2/encounters/97039 completed in 48ms user=dr.smith2@clinic.org
2026-10-09 13:04:41,337 INFO  [http-nio-8080-exec-34] c.e.api.PatientController - GET /api/v2/encounters/98820 completed in 139ms user=dr.smith1@clinic.org
2026-10-09 13:04:43,742 INFO  [http-nio-8080-exec-24] c.e.api.PatientController - GET /api/v2/encounters/44476 completed in 133ms user=dr.smith3@clinic.org
2026-10-09 13:04:44,080 INFO  [http-nio-8080-exec-23] c.e.api.PatientController - GET /api/v2/encounters/56074 completed in 51ms user=dr.smith9@clinic.org
2026-10-09 13:04:47,212 INFO  [http-nio-8080-exec-20] c.e.api.PatientController - GET /api/v2/encounters/57681 completed in 42ms user=dr.smith1@clinic.org
2026-10-09 13:04:49,200 INFO  [http-nio-8080-exec-29] c.e.api.PatientController - GET /api/v2/encounters/26300 completed in 102ms user=dr.smith6@clinic.org
2026-10-09 13:04:52,485 INFO  [http-nio-8080-exec-27] c.e.api.PatientController - GET /api/v2/encounters/33507 completed in 180ms user=dr.smith7@clinic.org
2026-10-09 13:04:53,035 INFO  [http-nio-8080-exec-4] c.e.api.PatientController - GET /api/v2/encounters/34687 completed in 69ms user=dr.smith2@clinic.org
2026-10-09 13:04:55,347 INFO  [http-nio-8080-exec-22] c.e.api.PatientController - GET /api/v2/encounters/81868 completed in 31ms user=dr.smith5@clinic.org
2026-10-09 13:04:58,706 INFO  [http-nio-8080-exec-18] c.e.api.PatientController - GET /api/v2/encounters/39981 completed in 20ms user=dr.smith2@clinic.org
2026-10-09 13:04:59,239 INFO  [http-nio-8080-exec-30] c.e.api.PatientController - GET /api/v2/encounters/51661 completed in 84ms user=dr.smith7@clinic.org
2026-10-09 13:05:02,135 WARN  [http-nio-8080-exec-12] c.e.api.ReportService - Slow request /api/v2/reports took 1517ms
2026-10-09 13:05:04,756 INFO  [http-nio-8080-exec-10] c.e.api.PatientController - GET /api/v2/encounters/80594 completed in 80ms user=dr.smith6@clinic.org
2026-10-09 13:05:07,471 INFO  [http-nio-8080-exec-39] c.e.api.PatientController - GET /api/v2/encounters/11356 completed in 151ms user=dr.smith4@clinic.org
2026-10-09 13:05:09,163 INFO  [http-nio-8080-exec-5] c.e.api.PatientController - GET /api/v2/encounters/86137 completed in 28ms user=dr.smith8@clinic.org
2026-10-09 13:05:11,333 INFO  [http-nio-8080-exec-28] c.e.api.PatientController - GET /api/v2/encounters/14791 completed in 38ms user=dr.smith5@clinic.org
2026-10-09 13:05:13,213 INFO  [http-nio-8080-exec-32] c.e.api.PatientController - GET /api/v2/encounters/94031 completed in 134ms user=dr.smith3@clinic.org
2026-10-09 13:05:15,426 INFO  [http-nio-8080-exec-16] c.e.api.PatientController - GET /api/v2/encounters/99038 completed in 157ms user=dr.smith2@clinic.org
2026-10-09 13:05:17,300 INFO  [http-nio-8080-exec-37] c.e.api.PatientController - GET /api/v2/encounters/36083 completed in 115ms user=dr.smith5@clinic.org
2026-10-09 13:05:20,203 INFO  [http-nio-8080-exec-12] c.e.api.PatientController - GET /api/v2/encounters/33157 completed in 80ms user=dr.smith3@clinic.org
2026-10-09 13:05:21,929 INFO  [http-nio-8080-exec-21] c.e.api.PatientController - GET /api/v2/encounters/9494 completed in 121ms user=dr.smith5@clinic.org
2026-10-09 13:05:24,519 INFO  [http-nio-8080-exec-7] c.e.api.PatientController - GET /api/v2/encounters/86632 completed in 138ms user=dr.smith1@clinic.org
2026-10-09 13:05:25,486 WARN  [http-nio-8080-exec-15] c.e.api.ReportService - Slow request /api/v2/reports took 2418ms
2026-10-09 13:05:28,041 WARN  [http-nio-8080-exec-15] c.e.api.ReportService - Slow request /api/v2/reports took 1744ms
2026-10-09 13:05:29,614 INFO  [scheduler-1] c.e.jobs.SyncJob - Sync batch 598 done
2026-10-09 13:05:31,076 INFO  [http-nio-8080-exec-12] c.e.api.PatientController - GET /api/v2/encounters/59866 completed in 174ms user=dr.smith5@clinic.org
2026-10-09 13:05:33,680 WARN  [http-nio-8080-exec-7] c.e.api.ReportService - Slow request /api/v2/reports took 2805ms
2026-10-09 13:05:35,634 INFO  [http-nio-8080-exec-3] c.e.api.PatientController - GET /api/v2/encounters/49327 completed in 107ms user=dr.smith3@clinic.org
2026-10-09 13:05:37,261 INFO  [http-nio-8080-exec-14] c.e.api.PatientController - GET /api/v2/encounters/2491 completed in 103ms user=dr.smith7@clinic.org
2026-10-09 13:05:39,189 INFO  [http-nio-8080-exec-5] c.e.api.PatientController - GET /api/v2/encounters/27661 completed in 28ms user=dr.smith8@clinic.org
2026-10-09 13:05:41,064 INFO  [http-nio-8080-exec-26] c.e.api.PatientController - GET /api/v2/encounters/88035 completed in 160ms user=dr.smith3@clinic.org
2026-10-09 13:05:43,093 INFO  [http-nio-8080-exec-26] c.e.api.PatientController - GET /api/v2/encounters/92148 completed in 89ms user=dr.smith7@clinic.org
2026-10-09 13:05:46,683 INFO  [http-nio-8080-exec-4] c.e.api.PatientController - GET /api/v2/encounters/41941 completed in 165ms user=dr.smith6@clinic.org
2026-10-09 13:05:48,018 WARN  [http-nio-8080-exec-24] c.e.api.ReportService - Slow request /api/v2/reports took 2819ms
2026-10-09 13:05:49,745 INFO  [http-nio-8080-exec-1] c.e.api.PatientController - GET /api/v2/encounters/57906 completed in 60ms user=dr.smith7@clinic.org
2026-10-09 13:05:51,092 INFO  [http-nio-8080-exec-24] c.e.api.PatientController - GET /api/v2/encounters/61411 completed in 61ms user=dr.smith3@clinic.org
2026-10-09 13:05:52,564 INFO  [http-nio-8080-exec-26] c.e.api.PatientController - GET /api/v2/encounters/12669 completed in 166ms user=dr.smith6@clinic.org
2026-10-09 13:05:54,175 INFO  [http-nio-8080-exec-19] c.e.api.PatientController - GET /api/v2/encounters/22209 completed in 153ms user=dr.smith3@clinic.org
2026-10-09 13:05:57,111 INFO  [http-nio-8080-exec-13] c.e.api.PatientController - GET /api/v2/encounters/40533 completed in 52ms user=dr.smith1@clinic.org
2026-10-09 13:06:00,494 INFO  [http-nio-8080-exec-39] c.e.api.PatientController - GET /api/v2/encounters/84409 completed in 119ms user=dr.smith2@clinic.org
2026-10-09 13:06:03,635 INFO  [http-nio-8080-exec-11] c.e.api.PatientController - GET /api/v2/encounters/84928 completed in 76ms user=dr.smith7@clinic.org
2026-10-09 13:06:05,200 INFO  [http-nio-8080-exec-12] c.e.api.PatientController - GET /api/v2/encounters/75111 completed in 75ms user=dr.smith1@clinic.org
2026-10-09 13:06:07,530 INFO  [http-nio-8080-exec-23] c.e.api.PatientController - GET /api/v2/encounters/17129 completed in 58ms user=dr.smith4@clinic.org
2026-10-09 13:06:10,835 WARN  [http-nio-8080-exec-3] c.e.api.ReportService - Slow request /api/v2/reports took 2651ms
2026-10-09 13:06:12,688 INFO  [http-nio-8080-exec-21] c.e.api.PatientController - GET /api/v2/encounters/16431 completed in 119ms user=dr.smith8@clinic.org
2026-10-09 13:06:15,642 INFO  [http-nio-8080-exec-27] c.e.api.PatientController - GET /api/v2/encounters/41397 completed in 169ms user=dr.smith4@clinic.org
2026-10-09 13:06:16,674 INFO  [http-nio-8080-exec-33] c.e.api.PatientController - GET /api/v2/encounters/58455 completed in 65ms user=dr.smith1@clinic.org
2026-10-09 13:06:17,501 INFO  [http-nio-8080-exec-29] c.e.api.PatientController - GET /api/v2/encounters/82077 completed in 137ms user=dr.smith3@clinic.org
2026-10-09 13:06:20,409 INFO  [http-nio-8080-exec-9] c.e.api.PatientController - GET /api/v2/encounters/47999 completed in 130ms user=dr.smith6@clinic.org
2026-10-09 13:06:21,452 INFO  [http-nio-8080-exec-3] c.e.api.PatientController - GET /api/v2/encounters/6328 completed in 53ms user=dr.smith2@clinic.org
2026-10-09 13:06:24,321 INFO  [http-nio-8080-exec-33] c.e.api.PatientController - GET /api/v2/encounters/11481 completed in 33ms user=dr.smith9@clinic.org
2026-10-09 13:06:27,668 INFO  [scheduler-1] c.e.jobs.SyncJob - Sync batch 140 done
2026-10-09 13:06:28,067 INFO  [scheduler-1] c.e.jobs.SyncJob - Sync batch 750 done
2026-10-09 13:06:30,112 INFO  [http-nio-8080-exec-32] c.e.api.PatientController - GET /api/v2/encounters/38733 completed in 62ms user=dr.smith4@clinic.org
2026-10-09 13:06:31,359 INFO  [http-nio-8080-exec-17] c.e.api.PatientController - GET /api/v2/encounters/21809 completed in 102ms user=dr.smith5@clinic.org
2026-10-09 13:06:34,467 INFO  [http-nio-8080-exec-33] c.e.api.PatientController - GET /api/v2/encounters/63928 completed in 73ms user=dr.smith5@clinic.org
2026-10-09 13:06:36,243 INFO  [http-nio-8080-exec-3] c.e.api.PatientController - GET /api/v2/encounters/27075 completed in 66ms user=dr.smith7@clinic.org
2026-10-09 13:06:38,958 INFO  [http-nio-8080-exec-21] c.e.api.PatientController - GET /api/v2/encounters/50393 completed in 63ms user=dr.smith5@clinic.org
2026-10-09 13:06:39,543 INFO  [http-nio-8080-exec-24] c.e.api.PatientController - GET /api/v2/encounters/60380 completed in 162ms user=dr.smith9@clinic.org
2026-10-09 13:06:41,903 WARN  [http-nio-8080-exec-17] c.e.api.ReportService - Slow request /api/v2/reports took 2597ms
2026-10-09 13:06:43,403 INFO  [http-nio-8080-exec-24] c.e.api.PatientController - GET /api/v2/encounters/35701 completed in 116ms user=dr.smith6@clinic.org
2026-10-09 13:06:46,368 INFO  [http-nio-8080-exec-6] c.e.api.PatientController - GET /api/v2/encounters/58970 completed in 78ms user=dr.smith3@clinic.org
2026-10-09 13:06:48,980 INFO  [http-nio-8080-exec-34] c.e.api.PatientController - GET /api/v2/encounters/34246 completed in 99ms user=dr.smith6@clinic.org
2026-10-09 13:06:50,765 INFO  [http-nio-8080-exec-10] c.e.api.PatientController - GET /api/v2/encounters/39138 completed in 177ms user=dr.smith7@clinic.org
2026-10-09 13:06:52,372 WARN  [http-nio-8080-exec-9] c.e.api.ReportService - Slow request /api/v2/reports took 2500ms
2026-10-09 13:06:54,668 INFO  [http-nio-8080-exec-4] c.e.api.PatientController - GET /api/v2/encounters/1342 completed in 165ms user=dr.smith6@clinic.org
2026-10-09 13:06:55,535 INFO  [http-nio-8080-exec-15] c.e.api.PatientController - GET /api/v2/encounters/55163 completed in 169ms user=dr.smith5@clinic.org
2026-10-09 13:06:57,209 INFO  [http-nio-8080-exec-31] c.e.api.PatientController - GET /api/v2/encounters/21791 completed in 54ms user=dr.smith1@clinic.org
2026-10-09 13:07:00,249 INFO  [http-nio-8080-exec-29] c.e.api.PatientController - GET /api/v2/encounters/13557 completed in 36ms user=dr.smith3@clinic.org
2026-10-09 13:07:03,800 INFO  [http-nio-8080-exec-17] c.e.api.PatientController - GET /api/v2/encounters/2506 completed in 34ms user=dr.smith9@clinic.org
2026-10-09 13:07:06,608 INFO  [http-nio-8080-exec-29] c.e.api.PatientController - GET /api/v2/encounters/79889 completed in 152ms user=dr.smith8@clinic.org
2026-10-09 13:07:07,925 INFO  [http-nio-8080-exec-4] c.e.api.PatientController - GET /api/v2/encounters/70668 completed in 26ms user=dr.smith7@clinic.org
2026-10-09 13:07:09,163 INFO  [http-nio-8080-exec-7] c.e.api.PatientController - GET /api/v2/encounters/2618 completed in 176ms user=dr.smith9@clinic.org
2026-10-09 13:07:11,201 INFO  [http-nio-8080-exec-13] c.e.api.PatientController - GET /api/v2/encounters/68929 completed in 175ms user=dr.smith9@clinic.org
2026-10-09 13:07:13,425 INFO  [http-nio-8080-exec-12] c.e.api.PatientController - GET /api/v2/encounters/67660 completed in 99ms user=dr.smith2@clinic.org
2026-10-09 13:07:15,049 INFO  [scheduler-1] c.e.jobs.SyncJob - Sync batch 742 done
2026-10-09 13:07:17,732 INFO  [http-nio-8080-exec-25] c.e.api.PatientController - GET /api/v2/encounters/58232 completed in 139ms user=dr.smith2@clinic.org
2026-10-09 13:07:20,463 INFO  [http-nio-8080-exec-7] c.e.api.PatientController - GET /api/v2/encounters/35265 completed in 79ms user=dr.smith1@clinic.org
2026-10-09 13:07:21,912 INFO  [http-nio-8080-exec-17] c.e.api.PatientController - GET /api/v2/encounters/94281 completed in 33ms user=dr.smith5@clinic.org
2026-10-09 13:07:23,695 INFO  [http-nio-8080-exec-34] c.e.api.PatientController - GET /api/v2/encounters/35772 completed in 95ms user=dr.smith4@clinic.org
2026-10-09 13:07:25,519 INFO  [http-nio-8080-exec-17] c.e.api.PatientController - GET /api/v2/encounters/31947 completed in 71ms user=dr.smith3@clinic.org
2026-10-09 13:07:27,334 INFO  [http-nio-8080-exec-25] c.e.api.PatientController - GET /api/v2/encounters/44064 completed in 173ms user=dr.smith4@clinic.org
2026-10-09 13:07:29,872 INFO  [http-nio-8080-exec-35] c.e.api.PatientController - GET /api/v2/encounters/62537 completed in 140ms user=dr.smith9@clinic.org
2026-10-09 13:07:31,878 INFO  [http-nio-8080-exec-15] c.e.api.PatientController - GET /api/v2/encounters/75755 completed in 98ms user=dr.smith4@clinic.org
2026-10-09 13:07:33,599 INFO  [http-nio-8080-exec-11] c.e.api.PatientController - GET /api/v2/encounters/19952 completed in 28ms user=dr.smith1@clinic.org
2026-10-09 13:07:34,636 WARN  [http-nio-8080-exec-23] c.e.api.ReportService - Slow request /api/v2/reports took 1790ms
2026-10-09 13:07:37,031 INFO  [http-nio-8080-exec-3] c.e.api.PatientController - GET /api/v2/encounters/92358 completed in 37ms user=dr.smith1@clinic.org
2026-10-09 13:07:38,604 INFO  [http-nio-8080-exec-13] c.e.api.PatientController - GET /api/v2/encounters/70978 completed in 36ms user=dr.smith7@clinic.org
2026-10-09 13:07:39,210 INFO  [http-nio-8080-exec-3] c.e.api.PatientController - GET /api/v2/encounters/5512 completed in 42ms user=dr.smith5@clinic.org
2026-10-09 13:07:41,135 INFO  [http-nio-8080-exec-14] c.e.api.PatientController - GET /api/v2/encounters/39595 completed in 101ms user=dr.smith6@clinic.org
2026-10-09 13:07:43,021 INFO  [http-nio-8080-exec-19] c.e.api.PatientController - GET /api/v2/encounters/7344 completed in 114ms user=dr.smith6@clinic.org
2026-10-09 13:07:45,616 INFO  [http-nio-8080-exec-19] c.e.api.PatientController - GET /api/v2/encounters/82038 completed in 27ms user=dr.smith7@clinic.org
2026-10-09 13:07:46,531 INFO  [http-nio-8080-exec-23] c.e.api.PatientController - GET /api/v2/encounters/62465 completed in 32ms user=dr.smith9@clinic.org
2026-10-09 13:07:49,731 WARN  [http-nio-8080-exec-6] c.e.api.ReportService - Slow request /api/v2/reports took 2676ms
2026-10-09 13:07:51,174 INFO  [http-nio-8080-exec-34] c.e.api.PatientController - GET /api/v2/encounters/27481 completed in 93ms user=dr.smith1@clinic.org
2026-10-09 13:07:52,502 INFO  [http-nio-8080-exec-12] c.e.api.PatientController - GET /api/v2/encounters/65825 completed in 171ms user=dr.smith6@clinic.org
2026-10-09 13:07:55,527 INFO  [http-nio-8080-exec-11] c.e.api.PatientController - GET /api/v2/encounters/38189 completed in 74ms user=dr.smith4@clinic.org
2026-10-09 13:07:57,112 WARN  [http-nio-8080-exec-6] c.e.api.ReportService - Slow request /api/v2/reports took 2504ms
2026-10-09 13:08:00,713 INFO  [http-nio-8080-exec-7] c.e.api.PatientController - GET /api/v2/encounters/83304 completed in 103ms user=dr.smith6@clinic.org
2026-10-09 13:08:01,950 INFO  [http-nio-8080-exec-6] c.e.api.PatientController - GET /api/v2/encounters/56329 completed in 26ms user=dr.smith6@clinic.org
2026-10-09 13:08:02,269 INFO  [http-nio-8080-exec-35] c.e.api.PatientController - GET /api/v2/encounters/66691 completed in 63ms user=dr.smith7@clinic.org
2026-10-09 13:08:05,645 INFO  [http-nio-8080-exec-30] c.e.api.PatientController - GET /api/v2/encounters/17630 completed in 156ms user=dr.smith1@clinic.org
2026-10-09 13:08:07,334 INFO  [http-nio-8080-exec-29] c.e.api.PatientController - GET /api/v2/encounters/87782 completed in 161ms user=dr.smith6@clinic.org
2026-10-09 13:08:08,449 INFO  [http-nio-8080-exec-17] c.e.api.PatientController - GET /api/v2/encounters/76912 completed in 79ms user=dr.smith3@clinic.org
2026-10-09 13:08:10,658 WARN  [http-nio-8080-exec-16] c.e.api.ReportService - Slow request /api/v2/reports took 2539ms
2026-10-09 13:08:11,308 INFO  [http-nio-8080-exec-40] c.e.api.PatientController - GET /api/v2/encounters/21262 completed in 59ms user=dr.smith4@clinic.org
2026-10-09 13:08:14,617 INFO  [http-nio-8080-exec-11] c.e.api.PatientController - GET /api/v2/encounters/31960 completed in 103ms user=dr.smith4@clinic.org
2026-10-09 13:08:15,977 INFO  [http-nio-8080-exec-7] c.e.api.PatientController - GET /api/v2/encounters/22574 completed in 46ms user=dr.smith4@clinic.org
2026-10-09 13:08:17,151 INFO  [http-nio-8080-exec-20] c.e.api.PatientController - GET /api/v2/encounters/58006 completed in 90ms user=dr.smith4@clinic.org
2026-10-09 13:08:18,933 INFO  [http-nio-8080-exec-14] c.e.api.PatientController - GET /api/v2/encounters/51900 completed in 138ms user=dr.smith1@clinic.org
2026-10-09 13:08:19,874 INFO  [http-nio-8080-exec-15] c.e.api.PatientController - GET /api/v2/encounters/66599 completed in 95ms user=dr.smith8@clinic.org
2026-10-09 13:08:20,263 INFO  [http-nio-8080-exec-26] c.e.api.PatientController - GET /api/v2/encounters/1723 completed in 82ms user=dr.smith7@clinic.org
2026-10-09 13:08:23,601 INFO  [http-nio-8080-exec-27] c.e.api.PatientController - GET /api/v2/encounters/30958 completed in 169ms user=dr.smith4@clinic.org
2026-10-09 13:08:25,656 INFO  [http-nio-8080-exec-28] c.e.api.PatientController - GET /api/v2/encounters/42027 completed in 86ms user=dr.smith2@clinic.org
2026-10-09 13:08:28,248 INFO  [http-nio-8080-exec-11] c.e.api.PatientController - GET /api/v2/encounters/33775 completed in 128ms user=dr.smith8@clinic.org
2026-10-09 13:08:30,636 WARN  [http-nio-8080-exec-34] c.e.api.ReportService - Slow request /api/v2/reports took 2882ms
2026-10-09 13:08:32,893 INFO  [http-nio-8080-exec-21] c.e.api.PatientController - GET /api/v2/encounters/2393 completed in 119ms user=dr.smith8@clinic.org
2026-10-09 13:08:35,108 INFO  [http-nio-8080-exec-35] c.e.api.PatientController - GET /api/v2/encounters/29558 completed in 61ms user=dr.smith4@clinic.org
2026-10-09 13:08:37,103 INFO  [http-nio-8080-exec-30] c.e.api.PatientController - GET /api/v2/encounters/71914 completed in 72ms user=dr.smith8@clinic.org
2026-10-09 13:08:39,654 INFO  [http-nio-8080-exec-24] c.e.api.PatientController - GET /api/v2/encounters/69378 completed in 107ms user=dr.smith7@clinic.org
2026-10-09 13:08:41,467 INFO  [http-nio-8080-exec-12] c.e.api.PatientController - GET /api/v2/encounters/52444 completed in 151ms user=dr.smith2@clinic.org
2026-10-09 13:08:44,628 INFO  [http-nio-8080-exec-4] c.e.api.PatientController - GET /api/v2/encounters/34090 completed in 90ms user=dr.smith7@clinic.org
2026-10-09 13:08:46,013 INFO  [http-nio-8080-exec-27] c.e.api.PatientController - GET /api/v2/encounters/83387 completed in 110ms user=dr.smith5@clinic.org
2026-10-09 13:08:47,310 INFO  [http-nio-8080-exec-34] c.e.api.PatientController - GET /api/v2/encounters/29693 completed in 120ms user=dr.smith8@clinic.org
2026-10-09 13:08:48,132 WARN  [http-nio-8080-exec-5] c.e.api.ReportService - Slow request /api/v2/reports took 2799ms
2026-10-09 13:08:50,657 INFO  [http-nio-8080-exec-15] c.e.api.PatientController - GET /api/v2/encounters/20171 completed in 110ms user=dr.smith7@clinic.org
2026-10-09 13:08:52,301 INFO  [http-nio-8080-exec-9] c.e.api.PatientController - GET /api/v2/encounters/62525 completed in 110ms user=dr.smith4@clinic.org
2026-10-09 13:08:53,385 INFO  [http-nio-8080-exec-28] c.e.api.PatientController - GET /api/v2/encounters/89974 completed in 67ms user=dr.smith8@clinic.org
2026-10-09 13:08:54,739 INFO  [http-nio-8080-exec-23] c.e.api.PatientController - GET /api/v2/encounters/33108 completed in 97ms user=dr.smith6@clinic.org
2026-10-09 13:08:56,438 INFO  [http-nio-8080-exec-6] c.e.api.PatientController - GET /api/v2/encounters/87411 completed in 112ms user=dr.smith3@clinic.org
2026-10-09 13:08:59,874 INFO  [http-nio-8080-exec-6] c.e.api.PatientController - GET /api/v2/encounters/75001 completed in 103ms user=dr.smith3@clinic.org
2026-10-09 13:09:01,353 INFO  [http-nio-8080-exec-1] c.e.api.PatientController - GET /api/v2/encounters/87154 completed in 22ms user=dr.smith4@clinic.org
2026-10-09 13:09:04,671 INFO  [http-nio-8080-exec-39] c.e.api.PatientController - GET /api/v2/encounters/14305 completed in 168ms user=dr.smith3@clinic.org
2026-10-09 13:09:07,190 INFO  [http-nio-8080-exec-23] c.e.api.PatientController - GET /api/v2/encounters/21011 completed in 73ms user=dr.smith7@clinic.org
2026-10-09 13:09:09,171 INFO  [http-nio-8080-exec-39] c.e.api.PatientController - GET /api/v2/encounters/12849 completed in 160ms user=dr.smith5@clinic.org
2026-10-09 13:09:11,709 INFO  [http-nio-8080-exec-6] c.e.api.PatientController - GET /api/v2/encounters/98243 completed in 132ms user=dr.smith2@clinic.org
2026-10-09 13:09:13,270 INFO  [http-nio-8080-exec-9] c.e.api.PatientController - GET /api/v2/encounters/63028 completed in 146ms user=dr.smith9@clinic.org
2026-10-09 13:09:14,478 WARN  [http-nio-8080-exec-32] c.e.api.ReportService - Slow request /api/v2/reports took 2004ms
2026-10-09 13:09:16,552 INFO  [http-nio-8080-exec-1] c.e.api.PatientController - GET /api/v2/encounters/22018 completed in 102ms user=dr.smith8@clinic.org
2026-10-09 13:09:18,509 INFO  [http-nio-8080-exec-30] c.e.api.PatientController - GET /api/v2/encounters/50146 completed in 129ms user=dr.smith7@clinic.org
2026-10-09 13:09:21,692 INFO  [http-nio-8080-exec-24] c.e.api.PatientController - GET /api/v2/encounters/84378 completed in 27ms user=dr.smith1@clinic.org
2026-10-09 13:09:24,698 INFO  [http-nio-8080-exec-22] c.e.api.PatientController - GET /api/v2/encounters/13317 completed in 150ms user=dr.smith8@clinic.org
2026-10-09 13:09:25,919 INFO  [http-nio-8080-exec-14] c.e.api.PatientController - GET /api/v2/encounters/95133 completed in 126ms user=dr.smith3@clinic.org
2026-10-09 13:09:27,882 INFO  [http-nio-8080-exec-22] c.e.api.PatientController - GET /api/v2/encounters/63198 completed in 154ms user=dr.smith9@clinic.org
2026-10-09 13:09:30,215 INFO  [http-nio-8080-exec-22] c.e.api.PatientController - GET /api/v2/encounters/56363 completed in 84ms user=dr.smith9@clinic.org
2026-10-09 13:09:31,296 INFO  [http-nio-8080-exec-32] c.e.api.PatientController - GET /api/v2/encounters/53917 completed in 105ms user=dr.smith9@clinic.org
2026-10-09 13:09:34,893 INFO  [http-nio-8080-exec-14] c.e.api.PatientController - GET /api/v2/encounters/86794 completed in 146ms user=dr.smith2@clinic.org
2026-10-09 13:09:35,324 INFO  [http-nio-8080-exec-9] c.e.api.PatientController - GET /api/v2/encounters/77867 completed in 42ms user=dr.smith1@clinic.org
2026-10-09 13:09:37,567 WARN  [http-nio-8080-exec-35] c.e.api.ReportService - Slow request /api/v2/reports took 2675ms
2026-10-09 13:09:38,307 INFO  [http-nio-8080-exec-3] c.e.api.PatientController - GET /api/v2/encounters/25895 completed in 141ms user=dr.smith1@clinic.org
2026-10-09 13:09:41,931 INFO  [http-nio-8080-exec-25] c.e.api.PatientController - GET /api/v2/encounters/81831 completed in 57ms user=dr.smith2@clinic.org
2026-10-09 13:09:42,683 INFO  [http-nio-8080-exec-12] c.e.api.PatientController - GET /api/v2/encounters/14285 completed in 66ms user=dr.smith1@clinic.org
2026-10-09 13:09:44,103 WARN  [http-nio-8080-exec-1] c.e.api.ReportService - Slow request /api/v2/reports took 2255ms
2026-10-09 13:09:47,142 INFO  [http-nio-8080-exec-36] c.e.api.PatientController - GET /api/v2/encounters/94078 completed in 86ms user=dr.smith5@clinic.org
2026-10-09 13:09:48,035 INFO  [http-nio-8080-exec-28] c.e.api.PatientController - GET /api/v2/encounters/75230 completed in 168ms user=dr.smith1@clinic.org
2026-10-09 13:09:50,534 INFO  [http-nio-8080-exec-8] c.e.api.PatientController - GET /api/v2/encounters/56190 completed in 167ms user=dr.smith7@clinic.org
2026-10-09 13:09:52,014 INFO  [http-nio-8080-exec-39] c.e.api.PatientController - GET /api/v2/encounters/78590 completed in 59ms user=dr.smith8@clinic.org
2026-10-09 13:09:55,561 INFO  [http-nio-8080-exec-31] c.e.api.PatientController - GET /api/v2/encounters/28823 completed in 58ms user=dr.smith1@clinic.org
2026-10-09 13:09:57,009 INFO  [http-nio-8080-exec-8] c.e.api.PatientController - GET /api/v2/encounters/12552 completed in 75ms user=dr.smith2@clinic.org
2026-10-09 13:09:58,018 INFO  [http-nio-8080-exec-37] c.e.api.PatientController - GET /api/v2/encounters/32754 completed in 135ms user=dr.smith3@clinic.org
2026-10-09 13:10:01,374 INFO  [http-nio-8080-exec-10] c.e.api.PatientController - GET /api/v2/encounters/96646 completed in 41ms user=dr.smith5@clinic.org
2026-10-09 13:10:03,726 INFO  [http-nio-8080-exec-17] c.e.api.PatientController - GET /api/v2/encounters/7902 completed in 28ms user=dr.smith1@clinic.org
2026-10-09 13:10:04,904 INFO  [http-nio-8080-exec-40] c.e.api.PatientController - GET /api/v2/encounters/11443 completed in 119ms user=dr.smith5@clinic.org
2026-10-09 13:10:06,614 INFO  [http-nio-8080-exec-32] c.e.api.PatientController - GET /api/v2/encounters/80816 completed in 35ms user=dr.smith6@clinic.org
2026-10-09 13:10:07,588 INFO  [http-nio-8080-exec-31] c.e.api.PatientController - GET /api/v2/encounters/89719 completed in 62ms user=dr.smith3@clinic.org
2026-10-09 13:10:10,119 INFO  [http-nio-8080-exec-11] c.e.api.PatientController - GET /api/v2/encounters/83536 completed in 126ms user=dr.smith8@clinic.org
2026-10-09 13:10:12,805 INFO  [http-nio-8080-exec-18] c.e.api.PatientController - GET /api/v2/encounters/99929 completed in 165ms user=dr.smith6@clinic.org
2026-10-09 13:10:14,062 INFO  [http-nio-8080-exec-39] c.e.api.PatientController - GET /api/v2/encounters/44521 completed in 175ms user=dr.smith1@clinic.org
2026-10-09 13:10:16,615 INFO  [http-nio-8080-exec-38] c.e.api.PatientController - GET /api/v2/encounters/57172 completed in 83ms user=dr.smith7@clinic.org
2026-10-09 13:10:18,385 INFO  [http-nio-8080-exec-15] c.e.api.PatientController - GET /api/v2/encounters/60148 completed in 92ms user=dr.smith1@clinic.org
2026-10-09 13:10:20,274 INFO  [http-nio-8080-exec-38] c.e.api.PatientController - GET /api/v2/encounters/6543 completed in 93ms user=dr.smith3@clinic.org
2026-10-09 13:10:22,888 INFO  [scheduler-1] c.e.jobs.SyncJob - Sync batch 151 done
2026-10-09 13:10:24,871 INFO  [http-nio-8080-exec-36] c.e.api.PatientController - GET /api/v2/encounters/90736 completed in 147ms user=dr.smith6@clinic.org
2026-10-09 13:10:26,552 INFO  [http-nio-8080-exec-25] c.e.api.PatientController - GET /api/v2/encounters/27270 completed in 79ms user=dr.smith5@clinic.org
2026-10-09 13:10:28,693 INFO  [http-nio-8080-exec-14] c.e.api.PatientController - GET /api/v2/encounters/34388 completed in 170ms user=dr.smith1@clinic.org
2026-10-09 13:10:31,470 INFO  [http-nio-8080-exec-35] c.e.api.PatientController - GET /api/v2/encounters/47544 completed in 36ms user=dr.smith4@clinic.org
2026-10-09 13:10:33,533 WARN  [http-nio-8080-exec-34] c.e.api.ReportService - Slow request /api/v2/reports took 2157ms
2026-10-09 13:10:35,603 INFO  [http-nio-8080-exec-14] c.e.api.PatientController - GET /api/v2/encounters/26206 completed in 43ms user=dr.smith3@clinic.org
2026-10-09 13:10:37,296 INFO  [http-nio-8080-exec-37] c.e.api.PatientController - GET /api/v2/encounters/48040 completed in 123ms user=dr.smith9@clinic.org
2026-10-09 13:10:40,252 INFO  [http-nio-8080-exec-32] c.e.api.PatientController - GET /api/v2/encounters/50026 completed in 47ms user=dr.smith6@clinic.org
2026-10-09 13:10:42,806 INFO  [http-nio-8080-exec-21] c.e.api.PatientController - GET /api/v2/encounters/79277 completed in 27ms user=dr.smith6@clinic.org
2026-10-09 13:10:44,621 INFO  [http-nio-8080-exec-3] c.e.api.PatientController - GET /api/v2/encounters/27823 completed in 164ms user=dr.smith8@clinic.org
2026-10-09 13:10:46,218 INFO  [http-nio-8080-exec-18] c.e.api.PatientController - GET /api/v2/encounters/56830 completed in 44ms user=dr.smith8@clinic.org
2026-10-09 13:10:48,838 INFO  [http-nio-8080-exec-9] c.e.api.PatientController - GET /api/v2/encounters/34291 completed in 29ms user=dr.smith6@clinic.org
2026-10-09 13:10:50,185 INFO  [http-nio-8080-exec-2] c.e.api.PatientController - GET /api/v2/encounters/7684 completed in 28ms user=dr.smith9@clinic.org
2026-10-09 13:10:50,185 ERROR [metrics-1] c.e.metrics.StatsdClient - Failed to send metrics to statsd 10.0.0.9:8125: Connection refused
2026-10-09 13:10:52,722 INFO  [http-nio-8080-exec-5] c.e.api.PatientController - GET /api/v2/encounters/79389 completed in 121ms user=dr.smith2@clinic.org
2026-10-09 13:10:54,092 INFO  [http-nio-8080-exec-37] c.e.api.PatientController - GET /api/v2/encounters/31567 completed in 42ms user=dr.smith9@clinic.org
2026-10-09 13:10:56,459 INFO  [http-nio-8080-exec-24] c.e.api.PatientController - GET /api/v2/encounters/31818 completed in 76ms user=dr.smith3@clinic.org
2026-10-09 13:10:57,262 WARN  [http-nio-8080-exec-4] c.e.api.ReportService - Slow request /api/v2/reports took 2632ms
2026-10-09 13:11:00,857 WARN  [http-nio-8080-exec-17] c.e.api.ReportService - Slow request /api/v2/reports took 2551ms
2026-10-09 13:11:02,662 INFO  [http-nio-8080-exec-31] c.e.api.PatientController - GET /api/v2/encounters/8309 completed in 45ms user=dr.smith3@clinic.org
2026-10-09 13:11:04,005 WARN  [http-nio-8080-exec-20] c.e.api.ReportService - Slow request /api/v2/reports took 2707ms
2026-10-09 13:11:06,776 INFO  [http-nio-8080-exec-31] c.e.api.PatientController - GET /api/v2/encounters/43456 completed in 115ms user=dr.smith5@clinic.org
2026-10-09 13:11:08,383 INFO  [http-nio-8080-exec-11] c.e.api.PatientController - GET /api/v2/encounters/58853 completed in 81ms user=dr.smith3@clinic.org
2026-10-09 13:11:11,913 INFO  [http-nio-8080-exec-13] c.e.api.PatientController - GET /api/v2/encounters/5720 completed in 60ms user=dr.smith4@clinic.org
2026-10-09 13:11:12,633 WARN  [http-nio-8080-exec-9] c.e.api.ReportService - Slow request /api/v2/reports took 2415ms
2026-10-09 13:11:15,948 WARN  [http-nio-8080-exec-2] c.e.api.ReportService - Slow request /api/v2/reports took 2786ms
2026-10-09 13:11:16,995 INFO  [http-nio-8080-exec-15] c.e.api.PatientController - GET /api/v2/encounters/63591 completed in 49ms user=dr.smith6@clinic.org
2026-10-09 13:11:17,226 INFO  [http-nio-8080-exec-12] c.e.api.PatientController - GET /api/v2/encounters/94549 completed in 135ms user=dr.smith9@clinic.org
2026-10-09 13:11:20,449 WARN  [http-nio-8080-exec-18] c.e.api.ReportService - Slow request /api/v2/reports took 2356ms
2026-10-09 13:11:22,159 INFO  [http-nio-8080-exec-37] c.e.api.PatientController - GET /api/v2/encounters/39869 completed in 105ms user=dr.smith3@clinic.org
2026-10-09 13:11:23,111 INFO  [http-nio-8080-exec-31] c.e.api.PatientController - GET /api/v2/encounters/15964 completed in 59ms user=dr.smith9@clinic.org
2026-10-09 13:11:24,916 INFO  [http-nio-8080-exec-14] c.e.api.PatientController - GET /api/v2/encounters/74392 completed in 142ms user=dr.smith5@clinic.org
2026-10-09 13:11:26,772 INFO  [http-nio-8080-exec-24] c.e.api.PatientController - GET /api/v2/encounters/57630 completed in 86ms user=dr.smith4@clinic.org
2026-10-09 13:11:28,099 INFO  [http-nio-8080-exec-27] c.e.api.PatientController - GET /api/v2/encounters/22259 completed in 34ms user=dr.smith5@clinic.org
2026-10-09 13:11:30,655 INFO  [http-nio-8080-exec-33] c.e.api.PatientController - GET /api/v2/encounters/45683 completed in 150ms user=dr.smith3@clinic.org
2026-10-09 13:11:32,808 INFO  [http-nio-8080-exec-34] c.e.api.PatientController - GET /api/v2/encounters/38538 completed in 67ms user=dr.smith6@clinic.org
2026-10-09 13:11:33,933 INFO  [http-nio-8080-exec-18] c.e.api.PatientController - GET /api/v2/encounters/75886 completed in 66ms user=dr.smith3@clinic.org
2026-10-09 13:11:36,534 INFO  [http-nio-8080-exec-12] c.e.api.PatientController - GET /api/v2/encounters/26783 completed in 173ms user=dr.smith2@clinic.org
2026-10-09 13:11:39,910 INFO  [http-nio-8080-exec-32] c.e.api.PatientController - GET /api/v2/encounters/36899 completed in 64ms user=dr.smith4@clinic.org
2026-10-09 13:11:40,685 INFO  [http-nio-8080-exec-13] c.e.api.PatientController - GET /api/v2/encounters/77406 completed in 98ms user=dr.smith4@clinic.org
2026-10-09 13:11:41,708 INFO  [http-nio-8080-exec-27] c.e.api.PatientController - GET /api/v2/encounters/95588 completed in 34ms user=dr.smith9@clinic.org
2026-10-09 13:11:44,343 INFO  [http-nio-8080-exec-32] c.e.api.PatientController - GET /api/v2/encounters/12839 completed in 23ms user=dr.smith7@clinic.org
2026-10-09 13:11:46,488 INFO  [http-nio-8080-exec-18] c.e.api.PatientController - GET /api/v2/encounters/33550 completed in 67ms user=dr.smith6@clinic.org
2026-10-09 13:11:48,719 INFO  [http-nio-8080-exec-39] c.e.api.PatientController - GET /api/v2/encounters/1608 completed in 111ms user=dr.smith9@clinic.org
2026-10-09 13:11:50,991 INFO  [http-nio-8080-exec-8] c.e.api.PatientController - GET /api/v2/encounters/47755 completed in 82ms user=dr.smith6@clinic.org
2026-10-09 13:11:53,888 INFO  [http-nio-8080-exec-4] c.e.api.PatientController - GET /api/v2/encounters/39212 completed in 47ms user=dr.smith8@clinic.org
2026-10-09 13:11:55,026 INFO  [http-nio-8080-exec-35] c.e.api.PatientController - GET /api/v2/encounters/18612 completed in 25ms user=dr.smith4@clinic.org
2026-10-09 13:11:58,229 INFO  [http-nio-8080-exec-11] c.e.api.PatientController - GET /api/v2/encounters/14457 completed in 99ms user=dr.smith5@clinic.org
2026-10-09 13:12:00,978 INFO  [http-nio-8080-exec-7] c.e.api.PatientController - GET /api/v2/encounters/92615 completed in 69ms user=dr.smith5@clinic.org
2026-10-09 13:12:01,613 INFO  [http-nio-8080-exec-30] c.e.api.PatientController - GET /api/v2/encounters/69539 completed in 81ms user=dr.smith8@clinic.org
2026-10-09 13:12:02,890 INFO  [http-nio-8080-exec-12] c.e.api.PatientController - GET /api/v2/encounters/6920 completed in 89ms user=dr.smith2@clinic.org
2026-10-09 13:12:04,599 INFO  [http-nio-8080-exec-18] c.e.api.PatientController - GET /api/v2/encounters/15423 completed in 51ms user=dr.smith2@clinic.org
2026-10-09 13:12:06,140 INFO  [http-nio-8080-exec-15] c.e.api.PatientController - GET /api/v2/encounters/30757 completed in 57ms user=dr.smith8@clinic.org
2026-10-09 13:12:08,168 WARN  [http-nio-8080-exec-2] c.e.api.ReportService - Slow request /api/v2/reports took 2800ms
2026-10-09 13:12:10,430 INFO  [http-nio-8080-exec-39] c.e.api.PatientController - GET /api/v2/encounters/69893 completed in 29ms user=dr.smith7@clinic.org
2026-10-09 13:12:13,053 INFO  [http-nio-8080-exec-22] c.e.api.PatientController - GET /api/v2/encounters/53521 completed in 81ms user=dr.smith6@clinic.org
2026-10-09 13:12:16,863 INFO  [scheduler-1] c.e.jobs.SyncJob - Sync batch 824 done
2026-10-09 13:12:19,328 INFO  [http-nio-8080-exec-36] c.e.api.PatientController - GET /api/v2/encounters/8019 completed in 103ms user=dr.smith9@clinic.org
2026-10-09 13:12:20,696 WARN  [http-nio-8080-exec-16] c.e.api.ReportService - Slow request /api/v2/reports took 2364ms
2026-10-09 13:12:22,011 INFO  [http-nio-8080-exec-34] c.e.api.PatientController - GET /api/v2/encounters/25575 completed in 37ms user=dr.smith6@clinic.org
2026-10-09 13:12:24,516 INFO  [http-nio-8080-exec-15] c.e.api.PatientController - GET /api/v2/encounters/19272 completed in 127ms user=dr.smith7@clinic.org
2026-10-09 13:12:27,959 INFO  [http-nio-8080-exec-3] c.e.api.PatientController - GET /api/v2/encounters/6277 completed in 28ms user=dr.smith5@clinic.org
2026-10-09 13:12:29,638 INFO  [http-nio-8080-exec-35] c.e.api.PatientController - GET /api/v2/encounters/5689 completed in 179ms user=dr.smith2@clinic.org
2026-10-09 13:12:31,532 INFO  [http-nio-8080-exec-16] c.e.api.PatientController - GET /api/v2/encounters/6166 completed in 93ms user=dr.smith2@clinic.org
2026-10-09 13:12:33,663 INFO  [http-nio-8080-exec-4] c.e.api.PatientController - GET /api/v2/encounters/78894 completed in 151ms user=dr.smith5@clinic.org
2026-10-09 13:12:34,604 INFO  [http-nio-8080-exec-10] c.e.api.PatientController - GET /api/v2/encounters/58668 completed in 51ms user=dr.smith9@clinic.org
2026-10-09 13:12:35,300 WARN  [http-nio-8080-exec-37] c.e.api.ReportService - Slow request /api/v2/reports took 2090ms
2026-10-09 13:12:36,753 INFO  [http-nio-8080-exec-35] c.e.api.PatientController - GET /api/v2/encounters/38639 completed in 136ms user=dr.smith4@clinic.org
2026-10-09 13:12:39,206 INFO  [http-nio-8080-exec-24] c.e.api.PatientController - GET /api/v2/encounters/61408 completed in 160ms user=dr.smith5@clinic.org
2026-10-09 13:12:41,480 INFO  [http-nio-8080-exec-2] c.e.api.PatientController - GET /api/v2/encounters/32752 completed in 105ms user=dr.smith4@clinic.org
2026-10-09 13:12:42,559 INFO  [http-nio-8080-exec-38] c.e.api.PatientController - GET /api/v2/encounters/52964 completed in 23ms user=dr.smith6@clinic.org
2026-10-09 13:12:44,974 INFO  [http-nio-8080-exec-36] c.e.api.PatientController - GET /api/v2/encounters/43661 completed in 145ms user=dr.smith5@clinic.org
2026-10-09 13:12:45,221 INFO  [http-nio-8080-exec-2] c.e.api.PatientController - GET /api/v2/encounters/21783 completed in 161ms user=dr.smith2@clinic.org
2026-10-09 13:12:47,356 INFO  [http-nio-8080-exec-4] c.e.api.PatientController - GET /api/v2/encounters/68763 completed in 119ms user=dr.smith8@clinic.org
2026-10-09 13:12:49,781 INFO  [http-nio-8080-exec-15] c.e.api.PatientController - GET /api/v2/encounters/89822 completed in 59ms user=dr.smith7@clinic.org
2026-10-09 13:12:51,360 INFO  [http-nio-8080-exec-13] c.e.api.PatientController - GET /api/v2/encounters/81779 completed in 176ms user=dr.smith5@clinic.org
2026-10-09 13:12:54,530 INFO  [http-nio-8080-exec-31] c.e.api.PatientController - GET /api/v2/encounters/36216 completed in 52ms user=dr.smith7@clinic.org
2026-10-09 13:12:56,004 INFO  [http-nio-8080-exec-36] c.e.api.PatientController - GET /api/v2/encounters/77786 completed in 50ms user=dr.smith8@clinic.org
2026-10-09 13:12:58,585 INFO  [http-nio-8080-exec-18] c.e.api.PatientController - GET /api/v2/encounters/82448 completed in 175ms user=dr.smith2@clinic.org
2026-10-09 13:13:00,463 INFO  [http-nio-8080-exec-19] c.e.api.PatientController - GET /api/v2/encounters/95773 completed in 110ms user=dr.smith5@clinic.org
2026-10-09 13:13:02,538 INFO  [http-nio-8080-exec-25] c.e.api.PatientController - GET /api/v2/encounters/85961 completed in 102ms user=dr.smith1@clinic.org
2026-10-09 13:13:04,869 INFO  [scheduler-1] c.e.jobs.SyncJob - Sync batch 390 done
2026-10-09 13:13:06,188 INFO  [http-nio-8080-exec-10] c.e.api.PatientController - GET /api/v2/encounters/58100 completed in 167ms user=dr.smith7@clinic.org
2026-10-09 13:13:08,090 INFO  [http-nio-8080-exec-22] c.e.api.PatientController - GET /api/v2/encounters/43449 completed in 175ms user=dr.smith4@clinic.org
2026-10-09 13:13:11,209 INFO  [scheduler-1] c.e.jobs.SyncJob - Sync batch 913 done
2026-10-09 13:13:14,010 INFO  [http-nio-8080-exec-17] c.e.api.PatientController - GET /api/v2/encounters/75047 completed in 147ms user=dr.smith5@clinic.org
2026-10-09 13:13:17,792 INFO  [http-nio-8080-exec-40] c.e.api.PatientController - GET /api/v2/encounters/58299 completed in 152ms user=dr.smith9@clinic.org
2026-10-09 13:13:19,440 INFO  [http-nio-8080-exec-23] c.e.api.PatientController - GET /api/v2/encounters/6336 completed in 172ms user=dr.smith6@clinic.org
2026-10-09 13:13:21,010 INFO  [http-nio-8080-exec-34] c.e.api.PatientController - GET /api/v2/encounters/31051 completed in 45ms user=dr.smith7@clinic.org
2026-10-09 13:13:23,410 INFO  [http-nio-8080-exec-37] c.e.api.PatientController - GET /api/v2/encounters/21213 completed in 68ms user=dr.smith7@clinic.org
2026-10-09 13:13:25,450 INFO  [http-nio-8080-exec-38] c.e.api.PatientController - GET /api/v2/encounters/45994 completed in 155ms user=dr.smith2@clinic.org
2026-10-09 13:13:26,325 INFO  [http-nio-8080-exec-5] c.e.api.PatientController - GET /api/v2/encounters/41714 completed in 151ms user=dr.smith3@clinic.org
2026-10-09 13:13:27,915 INFO  [http-nio-8080-exec-22] c.e.api.PatientController - GET /api/v2/encounters/67699 completed in 127ms user=dr.smith3@clinic.org
2026-10-09 13:13:29,835 INFO  [http-nio-8080-exec-33] c.e.api.PatientController - GET /api/v2/encounters/25655 completed in 125ms user=dr.smith3@clinic.org
2026-10-09 13:13:31,578 INFO  [http-nio-8080-exec-23] c.e.api.PatientController - GET /api/v2/encounters/75693 completed in 30ms user=dr.smith7@clinic.org
2026-10-09 13:13:32,002 INFO  [http-nio-8080-exec-36] c.e.api.PatientController - GET /api/v2/encounters/1512 completed in 97ms user=dr.smith7@clinic.org
2026-10-09 13:13:34,600 INFO  [http-nio-8080-exec-2] c.e.api.PatientController - GET /api/v2/encounters/26775 completed in 64ms user=dr.smith8@clinic.org
2026-10-09 13:13:37,580 INFO  [http-nio-8080-exec-35] c.e.api.PatientController - GET /api/v2/encounters/68415 completed in 56ms user=dr.smith4@clinic.org
2026-10-09 13:13:39,124 INFO  [http-nio-8080-exec-34] c.e.api.PatientController - GET /api/v2/encounters/67779 completed in 47ms user=dr.smith1@clinic.org
2026-10-09 13:13:40,174 WARN  [http-nio-8080-exec-32] c.e.api.ReportService - Slow request /api/v2/reports took 2457ms
2026-10-09 13:13:42,825 INFO  [http-nio-8080-exec-1] c.e.api.PatientController - GET /api/v2/encounters/90727 completed in 168ms user=dr.smith6@clinic.org
2026-10-09 13:13:43,243 INFO  [http-nio-8080-exec-11] c.e.api.PatientController - GET /api/v2/encounters/5311 completed in 88ms user=dr.smith2@clinic.org
2026-10-09 13:13:46,970 INFO  [http-nio-8080-exec-23] c.e.api.PatientController - GET /api/v2/encounters/26120 completed in 135ms user=dr.smith7@clinic.org
2026-10-09 13:13:47,225 WARN  [http-nio-8080-exec-38] c.e.api.ReportService - Slow request /api/v2/reports took 1589ms
2026-10-09 13:13:49,635 INFO  [http-nio-8080-exec-15] c.e.api.PatientController - GET /api/v2/encounters/6764 completed in 60ms user=dr.smith3@clinic.org
2026-10-09 13:13:51,920 WARN  [http-nio-8080-exec-30] c.e.api.ReportService - Slow request /api/v2/reports took 2121ms
2026-10-09 13:13:52,258 INFO  [scheduler-1] c.e.jobs.SyncJob - Sync batch 508 done
2026-10-09 13:13:55,069 INFO  [http-nio-8080-exec-25] c.e.api.PatientController - GET /api/v2/encounters/89461 completed in 169ms user=dr.smith4@clinic.org
2026-10-09 13:13:57,408 WARN  [http-nio-8080-exec-32] c.e.api.ReportService - Slow request /api/v2/reports took 1545ms
2026-10-09 13:14:00,249 INFO  [http-nio-8080-exec-11] c.e.api.PatientController - GET /api/v2/encounters/47975 completed in 117ms user=dr.smith3@clinic.org
2026-10-09 13:14:01,903 INFO  [http-nio-8080-exec-36] c.e.api.PatientController - GET /api/v2/encounters/48570 completed in 49ms user=dr.smith6@clinic.org
2026-10-09 13:14:03,394 INFO  [http-nio-8080-exec-5] c.e.api.PatientController - GET /api/v2/encounters/17159 completed in 128ms user=dr.smith6@clinic.org
2026-10-09 13:14:05,396 INFO  [http-nio-8080-exec-19] c.e.api.PatientController - GET /api/v2/encounters/46151 completed in 80ms user=dr.smith7@clinic.org
2026-10-09 13:14:06,680 INFO  [http-nio-8080-exec-10] c.e.api.PatientController - GET /api/v2/encounters/32693 completed in 53ms user=dr.smith2@clinic.org
2026-10-09 13:14:07,557 INFO  [http-nio-8080-exec-9] c.e.api.PatientController - GET /api/v2/encounters/73741 completed in 133ms user=dr.smith8@clinic.org
2026-10-09 13:14:10,824 INFO  [http-nio-8080-exec-24] c.e.api.PatientController - GET /api/v2/encounters/47257 completed in 75ms user=dr.smith7@clinic.org
2026-10-09 13:14:12,981 INFO  [http-nio-8080-exec-20] c.e.api.PatientController - GET /api/v2/encounters/63384 completed in 149ms user=dr.smith4@clinic.org
2026-10-09 13:14:13,463 INFO  [http-nio-8080-exec-17] c.e.api.PatientController - GET /api/v2/encounters/79112 completed in 132ms user=dr.smith6@clinic.org
2026-10-09 13:14:15,413 INFO  [http-nio-8080-exec-14] c.e.api.PatientController - GET /api/v2/encounters/17451 completed in 51ms user=dr.smith9@clinic.org
2026-10-09 13:14:17,872 INFO  [http-nio-8080-exec-25] c.e.api.PatientController - GET /api/v2/encounters/4763 completed in 165ms user=dr.smith3@clinic.org
2026-10-09 13:14:18,399 INFO  [http-nio-8080-exec-12] c.e.api.PatientController - GET /api/v2/encounters/31351 completed in 102ms user=dr.smith4@clinic.org
2026-10-09 13:14:21,111 INFO  [http-nio-8080-exec-24] c.e.api.PatientController - GET /api/v2/encounters/66583 completed in 96ms user=dr.smith4@clinic.org
2026-10-09 13:14:22,318 INFO  [http-nio-8080-exec-19] c.e.api.PatientController - GET /api/v2/encounters/17532 completed in 122ms user=dr.smith5@clinic.org
2026-10-09 13:14:23,864 WARN  [http-nio-8080-exec-9] c.e.api.ReportService - Slow request /api/v2/reports took 2066ms
2026-10-09 13:14:25,375 INFO  [http-nio-8080-exec-23] c.e.api.PatientController - GET /api/v2/encounters/55076 completed in 26ms user=dr.smith8@clinic.org
2026-10-09 13:14:26,867 INFO  [http-nio-8080-exec-7] c.e.api.PatientController - GET /api/v2/encounters/24810 completed in 94ms user=dr.smith2@clinic.org
2026-10-09 13:14:28,623 INFO  [http-nio-8080-exec-3] c.e.api.PatientController - GET /api/v2/encounters/54039 completed in 30ms user=dr.smith3@clinic.org
2026-10-09 13:14:30,775 INFO  [http-nio-8080-exec-25] c.e.api.PatientController - GET /api/v2/encounters/97773 completed in 30ms user=dr.smith9@clinic.org
2026-10-09 13:14:31,653 WARN  [http-nio-8080-exec-37] c.e.api.ReportService - Slow request /api/v2/reports took 1966ms
2026-10-09 13:14:33,733 INFO  [http-nio-8080-exec-28] c.e.api.PatientController - GET /api/v2/encounters/88835 completed in 167ms user=dr.smith6@clinic.org
2026-10-09 13:14:36,114 INFO  [http-nio-8080-exec-19] c.e.api.PatientController - GET /api/v2/encounters/6630 completed in 169ms user=dr.smith1@clinic.org
2026-10-09 13:14:39,697 INFO  [http-nio-8080-exec-21] c.e.api.PatientController - GET /api/v2/encounters/28543 completed in 108ms user=dr.smith2@clinic.org
2026-10-09 13:14:41,761 INFO  [http-nio-8080-exec-40] c.e.api.PatientController - GET /api/v2/encounters/29940 completed in 91ms user=dr.smith9@clinic.org
2026-10-09 13:14:42,969 WARN  [http-nio-8080-exec-29] c.e.api.ReportService - Slow request /api/v2/reports took 2196ms
2026-10-09 13:14:45,756 INFO  [http-nio-8080-exec-29] c.e.api.PatientController - GET /api/v2/encounters/67670 completed in 33ms user=dr.smith4@clinic.org
2026-10-09 13:14:46,524 INFO  [http-nio-8080-exec-9] c.e.api.PatientController - GET /api/v2/encounters/65161 completed in 68ms user=dr.smith1@clinic.org
2026-10-09 13:14:49,844 INFO  [http-nio-8080-exec-17] c.e.api.PatientController - GET /api/v2/encounters/23876 completed in 159ms user=dr.smith3@clinic.org
2026-10-09 13:14:52,652 INFO  [http-nio-8080-exec-17] c.e.api.PatientController - GET /api/v2/encounters/33727 completed in 35ms user=dr.smith3@clinic.org
2026-10-09 13:14:54,421 INFO  [http-nio-8080-exec-20] c.e.api.PatientController - GET /api/v2/encounters/18981 completed in 54ms user=dr.smith8@clinic.org
2026-10-09 13:14:56,243 INFO  [http-nio-8080-exec-1] c.e.api.PatientController - GET /api/v2/encounters/68552 completed in 133ms user=dr.smith3@clinic.org
2026-10-09 13:14:59,359 INFO  [http-nio-8080-exec-9] c.e.api.PatientController - GET /api/v2/encounters/93761 completed in 56ms user=dr.smith4@clinic.org
2026-10-09 13:15:01,834 INFO  [http-nio-8080-exec-28] c.e.api.PatientController - GET /api/v2/encounters/23178 completed in 59ms user=dr.smith8@clinic.org
2026-10-09 13:15:04,415 INFO  [http-nio-8080-exec-8] c.e.api.PatientController - GET /api/v2/encounters/91456 completed in 94ms user=dr.smith1@clinic.org
2026-10-09 13:15:05,211 INFO  [http-nio-8080-exec-18] c.e.api.PatientController - GET /api/v2/encounters/40833 completed in 70ms user=dr.smith2@clinic.org
2026-10-09 13:15:08,458 INFO  [scheduler-1] c.e.jobs.SyncJob - Sync batch 166 done
2026-10-09 13:15:09,479 INFO  [http-nio-8080-exec-19] c.e.api.PatientController - GET /api/v2/encounters/23032 completed in 162ms user=dr.smith2@clinic.org
2026-10-09 13:15:10,479 INFO  [scheduler-1] c.e.jobs.SyncJob - Sync batch 769 done
2026-10-09 13:15:12,765 INFO  [http-nio-8080-exec-37] c.e.api.PatientController - GET /api/v2/encounters/35659 completed in 47ms user=dr.smith8@clinic.org
2026-10-09 13:15:15,500 INFO  [http-nio-8080-exec-35] c.e.api.PatientController - GET /api/v2/encounters/43180 completed in 22ms user=dr.smith6@clinic.org
2026-10-09 13:15:18,659 INFO  [http-nio-8080-exec-40] c.e.api.PatientController - GET /api/v2/encounters/96766 completed in 84ms user=dr.smith4@clinic.org
2026-10-09 13:15:19,765 INFO  [http-nio-8080-exec-26] c.e.api.PatientController - GET /api/v2/encounters/20023 completed in 95ms user=dr.smith6@clinic.org
2026-10-09 13:15:21,653 INFO  [http-nio-8080-exec-11] c.e.api.PatientController - GET /api/v2/encounters/14392 completed in 99ms user=dr.smith6@clinic.org
2026-10-09 13:15:22,662 INFO  [http-nio-8080-exec-21] c.e.api.PatientController - GET /api/v2/encounters/31176 completed in 114ms user=dr.smith3@clinic.org
2026-10-09 13:15:25,378 INFO  [http-nio-8080-exec-17] c.e.api.PatientController - GET /api/v2/encounters/32375 completed in 34ms user=dr.smith1@clinic.org
2026-10-09 13:15:26,822 INFO  [http-nio-8080-exec-26] c.e.api.PatientController - GET /api/v2/encounters/7625 completed in 75ms user=dr.smith8@clinic.org
2026-10-09 13:15:28,748 INFO  [http-nio-8080-exec-20] c.e.api.PatientController - GET /api/v2/encounters/79987 completed in 168ms user=dr.smith2@clinic.org
2026-10-09 13:15:29,232 INFO  [http-nio-8080-exec-29] c.e.api.PatientController - GET /api/v2/encounters/84460 completed in 122ms user=dr.smith2@clinic.org
2026-10-09 13:15:32,871 INFO  [http-nio-8080-exec-13] c.e.api.PatientController - GET /api/v2/encounters/29609 completed in 115ms user=dr.smith1@clinic.org
2026-10-09 13:15:33,625 WARN  [http-nio-8080-exec-33] c.e.api.ReportService - Slow request /api/v2/reports took 2371ms
2026-10-09 13:15:34,073 INFO  [http-nio-8080-exec-33] c.e.api.PatientController - GET /api/v2/encounters/94163 completed in 127ms user=dr.smith6@clinic.org
2026-10-09 13:15:35,009 INFO  [http-nio-8080-exec-12] c.e.api.PatientController - GET /api/v2/encounters/95994 completed in 62ms user=dr.smith7@clinic.org
2026-10-09 13:15:37,453 INFO  [http-nio-8080-exec-23] c.e.api.PatientController - GET /api/v2/encounters/75385 completed in 70ms user=dr.smith8@clinic.org
2026-10-09 13:15:38,331 INFO  [http-nio-8080-exec-28] c.e.api.PatientController - GET /api/v2/encounters/71083 completed in 180ms user=dr.smith3@clinic.org
2026-10-09 13:15:41,984 INFO  [http-nio-8080-exec-6] c.e.api.PatientController - GET /api/v2/encounters/8865 completed in 104ms user=dr.smith5@clinic.org
2026-10-09 13:15:43,431 INFO  [scheduler-1] c.e.jobs.SyncJob - Sync batch 493 done
2026-10-09 13:15:45,140 INFO  [http-nio-8080-exec-22] c.e.api.PatientController - GET /api/v2/encounters/70521 completed in 27ms user=dr.smith4@clinic.org
2026-10-09 13:15:47,757 INFO  [http-nio-8080-exec-6] c.e.api.PatientController - GET /api/v2/encounters/20256 completed in 168ms user=dr.smith6@clinic.org
2026-10-09 13:15:49,965 INFO  [http-nio-8080-exec-34] c.e.api.PatientController - GET /api/v2/encounters/32488 completed in 164ms user=dr.smith8@clinic.org
2026-10-09 13:15:51,116 INFO  [http-nio-8080-exec-13] c.e.api.PatientController - GET /api/v2/encounters/72842 completed in 48ms user=dr.smith4@clinic.org
2026-10-09 13:15:54,259 INFO  [http-nio-8080-exec-13] c.e.api.PatientController - GET /api/v2/encounters/70569 completed in 84ms user=dr.smith8@clinic.org
2026-10-09 13:15:55,469 INFO  [http-nio-8080-exec-37] c.e.api.PatientController - GET /api/v2/encounters/92320 completed in 48ms user=dr.smith9@clinic.org
2026-10-09 13:15:58,580 INFO  [http-nio-8080-exec-27] c.e.api.PatientController - GET /api/v2/encounters/90062 completed in 38ms user=dr.smith8@clinic.org
2026-10-09 13:15:59,515 INFO  [http-nio-8080-exec-8] c.e.api.PatientController - GET /api/v2/encounters/83129 completed in 151ms user=dr.smith2@clinic.org
2026-10-09 13:16:01,702 INFO  [http-nio-8080-exec-11] c.e.api.PatientController - GET /api/v2/encounters/26119 completed in 164ms user=dr.smith8@clinic.org
2026-10-09 13:16:04,140 INFO  [http-nio-8080-exec-40] c.e.api.PatientController - GET /api/v2/encounters/8543 completed in 123ms user=dr.smith4@clinic.org
2026-10-09 13:16:05,042 INFO  [http-nio-8080-exec-39] c.e.api.PatientController - GET /api/v2/encounters/28935 completed in 137ms user=dr.smith5@clinic.org
2026-10-09 13:16:06,138 INFO  [http-nio-8080-exec-6] c.e.api.PatientController - GET /api/v2/encounters/82418 completed in 71ms user=dr.smith2@clinic.org
2026-10-09 13:16:09,891 INFO  [http-nio-8080-exec-24] c.e.api.PatientController - GET /api/v2/encounters/98705 completed in 107ms user=dr.smith1@clinic.org
2026-10-09 13:16:11,125 INFO  [http-nio-8080-exec-33] c.e.api.PatientController - GET /api/v2/encounters/97632 completed in 154ms user=dr.smith6@clinic.org
2026-10-09 13:16:14,044 INFO  [http-nio-8080-exec-23] c.e.api.PatientController - GET /api/v2/encounters/14060 completed in 111ms user=dr.smith9@clinic.org
2026-10-09 13:16:15,617 INFO  [http-nio-8080-exec-16] c.e.api.PatientController - GET /api/v2/encounters/34371 completed in 110ms user=dr.smith4@clinic.org
2026-10-09 13:16:18,021 INFO  [http-nio-8080-exec-38] c.e.api.PatientController - GET /api/v2/encounters/58655 completed in 49ms user=dr.smith1@clinic.org
2026-10-09 13:16:20,075 INFO  [http-nio-8080-exec-12] c.e.api.PatientController - GET /api/v2/encounters/20692 completed in 161ms user=dr.smith5@clinic.org
2026-10-09 13:16:23,685 INFO  [http-nio-8080-exec-10] c.e.api.PatientController - GET /api/v2/encounters/78111 completed in 84ms user=dr.smith9@clinic.org
2026-10-09 13:16:26,779 INFO  [http-nio-8080-exec-29] c.e.api.PatientController - GET /api/v2/encounters/2808 completed in 26ms user=dr.smith6@clinic.org
2026-10-09 13:16:29,498 INFO  [http-nio-8080-exec-3] c.e.api.PatientController - GET /api/v2/encounters/5647 completed in 39ms user=dr.smith3@clinic.org
2026-10-09 13:16:31,660 INFO  [http-nio-8080-exec-26] c.e.api.PatientController - GET /api/v2/encounters/63358 completed in 60ms user=dr.smith8@clinic.org
2026-10-09 13:16:33,893 INFO  [scheduler-1] c.e.jobs.SyncJob - Sync batch 530 done
2026-10-09 13:16:34,337 INFO  [http-nio-8080-exec-20] c.e.api.PatientController - GET /api/v2/encounters/18160 completed in 170ms user=dr.smith1@clinic.org
2026-10-09 13:16:35,838 INFO  [http-nio-8080-exec-30] c.e.api.PatientController - GET /api/v2/encounters/44433 completed in 167ms user=dr.smith8@clinic.org
2026-10-09 13:16:37,362 INFO  [http-nio-8080-exec-22] c.e.api.PatientController - GET /api/v2/encounters/76911 completed in 143ms user=dr.smith6@clinic.org
2026-10-09 13:16:38,254 INFO  [http-nio-8080-exec-39] c.e.api.PatientController - GET /api/v2/encounters/6948 completed in 57ms user=dr.smith3@clinic.org
2026-10-09 13:16:40,279 INFO  [http-nio-8080-exec-17] c.e.api.PatientController - GET /api/v2/encounters/47770 completed in 165ms user=dr.smith9@clinic.org
2026-10-09 13:16:42,142 INFO  [scheduler-1] c.e.jobs.SyncJob - Sync batch 35 done
2026-10-09 13:16:45,924 INFO  [http-nio-8080-exec-13] c.e.api.PatientController - GET /api/v2/encounters/56869 completed in 166ms user=dr.smith2@clinic.org
2026-10-09 13:16:47,288 INFO  [http-nio-8080-exec-16] c.e.api.PatientController - GET /api/v2/encounters/19499 completed in 38ms user=dr.smith5@clinic.org
2026-10-09 13:16:50,349 INFO  [http-nio-8080-exec-33] c.e.api.PatientController - GET /api/v2/encounters/84258 completed in 82ms user=dr.smith6@clinic.org
2026-10-09 13:16:52,732 INFO  [http-nio-8080-exec-4] c.e.api.PatientController - GET /api/v2/encounters/93304 completed in 106ms user=dr.smith6@clinic.org
2026-10-09 13:16:55,801 INFO  [http-nio-8080-exec-24] c.e.api.PatientController - GET /api/v2/encounters/32905 completed in 80ms user=dr.smith6@clinic.org
2026-10-09 13:16:56,210 INFO  [http-nio-8080-exec-30] c.e.api.PatientController - GET /api/v2/encounters/54081 completed in 134ms user=dr.smith7@clinic.org
2026-10-09 13:16:59,309 WARN  [http-nio-8080-exec-38] c.e.api.ReportService - Slow request /api/v2/reports took 1635ms
2026-10-09 13:17:00,737 INFO  [http-nio-8080-exec-37] c.e.api.PatientController - GET /api/v2/encounters/73256 completed in 107ms user=dr.smith2@clinic.org
2026-10-09 13:17:03,597 WARN  [http-nio-8080-exec-38] c.e.api.ReportService - Slow request /api/v2/reports took 1866ms
2026-10-09 13:17:04,361 INFO  [scheduler-1] c.e.jobs.SyncJob - Sync batch 366 done
2026-10-09 13:17:07,706 INFO  [http-nio-8080-exec-5] c.e.api.PatientController - GET /api/v2/encounters/64506 completed in 101ms user=dr.smith3@clinic.org
2026-10-09 13:17:09,263 INFO  [http-nio-8080-exec-11] c.e.api.PatientController - GET /api/v2/encounters/83109 completed in 88ms user=dr.smith4@clinic.org
2026-10-09 13:17:11,223 INFO  [http-nio-8080-exec-29] c.e.api.PatientController - GET /api/v2/encounters/27259 completed in 174ms user=dr.smith5@clinic.org
2026-10-09 13:17:14,663 INFO  [http-nio-8080-exec-16] c.e.api.PatientController - GET /api/v2/encounters/97192 completed in 34ms user=dr.smith3@clinic.org
2026-10-09 13:17:16,081 INFO  [http-nio-8080-exec-37] c.e.api.PatientController - GET /api/v2/encounters/45716 completed in 54ms user=dr.smith1@clinic.org
2026-10-09 13:17:18,549 INFO  [http-nio-8080-exec-1] c.e.api.PatientController - GET /api/v2/encounters/84871 completed in 102ms user=dr.smith1@clinic.org
2026-10-09 13:17:19,334 WARN  [http-nio-8080-exec-2] c.e.api.ReportService - Slow request /api/v2/reports took 2829ms
2026-10-09 13:17:21,624 INFO  [http-nio-8080-exec-22] c.e.api.PatientController - GET /api/v2/encounters/23872 completed in 34ms user=dr.smith7@clinic.org
2026-10-09 13:17:23,089 INFO  [http-nio-8080-exec-22] c.e.api.PatientController - GET /api/v2/encounters/65796 completed in 173ms user=dr.smith7@clinic.org
2026-10-09 13:17:25,474 WARN  [http-nio-8080-exec-2] c.e.api.ReportService - Slow request /api/v2/reports took 2148ms
2026-10-09 13:17:27,320 INFO  [http-nio-8080-exec-40] c.e.api.PatientController - GET /api/v2/encounters/94079 completed in 104ms user=dr.smith3@clinic.org
2026-10-09 13:17:28,159 INFO  [http-nio-8080-exec-34] c.e.api.PatientController - GET /api/v2/encounters/12779 completed in 111ms user=dr.smith6@clinic.org
2026-10-09 13:17:30,551 INFO  [http-nio-8080-exec-36] c.e.api.PatientController - GET /api/v2/encounters/21107 completed in 174ms user=dr.smith6@clinic.org
2026-10-09 13:17:32,633 INFO  [http-nio-8080-exec-31] c.e.api.PatientController - GET /api/v2/encounters/5146 completed in 99ms user=dr.smith9@clinic.org
2026-10-09 13:17:35,464 INFO  [http-nio-8080-exec-24] c.e.api.PatientController - GET /api/v2/encounters/69592 completed in 155ms user=dr.smith5@clinic.org
2026-10-09 13:17:36,009 INFO  [http-nio-8080-exec-7] c.e.api.PatientController - GET /api/v2/encounters/86899 completed in 112ms user=dr.smith3@clinic.org
2026-10-09 13:17:39,233 INFO  [http-nio-8080-exec-6] c.e.api.PatientController - GET /api/v2/encounters/4663 completed in 179ms user=dr.smith3@clinic.org
2026-10-09 13:17:40,556 INFO  [http-nio-8080-exec-36] c.e.api.PatientController - GET /api/v2/encounters/24831 completed in 86ms user=dr.smith6@clinic.org
2026-10-09 13:17:43,924 INFO  [http-nio-8080-exec-11] c.e.api.PatientController - GET /api/v2/encounters/70271 completed in 27ms user=dr.smith6@clinic.org
2026-10-09 13:17:45,248 INFO  [http-nio-8080-exec-32] c.e.api.PatientController - GET /api/v2/encounters/28936 completed in 108ms user=dr.smith7@clinic.org
2026-10-09 13:17:47,331 INFO  [http-nio-8080-exec-2] c.e.api.PatientController - GET /api/v2/encounters/15130 completed in 23ms user=dr.smith2@clinic.org
2026-10-09 13:17:50,935 INFO  [http-nio-8080-exec-23] c.e.api.PatientController - GET /api/v2/encounters/8862 completed in 78ms user=dr.smith7@clinic.org
2026-10-09 13:17:51,941 INFO  [http-nio-8080-exec-15] c.e.api.PatientController - GET /api/v2/encounters/5024 completed in 84ms user=dr.smith1@clinic.org
2026-10-09 13:17:53,444 INFO  [http-nio-8080-exec-23] c.e.api.PatientController - GET /api/v2/encounters/27634 completed in 103ms user=dr.smith7@clinic.org
2026-10-09 13:17:55,305 WARN  [http-nio-8080-exec-32] c.e.api.ReportService - Slow request /api/v2/reports took 1943ms
2026-10-09 13:17:58,809 INFO  [http-nio-8080-exec-18] c.e.api.PatientController - GET /api/v2/encounters/99505 completed in 54ms user=dr.smith5@clinic.org
2026-10-09 13:18:00,339 INFO  [http-nio-8080-exec-16] c.e.api.PatientController - GET /api/v2/encounters/22180 completed in 101ms user=dr.smith8@clinic.org
2026-10-09 13:18:01,053 WARN  [http-nio-8080-exec-14] c.e.api.ReportService - Slow request /api/v2/reports took 2238ms
2026-10-09 13:18:02,792 WARN  [http-nio-8080-exec-12] c.e.api.ReportService - Slow request /api/v2/reports took 2390ms
2026-10-09 13:18:05,958 INFO  [http-nio-8080-exec-2] c.e.api.PatientController - GET /api/v2/encounters/15622 completed in 58ms user=dr.smith1@clinic.org
2026-10-09 13:18:06,309 INFO  [http-nio-8080-exec-23] c.e.api.PatientController - GET /api/v2/encounters/13785 completed in 63ms user=dr.smith8@clinic.org
2026-10-09 13:18:09,092 INFO  [http-nio-8080-exec-26] c.e.api.PatientController - GET /api/v2/encounters/44996 completed in 28ms user=dr.smith4@clinic.org
2026-10-09 13:18:10,642 INFO  [http-nio-8080-exec-3] c.e.api.PatientController - GET /api/v2/encounters/18672 completed in 149ms user=dr.smith4@clinic.org
2026-10-09 13:18:12,715 INFO  [http-nio-8080-exec-2] c.e.api.PatientController - GET /api/v2/encounters/7333 completed in 101ms user=dr.smith2@clinic.org
2026-10-09 13:18:15,123 INFO  [scheduler-1] c.e.jobs.SyncJob - Sync batch 994 done
2026-10-09 13:18:16,438 INFO  [http-nio-8080-exec-15] c.e.api.PatientController - GET /api/v2/encounters/90835 completed in 158ms user=dr.smith3@clinic.org
2026-10-09 13:18:19,558 INFO  [http-nio-8080-exec-8] c.e.api.PatientController - GET /api/v2/encounters/70459 completed in 110ms user=dr.smith8@clinic.org
2026-10-09 13:18:21,079 INFO  [http-nio-8080-exec-14] c.e.api.PatientController - GET /api/v2/encounters/30354 completed in 38ms user=dr.smith5@clinic.org
2026-10-09 13:18:24,015 INFO  [http-nio-8080-exec-5] c.e.api.PatientController - GET /api/v2/encounters/6661 completed in 70ms user=dr.smith9@clinic.org
2026-10-09 13:18:25,808 INFO  [http-nio-8080-exec-24] c.e.api.PatientController - GET /api/v2/encounters/36023 completed in 22ms user=dr.smith6@clinic.org
2026-10-09 13:18:27,668 INFO  [http-nio-8080-exec-19] c.e.api.PatientController - GET /api/v2/encounters/72933 completed in 104ms user=dr.smith7@clinic.org
2026-10-09 13:18:30,895 INFO  [http-nio-8080-exec-18] c.e.api.PatientController - GET /api/v2/encounters/53334 completed in 128ms user=dr.smith6@clinic.org
2026-10-09 13:18:32,392 INFO  [scheduler-1] c.e.jobs.SyncJob - Sync batch 397 done
2026-10-09 13:18:35,902 INFO  [http-nio-8080-exec-10] c.e.api.PatientController - GET /api/v2/encounters/84228 completed in 21ms user=dr.smith4@clinic.org
2026-10-09 13:18:37,948 INFO  [scheduler-1] c.e.jobs.SyncJob - Sync batch 711 done
2026-10-09 13:18:39,386 INFO  [scheduler-1] c.e.jobs.SyncJob - Sync batch 846 done
2026-10-09 13:18:41,118 INFO  [http-nio-8080-exec-40] c.e.api.PatientController - GET /api/v2/encounters/5410 completed in 32ms user=dr.smith7@clinic.org
2026-10-09 13:18:43,332 INFO  [http-nio-8080-exec-29] c.e.api.PatientController - GET /api/v2/encounters/72951 completed in 100ms user=dr.smith8@clinic.org
2026-10-09 13:18:46,000 INFO  [http-nio-8080-exec-31] c.e.api.PatientController - GET /api/v2/encounters/67863 completed in 107ms user=dr.smith9@clinic.org
2026-10-09 13:18:49,240 INFO  [http-nio-8080-exec-25] c.e.api.PatientController - GET /api/v2/encounters/47557 completed in 36ms user=dr.smith7@clinic.org
2026-10-09 13:18:52,272 INFO  [http-nio-8080-exec-21] c.e.api.PatientController - GET /api/v2/encounters/10436 completed in 180ms user=dr.smith9@clinic.org
2026-10-09 13:18:54,946 INFO  [http-nio-8080-exec-17] c.e.api.PatientController - GET /api/v2/encounters/35377 completed in 141ms user=dr.smith6@clinic.org
2026-10-09 13:18:56,488 INFO  [http-nio-8080-exec-10] c.e.api.PatientController - GET /api/v2/encounters/9631 completed in 155ms user=dr.smith6@clinic.org
2026-10-09 13:18:58,540 INFO  [http-nio-8080-exec-24] c.e.api.PatientController - GET /api/v2/encounters/32279 completed in 64ms user=dr.smith3@clinic.org
2026-10-09 13:19:01,471 INFO  [http-nio-8080-exec-3] c.e.api.PatientController - GET /api/v2/encounters/43200 completed in 117ms user=dr.smith6@clinic.org
2026-10-09 13:19:04,837 INFO  [http-nio-8080-exec-27] c.e.api.PatientController - GET /api/v2/encounters/21164 completed in 84ms user=dr.smith7@clinic.org
2026-10-09 13:19:05,365 INFO  [http-nio-8080-exec-34] c.e.api.PatientController - GET /api/v2/encounters/69334 completed in 97ms user=dr.smith8@clinic.org
2026-10-09 13:19:07,281 INFO  [http-nio-8080-exec-29] c.e.api.PatientController - GET /api/v2/encounters/92097 completed in 48ms user=dr.smith8@clinic.org
2026-10-09 13:19:10,748 INFO  [http-nio-8080-exec-34] c.e.api.PatientController - GET /api/v2/encounters/20645 completed in 21ms user=dr.smith3@clinic.org
2026-10-09 13:19:11,533 INFO  [http-nio-8080-exec-40] c.e.api.PatientController - GET /api/v2/encounters/49598 completed in 153ms user=dr.smith6@clinic.org
2026-10-09 13:19:14,258 INFO  [http-nio-8080-exec-13] c.e.api.PatientController - GET /api/v2/encounters/1105 completed in 166ms user=dr.smith5@clinic.org
2026-10-09 13:19:15,182 INFO  [http-nio-8080-exec-35] c.e.api.PatientController - GET /api/v2/encounters/36991 completed in 102ms user=dr.smith5@clinic.org
2026-10-09 13:19:16,854 INFO  [http-nio-8080-exec-34] c.e.api.PatientController - GET /api/v2/encounters/84380 completed in 146ms user=dr.smith2@clinic.org
2026-10-09 13:19:18,433 INFO  [scheduler-1] c.e.jobs.SyncJob - Sync batch 298 done
2026-10-09 13:19:20,380 WARN  [http-nio-8080-exec-29] c.e.api.ReportService - Slow request /api/v2/reports took 2269ms
2026-10-09 13:19:22,729 INFO  [http-nio-8080-exec-27] c.e.api.PatientController - GET /api/v2/encounters/57487 completed in 175ms user=dr.smith5@clinic.org
2026-10-09 13:19:24,394 INFO  [http-nio-8080-exec-9] c.e.api.PatientController - GET /api/v2/encounters/82075 completed in 69ms user=dr.smith6@clinic.org
2026-10-09 13:19:25,208 INFO  [http-nio-8080-exec-5] c.e.api.PatientController - GET /api/v2/encounters/11477 completed in 134ms user=dr.smith7@clinic.org
2026-10-09 13:19:26,424 INFO  [http-nio-8080-exec-2] c.e.api.PatientController - GET /api/v2/encounters/15130 completed in 171ms user=dr.smith8@clinic.org
2026-10-09 13:19:29,717 INFO  [http-nio-8080-exec-27] c.e.api.PatientController - GET /api/v2/encounters/63076 completed in 65ms user=dr.smith2@clinic.org
2026-10-09 13:19:31,503 INFO  [http-nio-8080-exec-1] c.e.api.PatientController - GET /api/v2/encounters/88868 completed in 79ms user=dr.smith4@clinic.org
2026-10-09 13:19:33,041 WARN  [http-nio-8080-exec-19] c.e.api.ReportService - Slow request /api/v2/reports took 2634ms
2026-10-09 13:19:35,396 INFO  [http-nio-8080-exec-8] c.e.api.PatientController - GET /api/v2/encounters/12803 completed in 76ms user=dr.smith2@clinic.org
2026-10-09 13:19:37,015 INFO  [http-nio-8080-exec-6] c.e.api.PatientController - GET /api/v2/encounters/99738 completed in 75ms user=dr.smith8@clinic.org
2026-10-09 13:19:38,697 INFO  [http-nio-8080-exec-22] c.e.api.PatientController - GET /api/v2/encounters/64280 completed in 34ms user=dr.smith9@clinic.org
2026-10-09 13:19:40,427 INFO  [http-nio-8080-exec-9] c.e.api.PatientController - GET /api/v2/encounters/54339 completed in 32ms user=dr.smith3@clinic.org
2026-10-09 13:19:42,194 INFO  [http-nio-8080-exec-1] c.e.api.PatientController - GET /api/v2/encounters/25398 completed in 157ms user=dr.smith5@clinic.org
2026-10-09 13:19:44,088 INFO  [http-nio-8080-exec-17] c.e.api.PatientController - GET /api/v2/encounters/88025 completed in 96ms user=dr.smith9@clinic.org
2026-10-09 13:19:46,907 INFO  [http-nio-8080-exec-4] c.e.api.PatientController - GET /api/v2/encounters/41219 completed in 97ms user=dr.smith4@clinic.org
2026-10-09 13:19:48,821 INFO  [http-nio-8080-exec-35] c.e.api.PatientController - GET /api/v2/encounters/34696 completed in 98ms user=dr.smith4@clinic.org
2026-10-09 13:19:50,212 INFO  [http-nio-8080-exec-24] c.e.api.PatientController - GET /api/v2/encounters/61846 completed in 145ms user=dr.smith3@clinic.org
2026-10-09 13:19:51,820 INFO  [http-nio-8080-exec-30] c.e.api.PatientController - GET /api/v2/encounters/93657 completed in 162ms user=dr.smith1@clinic.org
2026-10-09 13:19:54,008 INFO  [http-nio-8080-exec-27] c.e.api.PatientController - GET /api/v2/encounters/75046 completed in 102ms user=dr.smith1@clinic.org
2026-10-09 13:19:55,815 INFO  [http-nio-8080-exec-13] c.e.api.PatientController - GET /api/v2/encounters/94134 completed in 73ms user=dr.smith8@clinic.org
2026-10-09 13:19:57,745 INFO  [http-nio-8080-exec-14] c.e.api.PatientController - GET /api/v2/encounters/8565 completed in 66ms user=dr.smith7@clinic.org
2026-10-09 13:20:00,127 INFO  [http-nio-8080-exec-5] c.e.api.PatientController - GET /api/v2/encounters/79156 completed in 147ms user=dr.smith3@clinic.org
2026-10-09 13:20:00,127 ERROR [metrics-1] c.e.metrics.StatsdClient - Failed to send metrics to statsd 10.0.0.9:8125: Connection refused
2026-10-09 13:20:01,738 INFO  [http-nio-8080-exec-11] c.e.api.PatientController - GET /api/v2/encounters/66302 completed in 76ms user=dr.smith5@clinic.org
2026-10-09 13:20:04,547 INFO  [http-nio-8080-exec-10] c.e.api.PatientController - GET /api/v2/encounters/94757 completed in 72ms user=dr.smith9@clinic.org
2026-10-09 13:20:05,097 INFO  [http-nio-8080-exec-6] c.e.api.PatientController - GET /api/v2/encounters/7594 completed in 126ms user=dr.smith4@clinic.org
2026-10-09 13:20:07,263 INFO  [http-nio-8080-exec-29] c.e.api.PatientController - GET /api/v2/encounters/90903 completed in 128ms user=dr.smith3@clinic.org
2026-10-09 13:20:10,946 INFO  [http-nio-8080-exec-3] c.e.api.PatientController - GET /api/v2/encounters/21990 completed in 134ms user=dr.smith5@clinic.org
2026-10-09 13:20:12,895 INFO  [http-nio-8080-exec-21] c.e.api.PatientController - GET /api/v2/encounters/93660 completed in 163ms user=dr.smith3@clinic.org
2026-10-09 13:20:14,264 INFO  [http-nio-8080-exec-14] c.e.api.PatientController - GET /api/v2/encounters/20909 completed in 79ms user=dr.smith7@clinic.org
2026-10-09 13:20:17,335 INFO  [http-nio-8080-exec-19] c.e.api.PatientController - GET /api/v2/encounters/30276 completed in 159ms user=dr.smith2@clinic.org
2026-10-09 13:20:18,152 INFO  [http-nio-8080-exec-28] c.e.api.PatientController - GET /api/v2/encounters/44670 completed in 122ms user=dr.smith2@clinic.org
2026-10-09 13:20:19,360 INFO  [http-nio-8080-exec-14] c.e.api.PatientController - GET /api/v2/encounters/86999 completed in 154ms user=dr.smith9@clinic.org
2026-10-09 13:20:21,501 INFO  [http-nio-8080-exec-32] c.e.api.PatientController - GET /api/v2/encounters/13188 completed in 71ms user=dr.smith8@clinic.org
2026-10-09 13:20:22,310 INFO  [http-nio-8080-exec-35] c.e.api.PatientController - GET /api/v2/encounters/12591 completed in 71ms user=dr.smith3@clinic.org
2026-10-09 13:20:24,786 WARN  [http-nio-8080-exec-15] c.e.api.ReportService - Slow request /api/v2/reports took 2685ms
2026-10-09 13:20:27,033 INFO  [http-nio-8080-exec-7] c.e.api.PatientController - GET /api/v2/encounters/1172 completed in 108ms user=dr.smith4@clinic.org
2026-10-09 13:20:30,672 INFO  [http-nio-8080-exec-12] c.e.api.PatientController - GET /api/v2/encounters/44664 completed in 109ms user=dr.smith8@clinic.org
2026-10-09 13:20:32,337 INFO  [http-nio-8080-exec-12] c.e.api.PatientController - GET /api/v2/encounters/15371 completed in 96ms user=dr.smith2@clinic.org
2026-10-09 13:20:34,465 INFO  [http-nio-8080-exec-36] c.e.api.PatientController - GET /api/v2/encounters/15804 completed in 61ms user=dr.smith7@clinic.org
2026-10-09 13:20:36,034 INFO  [http-nio-8080-exec-38] c.e.api.PatientController - GET /api/v2/encounters/13743 completed in 125ms user=dr.smith3@clinic.org
2026-10-09 13:20:38,857 INFO  [http-nio-8080-exec-24] c.e.api.PatientController - GET /api/v2/encounters/96371 completed in 61ms user=dr.smith6@clinic.org
2026-10-09 13:20:39,964 INFO  [http-nio-8080-exec-1] c.e.api.PatientController - GET /api/v2/encounters/85510 completed in 142ms user=dr.smith5@clinic.org
2026-10-09 13:20:41,096 INFO  [http-nio-8080-exec-16] c.e.api.PatientController - GET /api/v2/encounters/16344 completed in 59ms user=dr.smith8@clinic.org
2026-10-09 13:20:42,554 INFO  [http-nio-8080-exec-30] c.e.api.PatientController - GET /api/v2/encounters/33239 completed in 61ms user=dr.smith9@clinic.org
2026-10-09 13:20:43,262 INFO  [http-nio-8080-exec-13] c.e.api.PatientController - GET /api/v2/encounters/38156 completed in 123ms user=dr.smith9@clinic.org
2026-10-09 13:20:45,130 WARN  [http-nio-8080-exec-35] c.e.api.ReportService - Slow request /api/v2/reports took 2527ms
2026-10-09 13:20:46,097 INFO  [http-nio-8080-exec-4] c.e.api.PatientController - GET /api/v2/encounters/65015 completed in 166ms user=dr.smith4@clinic.org
2026-10-09 13:20:49,234 INFO  [http-nio-8080-exec-11] c.e.api.PatientController - GET /api/v2/encounters/21140 completed in 87ms user=dr.smith1@clinic.org
2026-10-09 13:20:50,639 INFO  [http-nio-8080-exec-19] c.e.api.PatientController - GET /api/v2/encounters/75686 completed in 50ms user=dr.smith2@clinic.org
2026-10-09 13:20:50,639 ERROR [metrics-1] c.e.metrics.StatsdClient - Failed to send metrics to statsd 10.0.0.9:8125: Connection refused
2026-10-09 13:20:53,222 INFO  [http-nio-8080-exec-39] c.e.api.PatientController - GET /api/v2/encounters/68232 completed in 35ms user=dr.smith4@clinic.org
2026-10-09 13:20:54,345 INFO  [scheduler-1] c.e.jobs.SyncJob - Sync batch 43 done
2026-10-09 13:20:55,791 INFO  [http-nio-8080-exec-20] c.e.api.PatientController - GET /api/v2/encounters/45836 completed in 41ms user=dr.smith8@clinic.org
2026-10-09 13:20:57,187 INFO  [http-nio-8080-exec-27] c.e.api.PatientController - GET /api/v2/encounters/54360 completed in 28ms user=dr.smith2@clinic.org
2026-10-09 13:21:00,151 INFO  [http-nio-8080-exec-11] c.e.api.PatientController - GET /api/v2/encounters/20822 completed in 108ms user=dr.smith3@clinic.org
2026-10-09 13:21:01,947 INFO  [http-nio-8080-exec-22] c.e.api.PatientController - GET /api/v2/encounters/93877 completed in 37ms user=dr.smith1@clinic.org
2026-10-09 13:21:04,491 INFO  [http-nio-8080-exec-34] c.e.api.PatientController - GET /api/v2/encounters/44253 completed in 37ms user=dr.smith2@clinic.org
2026-10-09 13:21:05,640 INFO  [http-nio-8080-exec-24] c.e.api.PatientController - GET /api/v2/encounters/54916 completed in 43ms user=dr.smith6@clinic.org
2026-10-09 13:21:08,822 INFO  [scheduler-1] c.e.jobs.SyncJob - Sync batch 689 done
2026-10-09 13:21:10,508 INFO  [http-nio-8080-exec-20] c.e.api.PatientController - GET /api/v2/encounters/7917 completed in 139ms user=dr.smith3@clinic.org
2026-10-09 13:21:12,844 INFO  [http-nio-8080-exec-33] c.e.api.PatientController - GET /api/v2/encounters/40186 completed in 171ms user=dr.smith9@clinic.org
2026-10-09 13:21:14,647 INFO  [http-nio-8080-exec-17] c.e.api.PatientController - GET /api/v2/encounters/99397 completed in 79ms user=dr.smith4@clinic.org
2026-10-09 13:21:16,468 INFO  [http-nio-8080-exec-32] c.e.api.PatientController - GET /api/v2/encounters/76366 completed in 32ms user=dr.smith7@clinic.org
2026-10-09 13:21:18,404 INFO  [http-nio-8080-exec-22] c.e.api.PatientController - GET /api/v2/encounters/50678 completed in 123ms user=dr.smith2@clinic.org
2026-10-09 13:21:20,688 INFO  [http-nio-8080-exec-22] c.e.api.PatientController - GET /api/v2/encounters/87937 completed in 172ms user=dr.smith7@clinic.org
2026-10-09 13:21:22,004 INFO  [http-nio-8080-exec-39] c.e.api.PatientController - GET /api/v2/encounters/3143 completed in 48ms user=dr.smith8@clinic.org
2026-10-09 13:21:24,619 INFO  [http-nio-8080-exec-10] c.e.api.PatientController - GET /api/v2/encounters/44963 completed in 159ms user=dr.smith4@clinic.org
2026-10-09 13:21:25,403 INFO  [http-nio-8080-exec-40] c.e.api.PatientController - GET /api/v2/encounters/5268 completed in 94ms user=dr.smith6@clinic.org
2026-10-09 13:21:26,277 INFO  [http-nio-8080-exec-29] c.e.api.PatientController - GET /api/v2/encounters/54404 completed in 157ms user=dr.smith4@clinic.org
2026-10-09 13:21:28,699 INFO  [http-nio-8080-exec-25] c.e.api.PatientController - GET /api/v2/encounters/25131 completed in 119ms user=dr.smith5@clinic.org
2026-10-09 13:21:29,154 INFO  [http-nio-8080-exec-15] c.e.api.PatientController - GET /api/v2/encounters/47078 completed in 176ms user=dr.smith7@clinic.org
2026-10-09 13:21:31,326 INFO  [scheduler-1] c.e.jobs.SyncJob - Sync batch 519 done
2026-10-09 13:21:33,621 INFO  [http-nio-8080-exec-11] c.e.api.PatientController - GET /api/v2/encounters/52240 completed in 154ms user=dr.smith1@clinic.org
2026-10-09 13:21:34,179 INFO  [http-nio-8080-exec-16] c.e.api.PatientController - GET /api/v2/encounters/60581 completed in 164ms user=dr.smith5@clinic.org
2026-10-09 13:21:37,692 INFO  [http-nio-8080-exec-36] c.e.api.PatientController - GET /api/v2/encounters/97281 completed in 151ms user=dr.smith7@clinic.org
2026-10-09 13:21:38,771 WARN  [http-nio-8080-exec-27] c.e.api.ReportService - Slow request /api/v2/reports took 1655ms
2026-10-09 13:21:40,339 INFO  [http-nio-8080-exec-19] c.e.api.PatientController - GET /api/v2/encounters/48424 completed in 98ms user=dr.smith7@clinic.org
2026-10-09 13:21:43,828 INFO  [http-nio-8080-exec-32] c.e.api.PatientController - GET /api/v2/encounters/65663 completed in 113ms user=dr.smith1@clinic.org
2026-10-09 13:21:44,854 WARN  [http-nio-8080-exec-8] c.e.api.ReportService - Slow request /api/v2/reports took 2641ms
2026-10-09 13:21:46,318 INFO  [http-nio-8080-exec-10] c.e.api.PatientController - GET /api/v2/encounters/96533 completed in 175ms user=dr.smith8@clinic.org
2026-10-09 13:21:47,333 INFO  [http-nio-8080-exec-1] c.e.api.PatientController - GET /api/v2/encounters/36580 completed in 56ms user=dr.smith4@clinic.org
2026-10-09 13:21:49,590 INFO  [http-nio-8080-exec-26] c.e.api.PatientController - GET /api/v2/encounters/23751 completed in 170ms user=dr.smith5@clinic.org
2026-10-09 13:21:51,247 INFO  [http-nio-8080-exec-35] c.e.api.PatientController - GET /api/v2/encounters/4382 completed in 127ms user=dr.smith9@clinic.org
2026-10-09 13:21:54,664 INFO  [http-nio-8080-exec-25] c.e.api.PatientController - GET /api/v2/encounters/65617 completed in 112ms user=dr.smith5@clinic.org
2026-10-09 13:21:56,853 INFO  [http-nio-8080-exec-4] c.e.api.PatientController - GET /api/v2/encounters/70781 completed in 108ms user=dr.smith3@clinic.org
2026-10-09 13:21:57,826 WARN  [http-nio-8080-exec-11] c.e.api.ReportService - Slow request /api/v2/reports took 2130ms
2026-10-09 13:22:00,174 INFO  [http-nio-8080-exec-4] c.e.api.PatientController - GET /api/v2/encounters/77975 completed in 96ms user=dr.smith7@clinic.org
2026-10-09 13:22:02,368 INFO  [scheduler-1] c.e.jobs.SyncJob - Sync batch 192 done
2026-10-09 13:22:04,912 WARN  [http-nio-8080-exec-13] c.e.api.ReportService - Slow request /api/v2/reports took 2771ms
2026-10-09 13:22:06,448 INFO  [http-nio-8080-exec-17] c.e.api.PatientController - GET /api/v2/encounters/48420 completed in 120ms user=dr.smith6@clinic.org
2026-10-09 13:22:07,986 INFO  [http-nio-8080-exec-8] c.e.api.PatientController - GET /api/v2/encounters/27735 completed in 179ms user=dr.smith8@clinic.org
2026-10-09 13:22:09,418 INFO  [http-nio-8080-exec-21] c.e.api.PatientController - GET /api/v2/encounters/6760 completed in 58ms user=dr.smith5@clinic.org
2026-10-09 13:22:12,481 INFO  [http-nio-8080-exec-27] c.e.api.PatientController - GET /api/v2/encounters/99648 completed in 39ms user=dr.smith5@clinic.org
2026-10-09 13:22:14,734 WARN  [http-nio-8080-exec-34] c.e.api.ReportService - Slow request /api/v2/reports took 2090ms
2026-10-09 13:22:16,124 INFO  [http-nio-8080-exec-1] c.e.api.PatientController - GET /api/v2/encounters/6417 completed in 156ms user=dr.smith5@clinic.org
2026-10-09 13:22:18,962 INFO  [http-nio-8080-exec-16] c.e.api.PatientController - GET /api/v2/encounters/10157 completed in 160ms user=dr.smith2@clinic.org
2026-10-09 13:22:21,694 INFO  [http-nio-8080-exec-8] c.e.api.PatientController - GET /api/v2/encounters/41232 completed in 62ms user=dr.smith3@clinic.org
2026-10-09 13:22:24,649 INFO  [http-nio-8080-exec-8] c.e.api.PatientController - GET /api/v2/encounters/53931 completed in 120ms user=dr.smith6@clinic.org
2026-10-09 13:22:25,511 INFO  [http-nio-8080-exec-23] c.e.api.PatientController - GET /api/v2/encounters/25344 completed in 56ms user=dr.smith9@clinic.org
2026-10-09 13:22:28,423 INFO  [http-nio-8080-exec-19] c.e.api.PatientController - GET /api/v2/encounters/18506 completed in 74ms user=dr.smith6@clinic.org
2026-10-09 13:22:30,946 INFO  [http-nio-8080-exec-33] c.e.api.PatientController - GET /api/v2/encounters/1407 completed in 166ms user=dr.smith4@clinic.org
2026-10-09 13:22:32,413 INFO  [http-nio-8080-exec-18] c.e.api.PatientController - GET /api/v2/encounters/90068 completed in 53ms user=dr.smith3@clinic.org
2026-10-09 13:22:34,870 INFO  [http-nio-8080-exec-33] c.e.api.PatientController - GET /api/v2/encounters/17376 completed in 92ms user=dr.smith1@clinic.org
2026-10-09 13:22:36,840 WARN  [http-nio-8080-exec-25] c.e.api.ReportService - Slow request /api/v2/reports took 2088ms
2026-10-09 13:22:38,721 WARN  [http-nio-8080-exec-25] c.e.api.ReportService - Slow request /api/v2/reports took 2754ms
2026-10-09 13:22:40,729 INFO  [http-nio-8080-exec-39] c.e.api.PatientController - GET /api/v2/encounters/80278 completed in 150ms user=dr.smith5@clinic.org
2026-10-09 13:22:43,925 INFO  [http-nio-8080-exec-7] c.e.api.PatientController - GET /api/v2/encounters/48152 completed in 165ms user=dr.smith2@clinic.org
2026-10-09 13:22:44,716 INFO  [http-nio-8080-exec-8] c.e.api.PatientController - GET /api/v2/encounters/43617 completed in 75ms user=dr.smith1@clinic.org
2026-10-09 13:22:46,782 INFO  [http-nio-8080-exec-18] c.e.api.PatientController - GET /api/v2/encounters/66977 completed in 35ms user=dr.smith8@clinic.org
2026-10-09 13:22:48,609 INFO  [http-nio-8080-exec-3] c.e.api.PatientController - GET /api/v2/encounters/71498 completed in 139ms user=dr.smith2@clinic.org
2026-10-09 13:22:50,301 INFO  [http-nio-8080-exec-22] c.e.api.PatientController - GET /api/v2/encounters/44389 completed in 155ms user=dr.smith4@clinic.org
2026-10-09 13:22:52,812 INFO  [http-nio-8080-exec-19] c.e.api.PatientController - GET /api/v2/encounters/76698 completed in 157ms user=dr.smith1@clinic.org
2026-10-09 13:22:53,177 INFO  [http-nio-8080-exec-33] c.e.api.PatientController - GET /api/v2/encounters/36134 completed in 128ms user=dr.smith6@clinic.org
2026-10-09 13:22:54,645 INFO  [http-nio-8080-exec-6] c.e.api.PatientController - GET /api/v2/encounters/77666 completed in 48ms user=dr.smith7@clinic.org
2026-10-09 13:22:56,977 INFO  [http-nio-8080-exec-15] c.e.api.PatientController - GET /api/v2/encounters/88387 completed in 34ms user=dr.smith6@clinic.org
2026-10-09 13:22:59,337 INFO  [http-nio-8080-exec-17] c.e.api.PatientController - GET /api/v2/encounters/10356 completed in 142ms user=dr.smith3@clinic.org
2026-10-09 13:23:01,992 INFO  [http-nio-8080-exec-40] c.e.api.PatientController - GET /api/v2/encounters/60592 completed in 68ms user=dr.smith6@clinic.org
2026-10-09 13:23:03,114 INFO  [http-nio-8080-exec-19] c.e.api.PatientController - GET /api/v2/encounters/26455 completed in 39ms user=dr.smith9@clinic.org
2026-10-09 13:23:04,796 INFO  [http-nio-8080-exec-13] c.e.api.PatientController - GET /api/v2/encounters/35813 completed in 71ms user=dr.smith9@clinic.org
2026-10-09 13:23:07,858 INFO  [scheduler-1] c.e.jobs.SyncJob - Sync batch 766 done
2026-10-09 13:23:09,023 WARN  [http-nio-8080-exec-40] c.e.api.ReportService - Slow request /api/v2/reports took 2973ms
2026-10-09 13:23:10,362 INFO  [http-nio-8080-exec-1] c.e.api.PatientController - GET /api/v2/encounters/85092 completed in 157ms user=dr.smith5@clinic.org
2026-10-09 13:23:12,642 INFO  [http-nio-8080-exec-21] c.e.api.PatientController - GET /api/v2/encounters/47473 completed in 98ms user=dr.smith2@clinic.org
2026-10-09 13:23:13,179 INFO  [http-nio-8080-exec-27] c.e.api.PatientController - GET /api/v2/encounters/4851 completed in 136ms user=dr.smith2@clinic.org
2026-10-09 13:23:15,878 INFO  [http-nio-8080-exec-31] c.e.api.PatientController - GET /api/v2/encounters/64703 completed in 41ms user=dr.smith6@clinic.org
2026-10-09 13:23:18,487 WARN  [http-nio-8080-exec-9] c.e.api.ReportService - Slow request /api/v2/reports took 1722ms
2026-10-09 13:23:20,257 INFO  [http-nio-8080-exec-14] c.e.api.PatientController - GET /api/v2/encounters/47375 completed in 84ms user=dr.smith1@clinic.org
2026-10-09 13:23:23,197 INFO  [http-nio-8080-exec-34] c.e.api.PatientController - GET /api/v2/encounters/58245 completed in 118ms user=dr.smith3@clinic.org
2026-10-09 13:23:25,861 INFO  [http-nio-8080-exec-9] c.e.api.PatientController - GET /api/v2/encounters/2687 completed in 48ms user=dr.smith4@clinic.org
2026-10-09 13:23:28,544 INFO  [http-nio-8080-exec-1] c.e.api.PatientController - GET /api/v2/encounters/12278 completed in 138ms user=dr.smith1@clinic.org
2026-10-09 13:23:29,586 INFO  [http-nio-8080-exec-5] c.e.api.PatientController - GET /api/v2/encounters/43384 completed in 106ms user=dr.smith9@clinic.org
2026-10-09 13:23:32,496 INFO  [http-nio-8080-exec-14] c.e.api.PatientController - GET /api/v2/encounters/1961 completed in 82ms user=dr.smith4@clinic.org
2026-10-09 13:23:35,391 WARN  [http-nio-8080-exec-7] c.e.api.ReportService - Slow request /api/v2/reports took 2710ms
2026-10-09 13:23:38,967 INFO  [http-nio-8080-exec-30] c.e.api.PatientController - GET /api/v2/encounters/75980 completed in 169ms user=dr.smith8@clinic.org
2026-10-09 13:23:40,583 INFO  [http-nio-8080-exec-4] c.e.api.PatientController - GET /api/v2/encounters/62690 completed in 63ms user=dr.smith7@clinic.org
2026-10-09 13:23:42,882 INFO  [http-nio-8080-exec-16] c.e.api.PatientController - GET /api/v2/encounters/94956 completed in 140ms user=dr.smith8@clinic.org
2026-10-09 13:23:45,121 WARN  [http-nio-8080-exec-39] c.e.api.ReportService - Slow request /api/v2/reports took 2281ms
2026-10-09 13:23:46,244 INFO  [http-nio-8080-exec-15] c.e.api.PatientController - GET /api/v2/encounters/1642 completed in 120ms user=dr.smith4@clinic.org
2026-10-09 13:23:48,759 INFO  [http-nio-8080-exec-16] c.e.api.PatientController - GET /api/v2/encounters/13294 completed in 71ms user=dr.smith1@clinic.org
2026-10-09 13:23:49,049 INFO  [http-nio-8080-exec-15] c.e.api.PatientController - GET /api/v2/encounters/89064 completed in 31ms user=dr.smith9@clinic.org
2026-10-09 13:23:51,941 INFO  [http-nio-8080-exec-3] c.e.api.PatientController - GET /api/v2/encounters/21108 completed in 139ms user=dr.smith1@clinic.org
2026-10-09 13:23:53,979 INFO  [http-nio-8080-exec-7] c.e.api.PatientController - GET /api/v2/encounters/25502 completed in 56ms user=dr.smith9@clinic.org
2026-10-09 13:23:55,524 INFO  [http-nio-8080-exec-33] c.e.api.PatientController - GET /api/v2/encounters/51019 completed in 20ms user=dr.smith2@clinic.org
2026-10-09 13:23:57,569 INFO  [http-nio-8080-exec-6] c.e.api.PatientController - GET /api/v2/encounters/66860 completed in 163ms user=dr.smith9@clinic.org
2026-10-09 13:23:58,055 INFO  [http-nio-8080-exec-40] c.e.api.PatientController - GET /api/v2/encounters/39137 completed in 137ms user=dr.smith7@clinic.org
2026-10-09 13:24:01,573 INFO  [http-nio-8080-exec-2] c.e.api.PatientController - GET /api/v2/encounters/25558 completed in 149ms user=dr.smith8@clinic.org
2026-10-09 13:24:02,725 INFO  [http-nio-8080-exec-14] c.e.api.PatientController - GET /api/v2/encounters/89044 completed in 129ms user=dr.smith2@clinic.org
2026-10-09 13:24:04,088 INFO  [http-nio-8080-exec-23] c.e.api.PatientController - GET /api/v2/encounters/89821 completed in 44ms user=dr.smith2@clinic.org
2026-10-09 13:24:07,870 WARN  [http-nio-8080-exec-7] c.e.api.ReportService - Slow request /api/v2/reports took 1683ms
2026-10-09 13:24:09,309 INFO  [http-nio-8080-exec-19] c.e.api.PatientController - GET /api/v2/encounters/20375 completed in 146ms user=dr.smith6@clinic.org
2026-10-09 13:24:11,007 INFO  [http-nio-8080-exec-3] c.e.api.PatientController - GET /api/v2/encounters/15898 completed in 173ms user=dr.smith4@clinic.org
2026-10-09 13:24:13,466 INFO  [scheduler-1] c.e.jobs.SyncJob - Sync batch 946 done
2026-10-09 13:24:15,664 INFO  [http-nio-8080-exec-6] c.e.api.PatientController - GET /api/v2/encounters/3826 completed in 35ms user=dr.smith1@clinic.org
2026-10-09 13:24:18,138 INFO  [http-nio-8080-exec-28] c.e.api.PatientController - GET /api/v2/encounters/8184 completed in 66ms user=dr.smith5@clinic.org
2026-10-09 13:24:20,723 INFO  [http-nio-8080-exec-20] c.e.api.PatientController - GET /api/v2/encounters/46676 completed in 27ms user=dr.smith6@clinic.org
2026-10-09 13:24:21,166 INFO  [http-nio-8080-exec-31] c.e.api.PatientController - GET /api/v2/encounters/82664 completed in 103ms user=dr.smith5@clinic.org
2026-10-09 13:24:24,013 INFO  [http-nio-8080-exec-2] c.e.api.PatientController - GET /api/v2/encounters/45657 completed in 79ms user=dr.smith9@clinic.org
2026-10-09 13:24:27,943 INFO  [http-nio-8080-exec-1] c.e.api.PatientController - GET /api/v2/encounters/32297 completed in 107ms user=dr.smith2@clinic.org
2026-10-09 13:24:29,107 INFO  [http-nio-8080-exec-21] c.e.api.PatientController - GET /api/v2/encounters/56705 completed in 180ms user=dr.smith6@clinic.org
2026-10-09 13:24:31,550 INFO  [http-nio-8080-exec-30] c.e.api.PatientController - GET /api/v2/encounters/22117 completed in 74ms user=dr.smith9@clinic.org
2026-10-09 13:24:32,679 INFO  [http-nio-8080-exec-27] c.e.api.PatientController - GET /api/v2/encounters/69003 completed in 42ms user=dr.smith4@clinic.org
2026-10-09 13:24:33,773 WARN  [http-nio-8080-exec-1] c.e.api.ReportService - Slow request /api/v2/reports took 2962ms
2026-10-09 13:24:35,732 INFO  [http-nio-8080-exec-12] c.e.api.PatientController - GET /api/v2/encounters/81032 completed in 132ms user=dr.smith3@clinic.org
2026-10-09 13:24:37,763 INFO  [http-nio-8080-exec-26] c.e.api.PatientController - GET /api/v2/encounters/33570 completed in 107ms user=dr.smith5@clinic.org
2026-10-09 13:24:40,093 INFO  [http-nio-8080-exec-14] c.e.api.PatientController - GET /api/v2/encounters/85035 completed in 86ms user=dr.smith3@clinic.org
2026-10-09 13:24:42,612 INFO  [http-nio-8080-exec-26] c.e.api.PatientController - GET /api/v2/encounters/40832 completed in 39ms user=dr.smith2@clinic.org
2026-10-09 13:24:45,548 INFO  [http-nio-8080-exec-24] c.e.api.PatientController - GET /api/v2/encounters/10762 completed in 56ms user=dr.smith9@clinic.org
2026-10-09 13:24:46,505 INFO  [http-nio-8080-exec-33] c.e.api.PatientController - GET /api/v2/encounters/91117 completed in 90ms user=dr.smith8@clinic.org
2026-10-09 13:24:47,102 INFO  [http-nio-8080-exec-26] c.e.api.PatientController - GET /api/v2/encounters/54600 completed in 64ms user=dr.smith8@clinic.org
2026-10-09 13:24:50,899 INFO  [http-nio-8080-exec-30] c.e.api.PatientController - GET /api/v2/encounters/45871 completed in 102ms user=dr.smith4@clinic.org
2026-10-09 13:24:51,848 INFO  [http-nio-8080-exec-7] c.e.api.PatientController - GET /api/v2/encounters/28377 completed in 109ms user=dr.smith6@clinic.org
2026-10-09 13:24:53,010 INFO  [http-nio-8080-exec-5] c.e.api.PatientController - GET /api/v2/encounters/12729 completed in 60ms user=dr.smith5@clinic.org
2026-10-09 13:24:55,184 INFO  [http-nio-8080-exec-31] c.e.api.PatientController - GET /api/v2/encounters/13727 completed in 34ms user=dr.smith7@clinic.org
2026-10-09 13:24:57,091 INFO  [http-nio-8080-exec-15] c.e.api.PatientController - GET /api/v2/encounters/9133 completed in 36ms user=dr.smith5@clinic.org
2026-10-09 13:24:58,873 WARN  [http-nio-8080-exec-23] c.e.api.ReportService - Slow request /api/v2/reports took 2244ms
2026-10-09 13:25:00,180 INFO  [http-nio-8080-exec-17] c.e.api.PatientController - GET /api/v2/encounters/49559 completed in 113ms user=dr.smith3@clinic.org
2026-10-09 13:25:00,180 ERROR [metrics-1] c.e.metrics.StatsdClient - Failed to send metrics to statsd 10.0.0.9:8125: Connection refused
2026-10-09 13:25:02,114 WARN  [http-nio-8080-exec-11] c.e.api.ReportService - Slow request /api/v2/reports took 2084ms
2026-10-09 13:25:04,954 INFO  [http-nio-8080-exec-15] c.e.api.PatientController - GET /api/v2/encounters/86014 completed in 69ms user=dr.smith4@clinic.org
2026-10-09 13:25:07,873 INFO  [http-nio-8080-exec-31] c.e.api.PatientController - GET /api/v2/encounters/35461 completed in 21ms user=dr.smith1@clinic.org
2026-10-09 13:25:08,386 INFO  [http-nio-8080-exec-16] c.e.api.PatientController - GET /api/v2/encounters/37941 completed in 27ms user=dr.smith8@clinic.org
2026-10-09 13:25:10,118 INFO  [http-nio-8080-exec-36] c.e.api.PatientController - GET /api/v2/encounters/94260 completed in 145ms user=dr.smith2@clinic.org
2026-10-09 13:25:12,496 INFO  [http-nio-8080-exec-12] c.e.api.PatientController - GET /api/v2/encounters/31244 completed in 129ms user=dr.smith8@clinic.org
2026-10-09 13:25:13,195 INFO  [http-nio-8080-exec-24] c.e.api.PatientController - GET /api/v2/encounters/59185 completed in 140ms user=dr.smith4@clinic.org
2026-10-09 13:25:16,568 INFO  [http-nio-8080-exec-33] c.e.api.PatientController - GET /api/v2/encounters/30151 completed in 143ms user=dr.smith4@clinic.org
2026-10-09 13:25:18,891 INFO  [scheduler-1] c.e.jobs.SyncJob - Sync batch 951 done
2026-10-09 13:25:21,112 INFO  [http-nio-8080-exec-28] c.e.api.PatientController - GET /api/v2/encounters/69791 completed in 34ms user=dr.smith4@clinic.org
2026-10-09 13:25:23,522 WARN  [http-nio-8080-exec-14] c.e.api.ReportService - Slow request /api/v2/reports took 1707ms
2026-10-09 13:25:24,271 INFO  [http-nio-8080-exec-30] c.e.api.PatientController - GET /api/v2/encounters/96856 completed in 53ms user=dr.smith2@clinic.org
2026-10-09 13:25:26,646 INFO  [http-nio-8080-exec-14] c.e.api.PatientController - GET /api/v2/encounters/37782 completed in 112ms user=dr.smith2@clinic.org
2026-10-09 13:25:28,486 INFO  [http-nio-8080-exec-12] c.e.api.PatientController - GET /api/v2/encounters/67785 completed in 22ms user=dr.smith9@clinic.org
2026-10-09 13:25:31,659 INFO  [http-nio-8080-exec-3] c.e.api.PatientController - GET /api/v2/encounters/71402 completed in 79ms user=dr.smith8@clinic.org
2026-10-09 13:25:33,142 INFO  [http-nio-8080-exec-10] c.e.api.PatientController - GET /api/v2/encounters/51771 completed in 102ms user=dr.smith1@clinic.org
2026-10-09 13:25:36,376 INFO  [http-nio-8080-exec-12] c.e.api.PatientController - GET /api/v2/encounters/92719 completed in 78ms user=dr.smith1@clinic.org
2026-10-09 13:25:38,923 INFO  [http-nio-8080-exec-29] c.e.api.PatientController - GET /api/v2/encounters/29438 completed in 29ms user=dr.smith5@clinic.org
2026-10-09 13:25:40,143 INFO  [http-nio-8080-exec-20] c.e.api.PatientController - GET /api/v2/encounters/99163 completed in 100ms user=dr.smith4@clinic.org
2026-10-09 13:25:43,411 INFO  [http-nio-8080-exec-11] c.e.api.PatientController - GET /api/v2/encounters/2652 completed in 112ms user=dr.smith8@clinic.org
2026-10-09 13:25:44,488 INFO  [http-nio-8080-exec-32] c.e.api.PatientController - GET /api/v2/encounters/89157 completed in 74ms user=dr.smith4@clinic.org
2026-10-09 13:25:45,481 INFO  [http-nio-8080-exec-30] c.e.api.PatientController - GET /api/v2/encounters/36517 completed in 77ms user=dr.smith6@clinic.org
2026-10-09 13:25:46,181 INFO  [http-nio-8080-exec-2] c.e.api.PatientController - GET /api/v2/encounters/75525 completed in 115ms user=dr.smith3@clinic.org
2026-10-09 13:25:48,857 INFO  [http-nio-8080-exec-39] c.e.api.PatientController - GET /api/v2/encounters/34796 completed in 175ms user=dr.smith8@clinic.org
2026-10-09 13:25:50,561 INFO  [http-nio-8080-exec-9] c.e.api.PatientController - GET /api/v2/encounters/35219 completed in 81ms user=dr.smith9@clinic.org
2026-10-09 13:25:50,561 ERROR [metrics-1] c.e.metrics.StatsdClient - Failed to send metrics to statsd 10.0.0.9:8125: Connection refused
2026-10-09 13:25:51,983 INFO  [http-nio-8080-exec-9] c.e.api.PatientController - GET /api/v2/encounters/69446 completed in 54ms user=dr.smith6@clinic.org
2026-10-09 13:25:54,058 INFO  [http-nio-8080-exec-28] c.e.api.PatientController - GET /api/v2/encounters/22954 completed in 40ms user=dr.smith8@clinic.org
2026-10-09 13:25:56,259 WARN  [http-nio-8080-exec-15] c.e.api.ReportService - Slow request /api/v2/reports took 1808ms
2026-10-09 13:25:59,275 INFO  [scheduler-1] c.e.jobs.SyncJob - Sync batch 730 done
2026-10-09 13:26:01,052 INFO  [http-nio-8080-exec-7] c.e.api.PatientController - GET /api/v2/encounters/3294 completed in 94ms user=dr.smith2@clinic.org
2026-10-09 13:26:03,990 INFO  [http-nio-8080-exec-9] c.e.api.PatientController - GET /api/v2/encounters/56061 completed in 38ms user=dr.smith9@clinic.org
2026-10-09 13:26:05,307 INFO  [http-nio-8080-exec-33] c.e.api.PatientController - GET /api/v2/encounters/77425 completed in 49ms user=dr.smith8@clinic.org
2026-10-09 13:26:06,673 INFO  [http-nio-8080-exec-24] c.e.api.PatientController - GET /api/v2/encounters/69406 completed in 162ms user=dr.smith4@clinic.org
2026-10-09 13:26:08,606 WARN  [http-nio-8080-exec-37] c.e.api.ReportService - Slow request /api/v2/reports took 2282ms
2026-10-09 13:26:09,708 INFO  [scheduler-1] c.e.jobs.SyncJob - Sync batch 659 done
2026-10-09 13:26:11,375 INFO  [scheduler-1] c.e.jobs.SyncJob - Sync batch 264 done
2026-10-09 13:26:13,075 INFO  [http-nio-8080-exec-4] c.e.api.PatientController - GET /api/v2/encounters/82821 completed in 140ms user=dr.smith4@clinic.org
2026-10-09 13:26:15,818 WARN  [http-nio-8080-exec-29] c.e.api.ReportService - Slow request /api/v2/reports took 2473ms
2026-10-09 13:26:17,779 INFO  [http-nio-8080-exec-12] c.e.api.PatientController - GET /api/v2/encounters/62014 completed in 103ms user=dr.smith4@clinic.org
2026-10-09 13:26:20,091 INFO  [scheduler-1] c.e.jobs.SyncJob - Sync batch 213 done
2026-10-09 13:26:22,410 INFO  [scheduler-1] c.e.jobs.SyncJob - Sync batch 922 done
2026-10-09 13:26:25,379 INFO  [http-nio-8080-exec-24] c.e.api.PatientController - GET /api/v2/encounters/50818 completed in 146ms user=dr.smith6@clinic.org
2026-10-09 13:26:26,227 INFO  [http-nio-8080-exec-18] c.e.api.PatientController - GET /api/v2/encounters/15823 completed in 29ms user=dr.smith9@clinic.org
2026-10-09 13:26:27,415 INFO  [http-nio-8080-exec-5] c.e.api.PatientController - GET /api/v2/encounters/62547 completed in 169ms user=dr.smith8@clinic.org
2026-10-09 13:26:30,590 INFO  [http-nio-8080-exec-23] c.e.api.PatientController - GET /api/v2/encounters/93331 completed in 131ms user=dr.smith6@clinic.org
2026-10-09 13:26:31,493 INFO  [http-nio-8080-exec-11] c.e.api.PatientController - GET /api/v2/encounters/52646 completed in 114ms user=dr.smith2@clinic.org
2026-10-09 13:26:34,785 INFO  [http-nio-8080-exec-36] c.e.api.PatientController - GET /api/v2/encounters/85159 completed in 72ms user=dr.smith4@clinic.org
2026-10-09 13:26:37,989 INFO  [http-nio-8080-exec-24] c.e.api.PatientController - GET /api/v2/encounters/40432 completed in 85ms user=dr.smith3@clinic.org
2026-10-09 13:26:39,615 INFO  [http-nio-8080-exec-38] c.e.api.PatientController - GET /api/v2/encounters/6980 completed in 70ms user=dr.smith1@clinic.org
2026-10-09 13:26:42,422 INFO  [http-nio-8080-exec-18] c.e.api.PatientController - GET /api/v2/encounters/4808 completed in 37ms user=dr.smith1@clinic.org
2026-10-09 13:26:44,087 INFO  [http-nio-8080-exec-1] c.e.api.PatientController - GET /api/v2/encounters/23752 completed in 78ms user=dr.smith3@clinic.org
2026-10-09 13:26:46,728 INFO  [http-nio-8080-exec-16] c.e.api.PatientController - GET /api/v2/encounters/3531 completed in 26ms user=dr.smith2@clinic.org
2026-10-09 13:26:47,090 INFO  [scheduler-1] c.e.jobs.SyncJob - Sync batch 153 done
2026-10-09 13:26:49,075 INFO  [http-nio-8080-exec-21] c.e.api.PatientController - GET /api/v2/encounters/39242 completed in 126ms user=dr.smith8@clinic.org
2026-10-09 13:26:52,341 INFO  [http-nio-8080-exec-6] c.e.api.PatientController - GET /api/v2/encounters/35601 completed in 61ms user=dr.smith5@clinic.org
2026-10-09 13:26:53,639 INFO  [http-nio-8080-exec-17] c.e.api.PatientController - GET /api/v2/encounters/18270 completed in 104ms user=dr.smith6@clinic.org
2026-10-09 13:26:55,144 INFO  [http-nio-8080-exec-36] c.e.api.PatientController - GET /api/v2/encounters/7717 completed in 59ms user=dr.smith7@clinic.org
2026-10-09 13:26:57,734 INFO  [http-nio-8080-exec-20] c.e.api.PatientController - GET /api/v2/encounters/10457 completed in 140ms user=dr.smith2@clinic.org
2026-10-09 13:26:58,155 INFO  [http-nio-8080-exec-29] c.e.api.PatientController - GET /api/v2/encounters/62398 completed in 79ms user=dr.smith2@clinic.org
2026-10-09 13:27:00,483 INFO  [http-nio-8080-exec-9] c.e.api.PatientController - GET /api/v2/encounters/2723 completed in 69ms user=dr.smith4@clinic.org
2026-10-09 13:27:02,649 INFO  [http-nio-8080-exec-17] c.e.api.PatientController - GET /api/v2/encounters/66706 completed in 128ms user=dr.smith9@clinic.org
2026-10-09 13:27:04,741 INFO  [http-nio-8080-exec-15] c.e.api.PatientController - GET /api/v2/encounters/95943 completed in 26ms user=dr.smith4@clinic.org
2026-10-09 13:27:06,216 INFO  [http-nio-8080-exec-30] c.e.api.PatientController - GET /api/v2/encounters/81572 completed in 69ms user=dr.smith3@clinic.org
2026-10-09 13:27:07,318 INFO  [scheduler-1] c.e.jobs.SyncJob - Sync batch 921 done
2026-10-09 13:27:09,161 INFO  [http-nio-8080-exec-30] c.e.api.PatientController - GET /api/v2/encounters/45418 completed in 99ms user=dr.smith7@clinic.org
2026-10-09 13:27:10,738 INFO  [http-nio-8080-exec-39] c.e.api.PatientController - GET /api/v2/encounters/42353 completed in 42ms user=dr.smith5@clinic.org
2026-10-09 13:27:11,526 INFO  [http-nio-8080-exec-12] c.e.api.PatientController - GET /api/v2/encounters/83501 completed in 82ms user=dr.smith8@clinic.org
2026-10-09 13:27:12,328 INFO  [http-nio-8080-exec-33] c.e.api.PatientController - GET /api/v2/encounters/95157 completed in 153ms user=dr.smith6@clinic.org
2026-10-09 13:27:15,487 INFO  [http-nio-8080-exec-5] c.e.api.PatientController - GET /api/v2/encounters/14921 completed in 37ms user=dr.smith7@clinic.org
2026-10-09 13:27:17,068 INFO  [http-nio-8080-exec-33] c.e.api.PatientController - GET /api/v2/encounters/30082 completed in 135ms user=dr.smith6@clinic.org
2026-10-09 13:27:19,960 INFO  [http-nio-8080-exec-24] c.e.api.PatientController - GET /api/v2/encounters/71121 completed in 134ms user=dr.smith6@clinic.org
2026-10-09 13:27:22,107 INFO  [http-nio-8080-exec-6] c.e.api.PatientController - GET /api/v2/encounters/84467 completed in 91ms user=dr.smith3@clinic.org
2026-10-09 13:27:23,966 WARN  [http-nio-8080-exec-9] c.e.api.ReportService - Slow request /api/v2/reports took 1629ms
2026-10-09 13:27:25,634 INFO  [http-nio-8080-exec-5] c.e.api.PatientController - GET /api/v2/encounters/99393 completed in 107ms user=dr.smith7@clinic.org
2026-10-09 13:27:27,148 INFO  [http-nio-8080-exec-7] c.e.api.PatientController - GET /api/v2/encounters/94830 completed in 33ms user=dr.smith1@clinic.org
2026-10-09 13:27:28,786 INFO  [http-nio-8080-exec-34] c.e.api.PatientController - GET /api/v2/encounters/14965 completed in 38ms user=dr.smith6@clinic.org
2026-10-09 13:27:30,544 INFO  [http-nio-8080-exec-27] c.e.api.PatientController - GET /api/v2/encounters/23165 completed in 81ms user=dr.smith3@clinic.org
2026-10-09 13:27:31,826 INFO  [http-nio-8080-exec-22] c.e.api.PatientController - GET /api/v2/encounters/48504 completed in 51ms user=dr.smith4@clinic.org
2026-10-09 13:27:33,565 INFO  [http-nio-8080-exec-17] c.e.api.PatientController - GET /api/v2/encounters/98079 completed in 118ms user=dr.smith8@clinic.org
2026-10-09 13:27:35,189 INFO  [http-nio-8080-exec-19] c.e.api.PatientController - GET /api/v2/encounters/61978 completed in 120ms user=dr.smith4@clinic.org
2026-10-09 13:27:37,132 INFO  [http-nio-8080-exec-32] c.e.api.PatientController - GET /api/v2/encounters/15024 completed in 151ms user=dr.smith6@clinic.org
2026-10-09 13:27:40,028 INFO  [http-nio-8080-exec-31] c.e.api.PatientController - GET /api/v2/encounters/92137 completed in 58ms user=dr.smith6@clinic.org
2026-10-09 13:27:41,746 INFO  [http-nio-8080-exec-22] c.e.api.PatientController - GET /api/v2/encounters/90472 completed in 68ms user=dr.smith7@clinic.org
2026-10-09 13:27:42,000 WARN  [http-nio-8080-exec-37] c.e.api.ReportService - Slow request /api/v2/reports took 2204ms
2026-10-09 13:27:43,781 INFO  [http-nio-8080-exec-3] c.e.api.PatientController - GET /api/v2/encounters/5918 completed in 103ms user=dr.smith4@clinic.org
2026-10-09 13:27:46,838 WARN  [http-nio-8080-exec-24] c.e.api.ReportService - Slow request /api/v2/reports took 2117ms
2026-10-09 13:27:48,361 INFO  [http-nio-8080-exec-19] c.e.api.PatientController - GET /api/v2/encounters/15449 completed in 78ms user=dr.smith1@clinic.org
2026-10-09 13:27:51,420 INFO  [http-nio-8080-exec-37] c.e.api.PatientController - GET /api/v2/encounters/33030 completed in 33ms user=dr.smith3@clinic.org
2026-10-09 13:27:53,832 INFO  [http-nio-8080-exec-33] c.e.api.PatientController - GET /api/v2/encounters/86974 completed in 103ms user=dr.smith7@clinic.org
2026-10-09 13:27:55,314 INFO  [http-nio-8080-exec-35] c.e.api.PatientController - GET /api/v2/encounters/94487 completed in 106ms user=dr.smith1@clinic.org
2026-10-09 13:27:57,864 INFO  [http-nio-8080-exec-21] c.e.api.PatientController - GET /api/v2/encounters/19230 completed in 158ms user=dr.smith1@clinic.org
2026-10-09 13:27:59,862 INFO  [http-nio-8080-exec-30] c.e.api.PatientController - GET /api/v2/encounters/45474 completed in 140ms user=dr.smith8@clinic.org
2026-10-09 13:28:02,890 INFO  [http-nio-8080-exec-22] c.e.api.PatientController - GET /api/v2/encounters/48304 completed in 83ms user=dr.smith2@clinic.org
2026-10-09 13:28:03,334 WARN  [http-nio-8080-exec-2] c.e.api.ReportService - Slow request /api/v2/reports took 1965ms
2026-10-09 13:28:05,629 INFO  [http-nio-8080-exec-4] c.e.api.PatientController - GET /api/v2/encounters/27009 completed in 138ms user=dr.smith7@clinic.org
2026-10-09 13:28:07,488 INFO  [scheduler-1] c.e.jobs.SyncJob - Sync batch 318 done
2026-10-09 13:28:09,908 WARN  [http-nio-8080-exec-31] c.e.api.ReportService - Slow request /api/v2/reports took 2152ms
2026-10-09 13:28:12,751 INFO  [http-nio-8080-exec-23] c.e.api.PatientController - GET /api/v2/encounters/76139 completed in 47ms user=dr.smith9@clinic.org
2026-10-09 13:28:13,456 INFO  [http-nio-8080-exec-15] c.e.api.PatientController - GET /api/v2/encounters/28254 completed in 73ms user=dr.smith6@clinic.org
2026-10-09 13:28:15,949 INFO  [scheduler-1] c.e.jobs.SyncJob - Sync batch 713 done
2026-10-09 13:28:18,670 WARN  [http-nio-8080-exec-3] c.e.api.ReportService - Slow request /api/v2/reports took 2445ms
2026-10-09 13:28:20,442 INFO  [http-nio-8080-exec-9] c.e.api.PatientController - GET /api/v2/encounters/57271 completed in 43ms user=dr.smith3@clinic.org
2026-10-09 13:28:22,840 INFO  [http-nio-8080-exec-23] c.e.api.PatientController - GET /api/v2/encounters/14310 completed in 76ms user=dr.smith1@clinic.org
2026-10-09 13:28:23,904 WARN  [http-nio-8080-exec-28] c.e.api.ReportService - Slow request /api/v2/reports took 1823ms
2026-10-09 13:28:25,726 INFO  [http-nio-8080-exec-27] c.e.api.PatientController - GET /api/v2/encounters/27440 completed in 103ms user=dr.smith5@clinic.org
2026-10-09 13:28:28,527 INFO  [http-nio-8080-exec-12] c.e.api.PatientController - GET /api/v2/encounters/65392 completed in 159ms user=dr.smith9@clinic.org
2026-10-09 13:28:29,892 INFO  [http-nio-8080-exec-25] c.e.api.PatientController - GET /api/v2/encounters/74544 completed in 62ms user=dr.smith3@clinic.org
2026-10-09 13:28:30,664 INFO  [http-nio-8080-exec-8] c.e.api.PatientController - GET /api/v2/encounters/75593 completed in 112ms user=dr.smith1@clinic.org
2026-10-09 13:28:33,212 INFO  [http-nio-8080-exec-33] c.e.api.PatientController - GET /api/v2/encounters/94632 completed in 75ms user=dr.smith9@clinic.org
2026-10-09 13:28:35,158 INFO  [http-nio-8080-exec-10] c.e.api.PatientController - GET /api/v2/encounters/21081 completed in 132ms user=dr.smith1@clinic.org
2026-10-09 13:28:37,616 INFO  [http-nio-8080-exec-39] c.e.api.PatientController - GET /api/v2/encounters/37177 completed in 79ms user=dr.smith7@clinic.org
2026-10-09 13:28:38,643 INFO  [http-nio-8080-exec-6] c.e.api.PatientController - GET /api/v2/encounters/1743 completed in 107ms user=dr.smith3@clinic.org
2026-10-09 13:28:41,242 INFO  [http-nio-8080-exec-15] c.e.api.PatientController - GET /api/v2/encounters/68722 completed in 64ms user=dr.smith4@clinic.org
2026-10-09 13:28:43,925 WARN  [http-nio-8080-exec-38] c.e.api.ReportService - Slow request /api/v2/reports took 2977ms
2026-10-09 13:28:45,767 INFO  [http-nio-8080-exec-39] c.e.api.PatientController - GET /api/v2/encounters/94136 completed in 75ms user=dr.smith5@clinic.org
2026-10-09 13:28:48,434 WARN  [http-nio-8080-exec-4] c.e.api.ReportService - Slow request /api/v2/reports took 2500ms
2026-10-09 13:28:51,453 WARN  [http-nio-8080-exec-5] c.e.api.ReportService - Slow request /api/v2/reports took 2645ms
2026-10-09 13:28:53,145 INFO  [http-nio-8080-exec-11] c.e.api.PatientController - GET /api/v2/encounters/84716 completed in 75ms user=dr.smith9@clinic.org
2026-10-09 13:28:55,784 INFO  [http-nio-8080-exec-13] c.e.api.PatientController - GET /api/v2/encounters/30842 completed in 61ms user=dr.smith7@clinic.org
2026-10-09 13:28:57,446 INFO  [http-nio-8080-exec-11] c.e.api.PatientController - GET /api/v2/encounters/84230 completed in 75ms user=dr.smith8@clinic.org
2026-10-09 13:28:58,197 INFO  [http-nio-8080-exec-8] c.e.api.PatientController - GET /api/v2/encounters/67133 completed in 95ms user=dr.smith3@clinic.org
2026-10-09 13:29:00,860 INFO  [http-nio-8080-exec-38] c.e.api.PatientController - GET /api/v2/encounters/64733 completed in 141ms user=dr.smith5@clinic.org
2026-10-09 13:29:01,202 INFO  [http-nio-8080-exec-33] c.e.api.PatientController - GET /api/v2/encounters/19959 completed in 148ms user=dr.smith3@clinic.org
2026-10-09 13:29:03,360 INFO  [http-nio-8080-exec-5] c.e.api.PatientController - GET /api/v2/encounters/53873 completed in 45ms user=dr.smith6@clinic.org
2026-10-09 13:29:05,343 INFO  [http-nio-8080-exec-26] c.e.api.PatientController - GET /api/v2/encounters/85606 completed in 58ms user=dr.smith8@clinic.org
2026-10-09 13:29:08,586 INFO  [http-nio-8080-exec-3] c.e.api.PatientController - GET /api/v2/encounters/96480 completed in 142ms user=dr.smith6@clinic.org
2026-10-09 13:29:10,729 WARN  [http-nio-8080-exec-26] c.e.api.ReportService - Slow request /api/v2/reports took 2385ms
2026-10-09 13:29:12,160 INFO  [http-nio-8080-exec-1] c.e.api.PatientController - GET /api/v2/encounters/90980 completed in 57ms user=dr.smith6@clinic.org
2026-10-09 13:29:15,408 INFO  [http-nio-8080-exec-38] c.e.api.PatientController - GET /api/v2/encounters/75898 completed in 76ms user=dr.smith6@clinic.org
2026-10-09 13:29:17,160 INFO  [http-nio-8080-exec-26] c.e.api.PatientController - GET /api/v2/encounters/86314 completed in 66ms user=dr.smith5@clinic.org
2026-10-09 13:29:19,919 WARN  [http-nio-8080-exec-2] c.e.api.ReportService - Slow request /api/v2/reports took 2762ms
2026-10-09 13:29:20,491 INFO  [http-nio-8080-exec-18] c.e.api.PatientController - GET /api/v2/encounters/48637 completed in 153ms user=dr.smith1@clinic.org
2026-10-09 13:29:22,544 INFO  [http-nio-8080-exec-21] c.e.api.PatientController - GET /api/v2/encounters/84777 completed in 142ms user=dr.smith2@clinic.org
2026-10-09 13:29:24,396 INFO  [http-nio-8080-exec-37] c.e.api.PatientController - GET /api/v2/encounters/35157 completed in 24ms user=dr.smith6@clinic.org
2026-10-09 13:29:26,068 INFO  [http-nio-8080-exec-35] c.e.api.PatientController - GET /api/v2/encounters/2572 completed in 90ms user=dr.smith6@clinic.org
2026-10-09 13:29:28,506 INFO  [http-nio-8080-exec-25] c.e.api.PatientController - GET /api/v2/encounters/3851 completed in 39ms user=dr.smith4@clinic.org
2026-10-09 13:29:29,754 INFO  [http-nio-8080-exec-10] c.e.api.PatientController - GET /api/v2/encounters/41779 completed in 78ms user=dr.smith4@clinic.org
2026-10-09 13:29:30,270 INFO  [http-nio-8080-exec-7] c.e.api.PatientController - GET /api/v2/encounters/19863 completed in 161ms user=dr.smith9@clinic.org
2026-10-09 13:29:33,091 INFO  [http-nio-8080-exec-10] c.e.api.PatientController - GET /api/v2/encounters/57889 completed in 69ms user=dr.smith1@clinic.org
2026-10-09 13:29:36,879 INFO  [http-nio-8080-exec-28] c.e.api.PatientController - GET /api/v2/encounters/13211 completed in 65ms user=dr.smith3@clinic.org
2026-10-09 13:29:39,039 INFO  [http-nio-8080-exec-11] c.e.api.PatientController - GET /api/v2/encounters/17283 completed in 29ms user=dr.smith1@clinic.org
2026-10-09 13:29:40,711 INFO  [http-nio-8080-exec-8] c.e.api.PatientController - GET /api/v2/encounters/61734 completed in 61ms user=dr.smith2@clinic.org
2026-10-09 13:29:42,623 INFO  [http-nio-8080-exec-13] c.e.api.PatientController - GET /api/v2/encounters/48269 completed in 50ms user=dr.smith7@clinic.org
2026-10-09 13:29:43,418 INFO  [http-nio-8080-exec-15] c.e.api.PatientController - GET /api/v2/encounters/64317 completed in 26ms user=dr.smith3@clinic.org
2026-10-09 13:29:45,914 INFO  [http-nio-8080-exec-23] c.e.api.PatientController - GET /api/v2/encounters/83055 completed in 35ms user=dr.smith8@clinic.org
2026-10-09 13:29:47,697 WARN  [http-nio-8080-exec-29] c.e.api.ReportService - Slow request /api/v2/reports took 2620ms
2026-10-09 13:29:49,589 INFO  [http-nio-8080-exec-29] c.e.api.PatientController - GET /api/v2/encounters/4016 completed in 173ms user=dr.smith6@clinic.org
2026-10-09 13:29:52,523 WARN  [http-nio-8080-exec-4] c.e.api.ReportService - Slow request /api/v2/reports took 2648ms
2026-10-09 13:29:54,508 INFO  [http-nio-8080-exec-25] c.e.api.PatientController - GET /api/v2/encounters/21529 completed in 21ms user=dr.smith9@clinic.org
2026-10-09 13:29:56,804 INFO  [http-nio-8080-exec-1] c.e.api.PatientController - GET /api/v2/encounters/48442 completed in 126ms user=dr.smith4@clinic.org
2026-10-09 13:29:58,745 INFO  [http-nio-8080-exec-22] c.e.api.PatientController - GET /api/v2/encounters/63856 completed in 168ms user=dr.smith3@clinic.org
2026-10-09 13:30:00,385 INFO  [http-nio-8080-exec-14] c.e.api.PatientController - GET /api/v2/encounters/88053 completed in 177ms user=dr.smith1@clinic.org
2026-10-09 13:30:00,385 ERROR [metrics-1] c.e.metrics.StatsdClient - Failed to send metrics to statsd 10.0.0.9:8125: Connection refused
2026-10-09 13:30:03,704 INFO  [http-nio-8080-exec-36] c.e.api.PatientController - GET /api/v2/encounters/35378 completed in 176ms user=dr.smith6@clinic.org
2026-10-09 13:30:04,878 INFO  [http-nio-8080-exec-18] c.e.api.PatientController - GET /api/v2/encounters/11875 completed in 145ms user=dr.smith1@clinic.org
2026-10-09 13:30:06,779 INFO  [http-nio-8080-exec-27] c.e.api.PatientController - GET /api/v2/encounters/39546 completed in 170ms user=dr.smith9@clinic.org
2026-10-09 13:30:07,955 INFO  [http-nio-8080-exec-38] c.e.api.PatientController - GET /api/v2/encounters/18511 completed in 46ms user=dr.smith7@clinic.org
2026-10-09 13:30:09,116 INFO  [http-nio-8080-exec-28] c.e.api.PatientController - GET /api/v2/encounters/58907 completed in 85ms user=dr.smith2@clinic.org
2026-10-09 13:30:11,664 INFO  [http-nio-8080-exec-3] c.e.api.PatientController - GET /api/v2/encounters/65730 completed in 96ms user=dr.smith4@clinic.org
2026-10-09 13:30:13,264 INFO  [http-nio-8080-exec-24] c.e.api.PatientController - GET /api/v2/encounters/27960 completed in 150ms user=dr.smith9@clinic.org
2026-10-09 13:30:16,436 INFO  [http-nio-8080-exec-18] c.e.api.PatientController - GET /api/v2/encounters/60797 completed in 101ms user=dr.smith7@clinic.org
2026-10-09 13:30:18,714 INFO  [http-nio-8080-exec-8] c.e.api.PatientController - GET /api/v2/encounters/7072 completed in 57ms user=dr.smith5@clinic.org
2026-10-09 13:30:19,885 INFO  [http-nio-8080-exec-9] c.e.api.PatientController - GET /api/v2/encounters/47087 completed in 116ms user=dr.smith4@clinic.org
2026-10-09 13:30:21,518 INFO  [http-nio-8080-exec-31] c.e.api.PatientController - GET /api/v2/encounters/4351 completed in 42ms user=dr.smith2@clinic.org
2026-10-09 13:30:23,914 WARN  [http-nio-8080-exec-14] c.e.api.ReportService - Slow request /api/v2/reports took 2451ms
2026-10-09 13:30:25,897 INFO  [http-nio-8080-exec-19] c.e.api.PatientController - GET /api/v2/encounters/45987 completed in 175ms user=dr.smith3@clinic.org
2026-10-09 13:30:28,660 INFO  [http-nio-8080-exec-8] c.e.api.PatientController - GET /api/v2/encounters/85551 completed in 67ms user=dr.smith9@clinic.org
2026-10-09 13:30:30,168 INFO  [http-nio-8080-exec-15] c.e.api.PatientController - GET /api/v2/encounters/63114 completed in 77ms user=dr.smith5@clinic.org
2026-10-09 13:30:31,062 INFO  [http-nio-8080-exec-40] c.e.api.PatientController - GET /api/v2/encounters/40575 completed in 36ms user=dr.smith7@clinic.org
2026-10-09 13:30:33,875 INFO  [scheduler-1] c.e.jobs.SyncJob - Sync batch 218 done
2026-10-09 13:30:35,935 INFO  [http-nio-8080-exec-21] c.e.api.PatientController - GET /api/v2/encounters/90390 completed in 35ms user=dr.smith7@clinic.org
2026-10-09 13:30:36,474 INFO  [http-nio-8080-exec-34] c.e.api.PatientController - GET /api/v2/encounters/26681 completed in 86ms user=dr.smith3@clinic.org
2026-10-09 13:30:38,122 INFO  [http-nio-8080-exec-26] c.e.api.PatientController - GET /api/v2/encounters/22986 completed in 55ms user=dr.smith8@clinic.org
2026-10-09 13:30:40,955 INFO  [http-nio-8080-exec-24] c.e.api.PatientController - GET /api/v2/encounters/13964 completed in 161ms user=dr.smith8@clinic.org
2026-10-09 13:30:43,603 INFO  [http-nio-8080-exec-22] c.e.api.PatientController - GET /api/v2/encounters/13497 completed in 114ms user=dr.smith7@clinic.org
2026-10-09 13:30:46,993 INFO  [http-nio-8080-exec-38] c.e.api.PatientController - GET /api/v2/encounters/38042 completed in 104ms user=dr.smith7@clinic.org
2026-10-09 13:30:48,182 INFO  [http-nio-8080-exec-2] c.e.api.PatientController - GET /api/v2/encounters/42659 completed in 72ms user=dr.smith8@clinic.org
2026-10-09 13:30:49,291 INFO  [http-nio-8080-exec-24] c.e.api.PatientController - GET /api/v2/encounters/74796 completed in 112ms user=dr.smith8@clinic.org
2026-10-09 13:30:52,649 INFO  [http-nio-8080-exec-12] c.e.api.PatientController - GET /api/v2/encounters/48231 completed in 68ms user=dr.smith4@clinic.org
2026-10-09 13:30:53,992 INFO  [http-nio-8080-exec-38] c.e.api.PatientController - GET /api/v2/encounters/9438 completed in 127ms user=dr.smith1@clinic.org
2026-10-09 13:30:55,072 INFO  [http-nio-8080-exec-33] c.e.api.PatientController - GET /api/v2/encounters/87845 completed in 50ms user=dr.smith4@clinic.org
2026-10-09 13:30:57,700 INFO  [http-nio-8080-exec-7] c.e.api.PatientController - GET /api/v2/encounters/26318 completed in 168ms user=dr.smith1@clinic.org
2026-10-09 13:30:59,998 INFO  [http-nio-8080-exec-18] c.e.api.PatientController - GET /api/v2/encounters/42025 completed in 165ms user=dr.smith1@clinic.org
2026-10-09 13:31:01,358 WARN  [http-nio-8080-exec-38] c.e.api.ReportService - Slow request /api/v2/reports took 2591ms
2026-10-09 13:31:03,013 INFO  [http-nio-8080-exec-12] c.e.api.PatientController - GET /api/v2/encounters/30380 completed in 46ms user=dr.smith4@clinic.org
2026-10-09 13:31:06,273 INFO  [http-nio-8080-exec-33] c.e.api.PatientController - GET /api/v2/encounters/43400 completed in 118ms user=dr.smith7@clinic.org
2026-10-09 13:31:09,027 INFO  [http-nio-8080-exec-28] c.e.api.PatientController - GET /api/v2/encounters/15483 completed in 89ms user=dr.smith9@clinic.org
2026-10-09 13:31:11,372 WARN  [http-nio-8080-exec-2] c.e.api.ReportService - Slow request /api/v2/reports took 1555ms
2026-10-09 13:31:14,437 INFO  [http-nio-8080-exec-25] c.e.api.PatientController - GET /api/v2/encounters/22118 completed in 115ms user=dr.smith6@clinic.org
2026-10-09 13:31:16,367 WARN  [http-nio-8080-exec-24] c.e.api.ReportService - Slow request /api/v2/reports took 2022ms
2026-10-09 13:31:18,166 INFO  [http-nio-8080-exec-10] c.e.api.PatientController - GET /api/v2/encounters/15469 completed in 170ms user=dr.smith2@clinic.org
2026-10-09 13:31:19,514 INFO  [http-nio-8080-exec-7] c.e.api.PatientController - GET /api/v2/encounters/74461 completed in 147ms user=dr.smith7@clinic.org
2026-10-09 13:31:21,768 INFO  [http-nio-8080-exec-4] c.e.api.PatientController - GET /api/v2/encounters/31956 completed in 128ms user=dr.smith3@clinic.org
2026-10-09 13:31:22,774 INFO  [http-nio-8080-exec-23] c.e.api.PatientController - GET /api/v2/encounters/32650 completed in 43ms user=dr.smith8@clinic.org
2026-10-09 13:31:25,439 INFO  [http-nio-8080-exec-3] c.e.api.PatientController - GET /api/v2/encounters/30139 completed in 32ms user=dr.smith8@clinic.org
2026-10-09 13:31:28,244 WARN  [http-nio-8080-exec-39] c.e.api.ReportService - Slow request /api/v2/reports took 1870ms
2026-10-09 13:31:29,266 INFO  [http-nio-8080-exec-22] c.e.api.PatientController - GET /api/v2/encounters/99892 completed in 42ms user=dr.smith6@clinic.org
2026-10-09 13:31:31,433 INFO  [http-nio-8080-exec-5] c.e.api.PatientController - GET /api/v2/encounters/68130 completed in 134ms user=dr.smith4@clinic.org
2026-10-09 13:31:34,176 INFO  [http-nio-8080-exec-21] c.e.api.PatientController - GET /api/v2/encounters/14915 completed in 151ms user=dr.smith7@clinic.org
2026-10-09 13:31:37,601 INFO  [http-nio-8080-exec-8] c.e.api.PatientController - GET /api/v2/encounters/97327 completed in 60ms user=dr.smith1@clinic.org
2026-10-09 13:31:38,040 INFO  [http-nio-8080-exec-7] c.e.api.PatientController - GET /api/v2/encounters/69277 completed in 68ms user=dr.smith9@clinic.org
2026-10-09 13:31:40,234 INFO  [http-nio-8080-exec-28] c.e.api.PatientController - GET /api/v2/encounters/34942 completed in 136ms user=dr.smith2@clinic.org
2026-10-09 13:31:41,478 INFO  [http-nio-8080-exec-15] c.e.api.PatientController - GET /api/v2/encounters/87751 completed in 121ms user=dr.smith2@clinic.org
2026-10-09 13:31:43,089 INFO  [http-nio-8080-exec-19] c.e.api.PatientController - GET /api/v2/encounters/48753 completed in 105ms user=dr.smith4@clinic.org
2026-10-09 13:31:44,686 INFO  [http-nio-8080-exec-3] c.e.api.PatientController - GET /api/v2/encounters/53527 completed in 126ms user=dr.smith7@clinic.org
2026-10-09 13:31:46,086 INFO  [http-nio-8080-exec-35] c.e.api.PatientController - GET /api/v2/encounters/26153 completed in 87ms user=dr.smith2@clinic.org
2026-10-09 13:31:47,696 INFO  [http-nio-8080-exec-13] c.e.api.PatientController - GET /api/v2/encounters/14001 completed in 146ms user=dr.smith8@clinic.org
2026-10-09 13:31:49,956 INFO  [http-nio-8080-exec-31] c.e.api.PatientController - GET /api/v2/encounters/17635 completed in 56ms user=dr.smith2@clinic.org
2026-10-09 13:31:51,130 INFO  [http-nio-8080-exec-2] c.e.api.PatientController - GET /api/v2/encounters/92418 completed in 67ms user=dr.smith1@clinic.org
2026-10-09 13:31:53,809 INFO  [http-nio-8080-exec-8] c.e.api.PatientController - GET /api/v2/encounters/43210 completed in 81ms user=dr.smith1@clinic.org
2026-10-09 13:31:55,971 INFO  [http-nio-8080-exec-23] c.e.api.PatientController - GET /api/v2/encounters/23353 completed in 113ms user=dr.smith7@clinic.org
2026-10-09 13:31:57,283 INFO  [http-nio-8080-exec-29] c.e.api.PatientController - GET /api/v2/encounters/58401 completed in 65ms user=dr.smith1@clinic.org
2026-10-09 13:31:59,556 INFO  [http-nio-8080-exec-16] c.e.api.PatientController - GET /api/v2/encounters/84457 completed in 59ms user=dr.smith5@clinic.org
2026-10-09 13:32:01,117 INFO  [http-nio-8080-exec-6] c.e.api.PatientController - GET /api/v2/encounters/89014 completed in 76ms user=dr.smith1@clinic.org
2026-10-09 13:32:02,895 INFO  [http-nio-8080-exec-20] c.e.api.PatientController - GET /api/v2/encounters/78353 completed in 101ms user=dr.smith9@clinic.org
2026-10-09 13:32:05,602 INFO  [http-nio-8080-exec-37] c.e.api.PatientController - GET /api/v2/encounters/70885 completed in 70ms user=dr.smith5@clinic.org
2026-10-09 13:32:07,494 INFO  [http-nio-8080-exec-9] c.e.api.PatientController - GET /api/v2/encounters/49981 completed in 110ms user=dr.smith9@clinic.org
2026-10-09 13:32:09,227 INFO  [http-nio-8080-exec-33] c.e.api.PatientController - GET /api/v2/encounters/17867 completed in 148ms user=dr.smith1@clinic.org
2026-10-09 13:32:11,680 INFO  [http-nio-8080-exec-3] c.e.api.PatientController - GET /api/v2/encounters/70707 completed in 95ms user=dr.smith5@clinic.org
2026-10-09 13:32:12,643 INFO  [http-nio-8080-exec-24] c.e.api.PatientController - GET /api/v2/encounters/68815 completed in 141ms user=dr.smith4@clinic.org
2026-10-09 13:32:15,892 INFO  [http-nio-8080-exec-25] c.e.api.PatientController - GET /api/v2/encounters/72308 completed in 94ms user=dr.smith5@clinic.org
2026-10-09 13:32:16,725 INFO  [http-nio-8080-exec-17] c.e.api.PatientController - GET /api/v2/encounters/64252 completed in 102ms user=dr.smith4@clinic.org
2026-10-09 13:32:19,882 INFO  [http-nio-8080-exec-20] c.e.api.PatientController - GET /api/v2/encounters/60639 completed in 112ms user=dr.smith2@clinic.org
2026-10-09 13:32:21,750 INFO  [http-nio-8080-exec-15] c.e.api.PatientController - GET /api/v2/encounters/57645 completed in 85ms user=dr.smith6@clinic.org
2026-10-09 13:32:24,279 INFO  [http-nio-8080-exec-22] c.e.api.PatientController - GET /api/v2/encounters/48266 completed in 124ms user=dr.smith1@clinic.org
2026-10-09 13:32:26,622 INFO  [http-nio-8080-exec-20] c.e.api.PatientController - GET /api/v2/encounters/31055 completed in 107ms user=dr.smith6@clinic.org
2026-10-09 13:32:28,736 INFO  [http-nio-8080-exec-12] c.e.api.PatientController - GET /api/v2/encounters/64918 completed in 46ms user=dr.smith6@clinic.org
2026-10-09 13:32:29,917 INFO  [http-nio-8080-exec-9] c.e.api.PatientController - GET /api/v2/encounters/45418 completed in 127ms user=dr.smith8@clinic.org
2026-10-09 13:32:31,159 INFO  [http-nio-8080-exec-12] c.e.api.PatientController - GET /api/v2/encounters/94426 completed in 60ms user=dr.smith6@clinic.org
2026-10-09 13:32:32,944 INFO  [http-nio-8080-exec-16] c.e.api.PatientController - GET /api/v2/encounters/44450 completed in 29ms user=dr.smith3@clinic.org
2026-10-09 13:32:35,437 INFO  [http-nio-8080-exec-10] c.e.api.PatientController - GET /api/v2/encounters/50105 completed in 150ms user=dr.smith2@clinic.org
2026-10-09 13:32:36,278 INFO  [http-nio-8080-exec-26] c.e.api.PatientController - GET /api/v2/encounters/79023 completed in 85ms user=dr.smith1@clinic.org
2026-10-09 13:32:38,190 INFO  [http-nio-8080-exec-1] c.e.api.PatientController - GET /api/v2/encounters/97436 completed in 115ms user=dr.smith2@clinic.org
2026-10-09 13:32:40,340 INFO  [http-nio-8080-exec-3] c.e.api.PatientController - GET /api/v2/encounters/82863 completed in 68ms user=dr.smith4@clinic.org
2026-10-09 13:32:41,690 INFO  [http-nio-8080-exec-15] c.e.api.PatientController - GET /api/v2/encounters/39508 completed in 45ms user=dr.smith4@clinic.org
2026-10-09 13:32:44,869 WARN  [http-nio-8080-exec-15] c.e.api.ReportService - Slow request /api/v2/reports took 2465ms
2026-10-09 13:32:46,588 WARN  [http-nio-8080-exec-8] c.e.api.ReportService - Slow request /api/v2/reports took 1574ms
2026-10-09 13:32:48,528 INFO  [http-nio-8080-exec-39] c.e.api.PatientController - GET /api/v2/encounters/12797 completed in 150ms user=dr.smith8@clinic.org
2026-10-09 13:32:49,217 INFO  [http-nio-8080-exec-27] c.e.api.PatientController - GET /api/v2/encounters/48606 completed in 23ms user=dr.smith4@clinic.org
2026-10-09 13:32:51,409 INFO  [http-nio-8080-exec-28] c.e.api.PatientController - GET /api/v2/encounters/32925 completed in 105ms user=dr.smith4@clinic.org
2026-10-09 13:32:52,038 INFO  [http-nio-8080-exec-36] c.e.api.PatientController - GET /api/v2/encounters/40815 completed in 88ms user=dr.smith8@clinic.org
2026-10-09 13:32:55,490 INFO  [http-nio-8080-exec-1] c.e.api.PatientController - GET /api/v2/encounters/8127 completed in 117ms user=dr.smith8@clinic.org
2026-10-09 13:32:56,639 INFO  [http-nio-8080-exec-39] c.e.api.PatientController - GET /api/v2/encounters/62539 completed in 160ms user=dr.smith7@clinic.org
2026-10-09 13:32:58,979 INFO  [http-nio-8080-exec-17] c.e.api.PatientController - GET /api/v2/encounters/99655 completed in 132ms user=dr.smith2@clinic.org
2026-10-09 13:32:59,892 INFO  [http-nio-8080-exec-1] c.e.api.PatientController - GET /api/v2/encounters/9844 completed in 43ms user=dr.smith2@clinic.org
2026-10-09 13:33:01,004 INFO  [http-nio-8080-exec-33] c.e.api.PatientController - GET /api/v2/encounters/60711 completed in 94ms user=dr.smith6@clinic.org
2026-10-09 13:33:03,730 INFO  [http-nio-8080-exec-33] c.e.api.PatientController - GET /api/v2/encounters/70190 completed in 146ms user=dr.smith2@clinic.org
2026-10-09 13:33:05,881 INFO  [http-nio-8080-exec-15] c.e.api.PatientController - GET /api/v2/encounters/51795 completed in 111ms user=dr.smith6@clinic.org
2026-10-09 13:33:07,572 INFO  [http-nio-8080-exec-19] c.e.api.PatientController - GET /api/v2/encounters/12069 completed in 178ms user=dr.smith6@clinic.org
2026-10-09 13:33:09,374 INFO  [http-nio-8080-exec-35] c.e.api.PatientController - GET /api/v2/encounters/85109 completed in 103ms user=dr.smith3@clinic.org
2026-10-09 13:33:11,865 INFO  [http-nio-8080-exec-11] c.e.api.PatientController - GET /api/v2/encounters/55710 completed in 25ms user=dr.smith6@clinic.org
2026-10-09 13:33:13,003 INFO  [http-nio-8080-exec-13] c.e.api.PatientController - GET /api/v2/encounters/88135 completed in 156ms user=dr.smith8@clinic.org
2026-10-09 13:33:14,264 INFO  [http-nio-8080-exec-30] c.e.api.PatientController - GET /api/v2/encounters/22573 completed in 115ms user=dr.smith1@clinic.org
2026-10-09 13:33:15,224 WARN  [http-nio-8080-exec-21] c.e.api.ReportService - Slow request /api/v2/reports took 2897ms
2026-10-09 13:33:17,043 INFO  [http-nio-8080-exec-31] c.e.api.PatientController - GET /api/v2/encounters/26890 completed in 158ms user=dr.smith3@clinic.org
2026-10-09 13:33:18,178 INFO  [http-nio-8080-exec-17] c.e.api.PatientController - GET /api/v2/encounters/85484 completed in 148ms user=dr.smith3@clinic.org
2026-10-09 13:33:21,788 INFO  [http-nio-8080-exec-33] c.e.api.PatientController - GET /api/v2/encounters/42154 completed in 94ms user=dr.smith9@clinic.org
2026-10-09 13:33:23,733 INFO  [http-nio-8080-exec-40] c.e.api.PatientController - GET /api/v2/encounters/15584 completed in 54ms user=dr.smith5@clinic.org
2026-10-09 13:33:24,694 INFO  [http-nio-8080-exec-40] c.e.api.PatientController - GET /api/v2/encounters/75904 completed in 76ms user=dr.smith8@clinic.org
2026-10-09 13:33:27,327 INFO  [http-nio-8080-exec-24] c.e.api.PatientController - GET /api/v2/encounters/65695 completed in 134ms user=dr.smith9@clinic.org
2026-10-09 13:33:30,841 INFO  [http-nio-8080-exec-7] c.e.api.PatientController - GET /api/v2/encounters/11589 completed in 176ms user=dr.smith1@clinic.org
2026-10-09 13:33:32,705 INFO  [scheduler-1] c.e.jobs.SyncJob - Sync batch 746 done
2026-10-09 13:33:33,825 INFO  [http-nio-8080-exec-12] c.e.api.PatientController - GET /api/v2/encounters/69251 completed in 25ms user=dr.smith1@clinic.org
2026-10-09 13:33:35,235 INFO  [http-nio-8080-exec-30] c.e.api.PatientController - GET /api/v2/encounters/70826 completed in 81ms user=dr.smith3@clinic.org
2026-10-09 13:33:37,920 INFO  [http-nio-8080-exec-39] c.e.api.PatientController - GET /api/v2/encounters/4412 completed in 53ms user=dr.smith6@clinic.org
2026-10-09 13:33:39,931 INFO  [http-nio-8080-exec-40] c.e.api.PatientController - GET /api/v2/encounters/95309 completed in 50ms user=dr.smith1@clinic.org
2026-10-09 13:33:40,299 INFO  [http-nio-8080-exec-20] c.e.api.PatientController - GET /api/v2/encounters/97270 completed in 42ms user=dr.smith4@clinic.org
2026-10-09 13:33:43,450 INFO  [http-nio-8080-exec-18] c.e.api.PatientController - GET /api/v2/encounters/73490 completed in 21ms user=dr.smith1@clinic.org
2026-10-09 13:33:45,233 INFO  [http-nio-8080-exec-36] c.e.api.PatientController - GET /api/v2/encounters/64440 completed in 176ms user=dr.smith3@clinic.org
2026-10-09 13:33:47,555 INFO  [http-nio-8080-exec-30] c.e.api.PatientController - GET /api/v2/encounters/26782 completed in 76ms user=dr.smith5@clinic.org
2026-10-09 13:33:49,976 INFO  [http-nio-8080-exec-16] c.e.api.PatientController - GET /api/v2/encounters/18459 completed in 98ms user=dr.smith7@clinic.org
2026-10-09 13:33:50,097 INFO  [http-nio-8080-exec-24] c.e.api.PatientController - GET /api/v2/encounters/61489 completed in 150ms user=dr.smith6@clinic.org
2026-10-09 13:33:52,027 INFO  [http-nio-8080-exec-23] c.e.api.PatientController - GET /api/v2/encounters/53586 completed in 73ms user=dr.smith3@clinic.org
2026-10-09 13:33:54,749 WARN  [http-nio-8080-exec-26] c.e.api.ReportService - Slow request /api/v2/reports took 1820ms
2026-10-09 13:33:56,157 INFO  [http-nio-8080-exec-12] c.e.api.PatientController - GET /api/v2/encounters/62844 completed in 149ms user=dr.smith4@clinic.org
2026-10-09 13:33:58,202 INFO  [http-nio-8080-exec-16] c.e.api.PatientController - GET /api/v2/encounters/47306 completed in 166ms user=dr.smith2@clinic.org
2026-10-09 13:34:00,356 INFO  [http-nio-8080-exec-31] c.e.api.PatientController - GET /api/v2/encounters/37949 completed in 116ms user=dr.smith4@clinic.org
2026-10-09 13:34:01,826 INFO  [http-nio-8080-exec-20] c.e.api.PatientController - GET /api/v2/encounters/34282 completed in 55ms user=dr.smith9@clinic.org
2026-10-09 13:34:03,576 INFO  [http-nio-8080-exec-9] c.e.api.PatientController - GET /api/v2/encounters/92840 completed in 63ms user=dr.smith5@clinic.org
2026-10-09 13:34:06,097 INFO  [http-nio-8080-exec-28] c.e.api.PatientController - GET /api/v2/encounters/62219 completed in 131ms user=dr.smith7@clinic.org
2026-10-09 13:34:07,103 INFO  [http-nio-8080-exec-12] c.e.api.PatientController - GET /api/v2/encounters/67789 completed in 58ms user=dr.smith6@clinic.org
2026-10-09 13:34:09,887 INFO  [http-nio-8080-exec-18] c.e.api.PatientController - GET /api/v2/encounters/20518 completed in 45ms user=dr.smith3@clinic.org
2026-10-09 13:34:11,860 INFO  [http-nio-8080-exec-31] c.e.api.PatientController - GET /api/v2/encounters/77858 completed in 157ms user=dr.smith4@clinic.org
2026-10-09 13:34:13,515 INFO  [http-nio-8080-exec-7] c.e.api.PatientController - GET /api/v2/encounters/3191 completed in 71ms user=dr.smith8@clinic.org
2026-10-09 13:34:14,785 INFO  [http-nio-8080-exec-7] c.e.api.PatientController - GET /api/v2/encounters/71504 completed in 131ms user=dr.smith4@clinic.org
2026-10-09 13:34:17,313 INFO  [http-nio-8080-exec-39] c.e.api.PatientController - GET /api/v2/encounters/30918 completed in 166ms user=dr.smith3@clinic.org
2026-10-09 13:34:19,380 INFO  [http-nio-8080-exec-5] c.e.api.PatientController - GET /api/v2/encounters/85324 completed in 60ms user=dr.smith5@clinic.org
2026-10-09 13:34:20,563 INFO  [http-nio-8080-exec-7] c.e.api.PatientController - GET /api/v2/encounters/8852 completed in 166ms user=dr.smith1@clinic.org
2026-10-09 13:34:22,210 INFO  [http-nio-8080-exec-17] c.e.api.PatientController - GET /api/v2/encounters/12310 completed in 87ms user=dr.smith8@clinic.org
2026-10-09 13:34:23,000 INFO  [http-nio-8080-exec-30] c.e.api.PatientController - GET /api/v2/encounters/30252 completed in 115ms user=dr.smith4@clinic.org
2026-10-09 13:34:26,740 INFO  [http-nio-8080-exec-15] c.e.api.PatientController - GET /api/v2/encounters/2082 completed in 49ms user=dr.smith6@clinic.org
2026-10-09 13:34:28,463 INFO  [http-nio-8080-exec-2] c.e.api.PatientController - GET /api/v2/encounters/30553 completed in 73ms user=dr.smith6@clinic.org
2026-10-09 13:34:29,775 INFO  [http-nio-8080-exec-35] c.e.api.PatientController - GET /api/v2/encounters/52440 completed in 77ms user=dr.smith5@clinic.org
2026-10-09 13:34:31,633 WARN  [http-nio-8080-exec-33] c.e.api.ReportService - Slow request /api/v2/reports took 2402ms
2026-10-09 13:34:33,598 INFO  [http-nio-8080-exec-31] c.e.api.PatientController - GET /api/v2/encounters/36980 completed in 65ms user=dr.smith7@clinic.org
2026-10-09 13:34:36,840 INFO  [http-nio-8080-exec-4] c.e.api.PatientController - GET /api/v2/encounters/74362 completed in 75ms user=dr.smith8@clinic.org
2026-10-09 13:34:39,924 INFO  [http-nio-8080-exec-36] c.e.api.PatientController - GET /api/v2/encounters/67664 completed in 50ms user=dr.smith2@clinic.org
2026-10-09 13:34:41,920 WARN  [http-nio-8080-exec-1] c.e.api.ReportService - Slow request /api/v2/reports took 1527ms
2026-10-09 13:34:43,499 INFO  [http-nio-8080-exec-13] c.e.api.PatientController - GET /api/v2/encounters/62602 completed in 53ms user=dr.smith5@clinic.org
2026-10-09 13:34:45,650 INFO  [http-nio-8080-exec-14] c.e.api.PatientController - GET /api/v2/encounters/19706 completed in 120ms user=dr.smith1@clinic.org
2026-10-09 13:34:47,022 INFO  [http-nio-8080-exec-21] c.e.api.PatientController - GET /api/v2/encounters/69138 completed in 172ms user=dr.smith4@clinic.org
2026-10-09 13:34:49,131 INFO  [http-nio-8080-exec-6] c.e.api.PatientController - GET /api/v2/encounters/38608 completed in 31ms user=dr.smith5@clinic.org
2026-10-09 13:34:50,558 INFO  [http-nio-8080-exec-11] c.e.api.PatientController - GET /api/v2/encounters/16148 completed in 43ms user=dr.smith2@clinic.org
2026-10-09 13:34:53,306 INFO  [http-nio-8080-exec-24] c.e.api.PatientController - GET /api/v2/encounters/93380 completed in 65ms user=dr.smith7@clinic.org
2026-10-09 13:34:56,757 INFO  [http-nio-8080-exec-8] c.e.api.PatientController - GET /api/v2/encounters/16439 completed in 153ms user=dr.smith8@clinic.org
2026-10-09 13:34:57,990 INFO  [http-nio-8080-exec-7] c.e.api.PatientController - GET /api/v2/encounters/58058 completed in 78ms user=dr.smith7@clinic.org
2026-10-09 13:35:00,329 INFO  [http-nio-8080-exec-25] c.e.api.PatientController - GET /api/v2/encounters/52535 completed in 152ms user=dr.smith9@clinic.org
2026-10-09 13:35:00,329 ERROR [metrics-1] c.e.metrics.StatsdClient - Failed to send metrics to statsd 10.0.0.9:8125: Connection refused
2026-10-09 13:35:02,112 INFO  [http-nio-8080-exec-29] c.e.api.PatientController - GET /api/v2/encounters/35412 completed in 71ms user=dr.smith3@clinic.org
2026-10-09 13:35:04,781 INFO  [http-nio-8080-exec-24] c.e.api.PatientController - GET /api/v2/encounters/21007 completed in 174ms user=dr.smith9@clinic.org
2026-10-09 13:35:05,152 WARN  [http-nio-8080-exec-16] c.e.api.ReportService - Slow request /api/v2/reports took 1751ms
2026-10-09 13:35:07,426 INFO  [http-nio-8080-exec-40] c.e.api.PatientController - GET /api/v2/encounters/59240 completed in 97ms user=dr.smith8@clinic.org
2026-10-09 13:35:10,064 INFO  [http-nio-8080-exec-7] c.e.api.PatientController - GET /api/v2/encounters/54094 completed in 97ms user=dr.smith9@clinic.org
2026-10-09 13:35:12,019 INFO  [http-nio-8080-exec-24] c.e.api.PatientController - GET /api/v2/encounters/17599 completed in 141ms user=dr.smith2@clinic.org
2026-10-09 13:35:13,154 INFO  [http-nio-8080-exec-6] c.e.api.PatientController - GET /api/v2/encounters/12866 completed in 161ms user=dr.smith4@clinic.org
2026-10-09 13:35:15,072 INFO  [http-nio-8080-exec-27] c.e.api.PatientController - GET /api/v2/encounters/58815 completed in 84ms user=dr.smith4@clinic.org
2026-10-09 13:35:17,987 INFO  [http-nio-8080-exec-7] c.e.api.PatientController - GET /api/v2/encounters/72189 completed in 124ms user=dr.smith5@clinic.org
2026-10-09 13:35:19,883 INFO  [http-nio-8080-exec-28] c.e.api.PatientController - GET /api/v2/encounters/9389 completed in 166ms user=dr.smith4@clinic.org
2026-10-09 13:35:21,738 WARN  [http-nio-8080-exec-32] c.e.api.ReportService - Slow request /api/v2/reports took 2092ms
2026-10-09 13:35:23,447 INFO  [http-nio-8080-exec-30] c.e.api.PatientController - GET /api/v2/encounters/77766 completed in 103ms user=dr.smith5@clinic.org
2026-10-09 13:35:25,653 INFO  [http-nio-8080-exec-6] c.e.api.PatientController - GET /api/v2/encounters/13336 completed in 152ms user=dr.smith8@clinic.org
2026-10-09 13:35:26,377 INFO  [http-nio-8080-exec-33] c.e.api.PatientController - GET /api/v2/encounters/67044 completed in 94ms user=dr.smith5@clinic.org
2026-10-09 13:35:28,422 WARN  [http-nio-8080-exec-33] c.e.api.ReportService - Slow request /api/v2/reports took 2060ms
2026-10-09 13:35:30,612 WARN  [http-nio-8080-exec-28] c.e.api.ReportService - Slow request /api/v2/reports took 2452ms
2026-10-09 13:35:32,833 WARN  [http-nio-8080-exec-14] c.e.api.ReportService - Slow request /api/v2/reports took 1776ms
2026-10-09 13:35:35,663 INFO  [http-nio-8080-exec-36] c.e.api.PatientController - GET /api/v2/encounters/2995 completed in 40ms user=dr.smith5@clinic.org
2026-10-09 13:35:38,179 INFO  [http-nio-8080-exec-40] c.e.api.PatientController - GET /api/v2/encounters/26425 completed in 122ms user=dr.smith8@clinic.org
2026-10-09 13:35:39,666 INFO  [http-nio-8080-exec-7] c.e.api.PatientController - GET /api/v2/encounters/25175 completed in 141ms user=dr.smith9@clinic.org
2026-10-09 13:35:41,044 WARN  [http-nio-8080-exec-26] c.e.api.ReportService - Slow request /api/v2/reports took 2300ms
2026-10-09 13:35:44,200 INFO  [http-nio-8080-exec-36] c.e.api.PatientController - GET /api/v2/encounters/98050 completed in 93ms user=dr.smith7@clinic.org
2026-10-09 13:35:46,409 INFO  [http-nio-8080-exec-13] c.e.api.PatientController - GET /api/v2/encounters/52186 completed in 56ms user=dr.smith9@clinic.org
2026-10-09 13:35:49,569 INFO  [http-nio-8080-exec-6] c.e.api.PatientController - GET /api/v2/encounters/32543 completed in 39ms user=dr.smith9@clinic.org
2026-10-09 13:35:51,853 INFO  [http-nio-8080-exec-18] c.e.api.PatientController - GET /api/v2/encounters/61189 completed in 141ms user=dr.smith6@clinic.org
2026-10-09 13:35:53,377 INFO  [scheduler-1] c.e.jobs.SyncJob - Sync batch 912 done
2026-10-09 13:35:56,864 INFO  [http-nio-8080-exec-12] c.e.api.PatientController - GET /api/v2/encounters/23321 completed in 42ms user=dr.smith3@clinic.org
2026-10-09 13:35:58,542 INFO  [http-nio-8080-exec-22] c.e.api.PatientController - GET /api/v2/encounters/14431 completed in 154ms user=dr.smith3@clinic.org
2026-10-09 13:36:00,564 INFO  [http-nio-8080-exec-22] c.e.api.PatientController - GET /api/v2/encounters/38827 completed in 97ms user=dr.smith2@clinic.org
2026-10-09 13:36:01,404 WARN  [http-nio-8080-exec-28] c.e.api.ReportService - Slow request /api/v2/reports took 1950ms
2026-10-09 13:36:03,012 INFO  [http-nio-8080-exec-25] c.e.api.PatientController - GET /api/v2/encounters/1055 completed in 44ms user=dr.smith4@clinic.org
2026-10-09 13:36:05,246 INFO  [http-nio-8080-exec-7] c.e.api.PatientController - GET /api/v2/encounters/61556 completed in 127ms user=dr.smith9@clinic.org
2026-10-09 13:36:06,459 INFO  [http-nio-8080-exec-4] c.e.api.PatientController - GET /api/v2/encounters/49789 completed in 166ms user=dr.smith1@clinic.org
2026-10-09 13:36:09,127 INFO  [http-nio-8080-exec-38] c.e.api.PatientController - GET /api/v2/encounters/3756 completed in 180ms user=dr.smith8@clinic.org
2026-10-09 13:36:11,832 INFO  [http-nio-8080-exec-35] c.e.api.PatientController - GET /api/v2/encounters/61665 completed in 88ms user=dr.smith6@clinic.org
2026-10-09 13:36:13,195 INFO  [http-nio-8080-exec-37] c.e.api.PatientController - GET /api/v2/encounters/87984 completed in 180ms user=dr.smith6@clinic.org
2026-10-09 13:36:15,944 INFO  [http-nio-8080-exec-19] c.e.api.PatientController - GET /api/v2/encounters/75285 completed in 103ms user=dr.smith1@clinic.org
2026-10-09 13:36:18,380 INFO  [http-nio-8080-exec-3] c.e.api.PatientController - GET /api/v2/encounters/44684 completed in 85ms user=dr.smith5@clinic.org
2026-10-09 13:36:20,959 INFO  [http-nio-8080-exec-34] c.e.api.PatientController - GET /api/v2/encounters/59385 completed in 135ms user=dr.smith8@clinic.org
2026-10-09 13:36:22,580 INFO  [http-nio-8080-exec-8] c.e.api.PatientController - GET /api/v2/encounters/91265 completed in 178ms user=dr.smith3@clinic.org
2026-10-09 13:36:25,254 INFO  [http-nio-8080-exec-9] c.e.api.PatientController - GET /api/v2/encounters/28461 completed in 54ms user=dr.smith4@clinic.org
2026-10-09 13:36:27,342 INFO  [http-nio-8080-exec-22] c.e.api.PatientController - GET /api/v2/encounters/96374 completed in 134ms user=dr.smith8@clinic.org
2026-10-09 13:36:29,646 INFO  [http-nio-8080-exec-4] c.e.api.PatientController - GET /api/v2/encounters/23870 completed in 134ms user=dr.smith2@clinic.org
2026-10-09 13:36:30,031 INFO  [http-nio-8080-exec-31] c.e.api.PatientController - GET /api/v2/encounters/98420 completed in 125ms user=dr.smith9@clinic.org
2026-10-09 13:36:33,423 INFO  [http-nio-8080-exec-9] c.e.api.PatientController - GET /api/v2/encounters/7563 completed in 170ms user=dr.smith7@clinic.org
2026-10-09 13:36:35,312 INFO  [http-nio-8080-exec-27] c.e.api.PatientController - GET /api/v2/encounters/52783 completed in 34ms user=dr.smith9@clinic.org
2026-10-09 13:36:36,038 INFO  [http-nio-8080-exec-28] c.e.api.PatientController - GET /api/v2/encounters/27550 completed in 76ms user=dr.smith6@clinic.org
2026-10-09 13:36:39,027 INFO  [http-nio-8080-exec-4] c.e.api.PatientController - GET /api/v2/encounters/56427 completed in 145ms user=dr.smith8@clinic.org
2026-10-09 13:36:42,857 INFO  [http-nio-8080-exec-25] c.e.api.PatientController - GET /api/v2/encounters/77075 completed in 100ms user=dr.smith1@clinic.org
2026-10-09 13:36:45,643 INFO  [http-nio-8080-exec-40] c.e.api.PatientController - GET /api/v2/encounters/9582 completed in 147ms user=dr.smith9@clinic.org
2026-10-09 13:36:47,106 INFO  [http-nio-8080-exec-26] c.e.api.PatientController - GET /api/v2/encounters/87323 completed in 46ms user=dr.smith8@clinic.org
2026-10-09 13:36:49,819 INFO  [http-nio-8080-exec-2] c.e.api.PatientController - GET /api/v2/encounters/16177 completed in 173ms user=dr.smith8@clinic.org
2026-10-09 13:36:52,867 INFO  [http-nio-8080-exec-3] c.e.api.PatientController - GET /api/v2/encounters/80383 completed in 127ms user=dr.smith5@clinic.org
2026-10-09 13:36:54,002 INFO  [http-nio-8080-exec-16] c.e.api.PatientController - GET /api/v2/encounters/47054 completed in 167ms user=dr.smith8@clinic.org
2026-10-09 13:36:56,303 INFO  [http-nio-8080-exec-39] c.e.api.PatientController - GET /api/v2/encounters/81808 completed in 33ms user=dr.smith6@clinic.org
2026-10-09 13:36:58,240 WARN  [http-nio-8080-exec-37] c.e.api.ReportService - Slow request /api/v2/reports took 2318ms
2026-10-09 13:37:00,579 INFO  [http-nio-8080-exec-2] c.e.api.PatientController - GET /api/v2/encounters/57420 completed in 137ms user=dr.smith9@clinic.org
2026-10-09 13:37:03,594 INFO  [scheduler-1] c.e.jobs.SyncJob - Sync batch 639 done
2026-10-09 13:37:05,311 INFO  [http-nio-8080-exec-35] c.e.api.PatientController - GET /api/v2/encounters/6915 completed in 94ms user=dr.smith1@clinic.org
2026-10-09 13:37:06,726 WARN  [http-nio-8080-exec-4] c.e.api.ReportService - Slow request /api/v2/reports took 2000ms
2026-10-09 13:37:07,663 INFO  [http-nio-8080-exec-17] c.e.api.PatientController - GET /api/v2/encounters/32207 completed in 117ms user=dr.smith4@clinic.org
2026-10-09 13:37:10,735 INFO  [http-nio-8080-exec-39] c.e.api.PatientController - GET /api/v2/encounters/43662 completed in 177ms user=dr.smith3@clinic.org
2026-10-09 13:37:13,797 INFO  [http-nio-8080-exec-7] c.e.api.PatientController - GET /api/v2/encounters/33401 completed in 132ms user=dr.smith9@clinic.org
2026-10-09 13:37:16,974 INFO  [http-nio-8080-exec-29] c.e.api.PatientController - GET /api/v2/encounters/23934 completed in 162ms user=dr.smith5@clinic.org
2026-10-09 13:37:19,019 INFO  [http-nio-8080-exec-32] c.e.api.PatientController - GET /api/v2/encounters/7870 completed in 51ms user=dr.smith3@clinic.org
2026-10-09 13:37:21,000 INFO  [http-nio-8080-exec-36] c.e.api.PatientController - GET /api/v2/encounters/90336 completed in 36ms user=dr.smith6@clinic.org
2026-10-09 13:37:23,159 INFO  [http-nio-8080-exec-20] c.e.api.PatientController - GET /api/v2/encounters/72013 completed in 30ms user=dr.smith2@clinic.org
2026-10-09 13:37:26,470 INFO  [http-nio-8080-exec-10] c.e.api.PatientController - GET /api/v2/encounters/64858 completed in 50ms user=dr.smith4@clinic.org
2026-10-09 13:37:28,157 INFO  [http-nio-8080-exec-15] c.e.api.PatientController - GET /api/v2/encounters/1131 completed in 33ms user=dr.smith5@clinic.org
2026-10-09 13:37:30,784 INFO  [http-nio-8080-exec-29] c.e.api.PatientController - GET /api/v2/encounters/84064 completed in 153ms user=dr.smith6@clinic.org
2026-10-09 13:37:32,132 WARN  [http-nio-8080-exec-21] c.e.api.ReportService - Slow request /api/v2/reports took 2946ms
2026-10-09 13:37:35,700 INFO  [http-nio-8080-exec-37] c.e.api.PatientController - GET /api/v2/encounters/59721 completed in 90ms user=dr.smith5@clinic.org
2026-10-09 13:37:37,187 INFO  [http-nio-8080-exec-24] c.e.api.PatientController - GET /api/v2/encounters/20924 completed in 82ms user=dr.smith1@clinic.org
2026-10-09 13:37:39,124 INFO  [http-nio-8080-exec-20] c.e.api.PatientController - GET /api/v2/encounters/1827 completed in 98ms user=dr.smith6@clinic.org
2026-10-09 13:37:41,288 WARN  [http-nio-8080-exec-30] c.e.api.ReportService - Slow request /api/v2/reports took 2606ms
2026-10-09 13:37:42,109 INFO  [http-nio-8080-exec-26] c.e.api.PatientController - GET /api/v2/encounters/24574 completed in 61ms user=dr.smith4@clinic.org
2026-10-09 13:37:43,770 INFO  [http-nio-8080-exec-26] c.e.api.PatientController - GET /api/v2/encounters/11939 completed in 52ms user=dr.smith4@clinic.org
2026-10-09 13:37:45,053 WARN  [http-nio-8080-exec-27] c.e.api.ReportService - Slow request /api/v2/reports took 2781ms
2026-10-09 13:37:47,031 INFO  [http-nio-8080-exec-13] c.e.api.PatientController - GET /api/v2/encounters/32726 completed in 170ms user=dr.smith7@clinic.org
2026-10-09 13:37:49,803 INFO  [http-nio-8080-exec-24] c.e.api.PatientController - GET /api/v2/encounters/92670 completed in 52ms user=dr.smith7@clinic.org
2026-10-09 13:37:50,428 INFO  [http-nio-8080-exec-8] c.e.api.PatientController - GET /api/v2/encounters/29069 completed in 131ms user=dr.smith6@clinic.org
2026-10-09 13:37:52,192 WARN  [http-nio-8080-exec-31] c.e.api.ReportService - Slow request /api/v2/reports took 2121ms
2026-10-09 13:37:54,943 INFO  [http-nio-8080-exec-8] c.e.api.PatientController - GET /api/v2/encounters/59936 completed in 36ms user=dr.smith8@clinic.org
2026-10-09 13:37:57,262 INFO  [http-nio-8080-exec-26] c.e.api.PatientController - GET /api/v2/encounters/14515 completed in 79ms user=dr.smith9@clinic.org
2026-10-09 13:37:59,656 INFO  [http-nio-8080-exec-28] c.e.api.PatientController - GET /api/v2/encounters/26010 completed in 21ms user=dr.smith8@clinic.org
2026-10-09 13:38:02,855 INFO  [http-nio-8080-exec-22] c.e.api.PatientController - GET /api/v2/encounters/50296 completed in 51ms user=dr.smith9@clinic.org
2026-10-09 13:38:04,758 INFO  [http-nio-8080-exec-26] c.e.api.PatientController - GET /api/v2/encounters/87517 completed in 59ms user=dr.smith5@clinic.org
2026-10-09 13:38:06,131 INFO  [http-nio-8080-exec-29] c.e.api.PatientController - GET /api/v2/encounters/62359 completed in 93ms user=dr.smith8@clinic.org
2026-10-09 13:38:08,636 INFO  [http-nio-8080-exec-17] c.e.api.PatientController - GET /api/v2/encounters/84921 completed in 148ms user=dr.smith1@clinic.org
2026-10-09 13:38:10,817 INFO  [http-nio-8080-exec-35] c.e.api.PatientController - GET /api/v2/encounters/66140 completed in 115ms user=dr.smith4@clinic.org
2026-10-09 13:38:12,020 INFO  [http-nio-8080-exec-27] c.e.api.PatientController - GET /api/v2/encounters/96478 completed in 70ms user=dr.smith2@clinic.org
2026-10-09 13:38:13,226 INFO  [http-nio-8080-exec-13] c.e.api.PatientController - GET /api/v2/encounters/55353 completed in 115ms user=dr.smith8@clinic.org
2026-10-09 13:38:15,374 INFO  [http-nio-8080-exec-15] c.e.api.PatientController - GET /api/v2/encounters/10020 completed in 98ms user=dr.smith9@clinic.org
2026-10-09 13:38:17,767 INFO  [http-nio-8080-exec-27] c.e.api.PatientController - GET /api/v2/encounters/87659 completed in 109ms user=dr.smith7@clinic.org
2026-10-09 13:38:19,245 WARN  [http-nio-8080-exec-38] c.e.api.ReportService - Slow request /api/v2/reports took 2538ms
2026-10-09 13:38:21,436 INFO  [http-nio-8080-exec-25] c.e.api.PatientController - GET /api/v2/encounters/42341 completed in 146ms user=dr.smith8@clinic.org
2026-10-09 13:38:22,511 INFO  [http-nio-8080-exec-14] c.e.api.PatientController - GET /api/v2/encounters/87710 completed in 33ms user=dr.smith3@clinic.org
2026-10-09 13:38:23,305 INFO  [http-nio-8080-exec-14] c.e.api.PatientController - GET /api/v2/encounters/31983 completed in 147ms user=dr.smith5@clinic.org
2026-10-09 13:38:25,550 INFO  [http-nio-8080-exec-5] c.e.api.PatientController - GET /api/v2/encounters/6577 completed in 36ms user=dr.smith3@clinic.org
2026-10-09 13:38:27,705 INFO  [http-nio-8080-exec-10] c.e.api.PatientController - GET /api/v2/encounters/70154 completed in 97ms user=dr.smith6@clinic.org
2026-10-09 13:38:29,566 INFO  [http-nio-8080-exec-28] c.e.api.PatientController - GET /api/v2/encounters/30410 completed in 51ms user=dr.smith1@clinic.org
2026-10-09 13:38:30,332 INFO  [http-nio-8080-exec-26] c.e.api.PatientController - GET /api/v2/encounters/82988 completed in 91ms user=dr.smith6@clinic.org
2026-10-09 13:38:32,238 INFO  [http-nio-8080-exec-30] c.e.api.PatientController - GET /api/v2/encounters/24781 completed in 60ms user=dr.smith8@clinic.org
2026-10-09 13:38:34,922 INFO  [http-nio-8080-exec-9] c.e.api.PatientController - GET /api/v2/encounters/79097 completed in 120ms user=dr.smith9@clinic.org
2026-10-09 13:38:36,310 INFO  [scheduler-1] c.e.jobs.SyncJob - Sync batch 689 done
2026-10-09 13:38:37,241 INFO  [http-nio-8080-exec-7] c.e.api.PatientController - GET /api/v2/encounters/73733 completed in 105ms user=dr.smith7@clinic.org
2026-10-09 13:38:39,863 INFO  [http-nio-8080-exec-1] c.e.api.PatientController - GET /api/v2/encounters/59279 completed in 130ms user=dr.smith6@clinic.org
2026-10-09 13:38:40,237 INFO  [http-nio-8080-exec-15] c.e.api.PatientController - GET /api/v2/encounters/40145 completed in 73ms user=dr.smith6@clinic.org
2026-10-09 13:38:42,489 INFO  [http-nio-8080-exec-25] c.e.api.PatientController - GET /api/v2/encounters/11875 completed in 22ms user=dr.smith1@clinic.org
2026-10-09 13:38:45,709 INFO  [http-nio-8080-exec-21] c.e.api.PatientController - GET /api/v2/encounters/66257 completed in 73ms user=dr.smith7@clinic.org
2026-10-09 13:38:47,563 INFO  [http-nio-8080-exec-14] c.e.api.PatientController - GET /api/v2/encounters/65137 completed in 29ms user=dr.smith8@clinic.org
2026-10-09 13:38:50,223 INFO  [http-nio-8080-exec-1] c.e.api.PatientController - GET /api/v2/encounters/92117 completed in 86ms user=dr.smith5@clinic.org
2026-10-09 13:38:52,782 INFO  [http-nio-8080-exec-29] c.e.api.PatientController - GET /api/v2/encounters/97042 completed in 179ms user=dr.smith4@clinic.org
2026-10-09 13:38:54,503 INFO  [http-nio-8080-exec-13] c.e.api.PatientController - GET /api/v2/encounters/41729 completed in 121ms user=dr.smith6@clinic.org
2026-10-09 13:38:55,303 INFO  [http-nio-8080-exec-13] c.e.api.PatientController - GET /api/v2/encounters/76706 completed in 57ms user=dr.smith3@clinic.org
2026-10-09 13:38:56,292 INFO  [http-nio-8080-exec-38] c.e.api.PatientController - GET /api/v2/encounters/20361 completed in 44ms user=dr.smith5@clinic.org
2026-10-09 13:38:58,527 INFO  [http-nio-8080-exec-30] c.e.api.PatientController - GET /api/v2/encounters/38142 completed in 163ms user=dr.smith6@clinic.org
2026-10-09 13:38:59,972 INFO  [scheduler-1] c.e.jobs.SyncJob - Sync batch 747 done
2026-10-09 13:39:00,338 INFO  [http-nio-8080-exec-13] c.e.api.PatientController - GET /api/v2/encounters/57395 completed in 87ms user=dr.smith6@clinic.org
2026-10-09 13:39:02,855 INFO  [http-nio-8080-exec-19] c.e.api.PatientController - GET /api/v2/encounters/2776 completed in 151ms user=dr.smith5@clinic.org
2026-10-09 13:39:03,374 INFO  [http-nio-8080-exec-24] c.e.api.PatientController - GET /api/v2/encounters/45863 completed in 50ms user=dr.smith9@clinic.org
2026-10-09 13:39:04,256 INFO  [http-nio-8080-exec-29] c.e.api.PatientController - GET /api/v2/encounters/66381 completed in 98ms user=dr.smith6@clinic.org
2026-10-09 13:39:06,792 INFO  [http-nio-8080-exec-3] c.e.api.PatientController - GET /api/v2/encounters/46026 completed in 127ms user=dr.smith5@clinic.org
2026-10-09 13:39:08,486 INFO  [http-nio-8080-exec-9] c.e.api.PatientController - GET /api/v2/encounters/33013 completed in 86ms user=dr.smith2@clinic.org
2026-10-09 13:39:10,253 WARN  [http-nio-8080-exec-3] c.e.api.ReportService - Slow request /api/v2/reports took 1903ms
2026-10-09 13:39:12,243 INFO  [http-nio-8080-exec-32] c.e.api.PatientController - GET /api/v2/encounters/46946 completed in 147ms user=dr.smith6@clinic.org
2026-10-09 13:39:15,196 INFO  [http-nio-8080-exec-15] c.e.api.PatientController - GET /api/v2/encounters/56735 completed in 152ms user=dr.smith8@clinic.org
2026-10-09 13:39:16,728 INFO  [http-nio-8080-exec-6] c.e.api.PatientController - GET /api/v2/encounters/36933 completed in 109ms user=dr.smith2@clinic.org
2026-10-09 13:39:18,525 INFO  [http-nio-8080-exec-12] c.e.api.PatientController - GET /api/v2/encounters/83754 completed in 44ms user=dr.smith9@clinic.org
2026-10-09 13:39:20,881 INFO  [http-nio-8080-exec-20] c.e.api.PatientController - GET /api/v2/encounters/29503 completed in 169ms user=dr.smith6@clinic.org
2026-10-09 13:39:22,954 INFO  [http-nio-8080-exec-26] c.e.api.PatientController - GET /api/v2/encounters/28157 completed in 108ms user=dr.smith1@clinic.org
2026-10-09 13:39:25,912 INFO  [http-nio-8080-exec-13] c.e.api.PatientController - GET /api/v2/encounters/72538 completed in 148ms user=dr.smith2@clinic.org
2026-10-09 13:39:27,471 INFO  [http-nio-8080-exec-15] c.e.api.PatientController - GET /api/v2/encounters/79745 completed in 45ms user=dr.smith6@clinic.org
2026-10-09 13:39:30,104 INFO  [http-nio-8080-exec-36] c.e.api.PatientController - GET /api/v2/encounters/95795 completed in 101ms user=dr.smith6@clinic.org
2026-10-09 13:39:33,420 INFO  [http-nio-8080-exec-35] c.e.api.PatientController - GET /api/v2/encounters/6682 completed in 96ms user=dr.smith7@clinic.org
2026-10-09 13:39:35,473 INFO  [http-nio-8080-exec-22] c.e.api.PatientController - GET /api/v2/encounters/40472 completed in 159ms user=dr.smith1@clinic.org
2026-10-09 13:39:37,181 INFO  [http-nio-8080-exec-23] c.e.api.PatientController - GET /api/v2/encounters/89775 completed in 168ms user=dr.smith7@clinic.org
2026-10-09 13:39:38,744 WARN  [http-nio-8080-exec-6] c.e.api.ReportService - Slow request /api/v2/reports took 2582ms
2026-10-09 13:39:40,745 INFO  [http-nio-8080-exec-9] c.e.api.PatientController - GET /api/v2/encounters/3070 completed in 154ms user=dr.smith8@clinic.org
2026-10-09 13:39:42,609 INFO  [http-nio-8080-exec-17] c.e.api.PatientController - GET /api/v2/encounters/37072 completed in 27ms user=dr.smith7@clinic.org
2026-10-09 13:39:45,277 INFO  [http-nio-8080-exec-18] c.e.api.PatientController - GET /api/v2/encounters/18915 completed in 138ms user=dr.smith4@clinic.org
2026-10-09 13:39:48,214 INFO  [http-nio-8080-exec-2] c.e.api.PatientController - GET /api/v2/encounters/84345 completed in 169ms user=dr.smith5@clinic.org
2026-10-09 13:39:49,423 INFO  [http-nio-8080-exec-1] c.e.api.PatientController - GET /api/v2/encounters/57982 completed in 127ms user=dr.smith1@clinic.org
2026-10-09 13:39:51,106 INFO  [http-nio-8080-exec-38] c.e.api.PatientController - GET /api/v2/encounters/96906 completed in 30ms user=dr.smith7@clinic.org
2026-10-09 13:39:53,504 INFO  [http-nio-8080-exec-12] c.e.api.PatientController - GET /api/v2/encounters/20031 completed in 151ms user=dr.smith7@clinic.org
2026-10-09 13:39:56,134 INFO  [http-nio-8080-exec-27] c.e.api.PatientController - GET /api/v2/encounters/37439 completed in 88ms user=dr.smith2@clinic.org
2026-10-09 13:39:57,470 WARN  [http-nio-8080-exec-24] c.e.api.ReportService - Slow request /api/v2/reports took 2667ms
2026-10-09 13:39:59,871 INFO  [http-nio-8080-exec-33] c.e.api.PatientController - GET /api/v2/encounters/25003 completed in 152ms user=dr.smith4@clinic.org
2026-10-09 13:40:00,094 INFO  [http-nio-8080-exec-21] c.e.api.PatientController - GET /api/v2/encounters/30951 completed in 51ms user=dr.smith1@clinic.org
2026-10-09 13:40:00,094 ERROR [metrics-1] c.e.metrics.StatsdClient - Failed to send metrics to statsd 10.0.0.9:8125: Connection refused
2026-10-09 13:40:02,035 INFO  [http-nio-8080-exec-31] c.e.api.PatientController - GET /api/v2/encounters/64485 completed in 74ms user=dr.smith7@clinic.org
2026-10-09 13:40:03,746 INFO  [http-nio-8080-exec-10] c.e.api.PatientController - GET /api/v2/encounters/73724 completed in 172ms user=dr.smith8@clinic.org
2026-10-09 13:40:06,171 INFO  [http-nio-8080-exec-36] c.e.api.PatientController - GET /api/v2/encounters/28390 completed in 105ms user=dr.smith2@clinic.org
2026-10-09 13:40:08,451 INFO  [http-nio-8080-exec-22] c.e.api.PatientController - GET /api/v2/encounters/85948 completed in 153ms user=dr.smith9@clinic.org
2026-10-09 13:40:10,151 WARN  [http-nio-8080-exec-4] c.e.api.ReportService - Slow request /api/v2/reports took 2843ms
2026-10-09 13:40:12,007 INFO  [http-nio-8080-exec-27] c.e.api.PatientController - GET /api/v2/encounters/76049 completed in 33ms user=dr.smith3@clinic.org
2026-10-09 13:40:14,643 INFO  [http-nio-8080-exec-28] c.e.api.PatientController - GET /api/v2/encounters/32478 completed in 163ms user=dr.smith9@clinic.org
2026-10-09 13:40:15,400 INFO  [http-nio-8080-exec-17] c.e.api.PatientController - GET /api/v2/encounters/49684 completed in 96ms user=dr.smith2@clinic.org
2026-10-09 13:40:17,331 INFO  [http-nio-8080-exec-26] c.e.api.PatientController - GET /api/v2/encounters/65977 completed in 134ms user=dr.smith3@clinic.org
2026-10-09 13:40:19,375 INFO  [http-nio-8080-exec-37] c.e.api.PatientController - GET /api/v2/encounters/3012 completed in 58ms user=dr.smith1@clinic.org
2026-10-09 13:40:22,292 WARN  [http-nio-8080-exec-21] c.e.api.ReportService - Slow request /api/v2/reports took 1619ms
2026-10-09 13:40:25,240 INFO  [http-nio-8080-exec-16] c.e.api.PatientController - GET /api/v2/encounters/59761 completed in 85ms user=dr.smith8@clinic.org
2026-10-09 13:40:27,119 INFO  [http-nio-8080-exec-24] c.e.api.PatientController - GET /api/v2/encounters/15990 completed in 109ms user=dr.smith8@clinic.org
2026-10-09 13:40:30,991 INFO  [http-nio-8080-exec-14] c.e.api.PatientController - GET /api/v2/encounters/9991 completed in 133ms user=dr.smith8@clinic.org
2026-10-09 13:40:32,959 WARN  [http-nio-8080-exec-40] c.e.api.ReportService - Slow request /api/v2/reports took 1766ms
2026-10-09 13:40:34,602 INFO  [http-nio-8080-exec-27] c.e.api.PatientController - GET /api/v2/encounters/33712 completed in 148ms user=dr.smith2@clinic.org
2026-10-09 13:40:36,450 INFO  [http-nio-8080-exec-37] c.e.api.PatientController - GET /api/v2/encounters/43564 completed in 43ms user=dr.smith8@clinic.org
2026-10-09 13:40:38,865 INFO  [http-nio-8080-exec-34] c.e.api.PatientController - GET /api/v2/encounters/44338 completed in 36ms user=dr.smith6@clinic.org
2026-10-09 13:40:41,019 INFO  [http-nio-8080-exec-27] c.e.api.PatientController - GET /api/v2/encounters/82695 completed in 64ms user=dr.smith9@clinic.org
2026-10-09 13:40:42,034 INFO  [http-nio-8080-exec-21] c.e.api.PatientController - GET /api/v2/encounters/74463 completed in 72ms user=dr.smith3@clinic.org
2026-10-09 13:40:45,548 INFO  [http-nio-8080-exec-33] c.e.api.PatientController - GET /api/v2/encounters/36056 completed in 85ms user=dr.smith5@clinic.org
2026-10-09 13:40:47,743 INFO  [http-nio-8080-exec-17] c.e.api.PatientController - GET /api/v2/encounters/92907 completed in 132ms user=dr.smith4@clinic.org
2026-10-09 13:40:50,169 INFO  [http-nio-8080-exec-29] c.e.api.PatientController - GET /api/v2/encounters/18261 completed in 74ms user=dr.smith6@clinic.org
2026-10-09 13:40:50,169 ERROR [metrics-1] c.e.metrics.StatsdClient - Failed to send metrics to statsd 10.0.0.9:8125: Connection refused
2026-10-09 13:40:51,838 INFO  [http-nio-8080-exec-26] c.e.api.PatientController - GET /api/v2/encounters/63270 completed in 121ms user=dr.smith3@clinic.org
2026-10-09 13:40:54,924 INFO  [http-nio-8080-exec-17] c.e.api.PatientController - GET /api/v2/encounters/24108 completed in 154ms user=dr.smith6@clinic.org
2026-10-09 13:40:56,390 INFO  [scheduler-1] c.e.jobs.SyncJob - Sync batch 846 done
2026-10-09 13:40:57,906 WARN  [http-nio-8080-exec-30] c.e.api.ReportService - Slow request /api/v2/reports took 2550ms
2026-10-09 13:40:59,211 INFO  [http-nio-8080-exec-22] c.e.api.PatientController - GET /api/v2/encounters/90326 completed in 159ms user=dr.smith5@clinic.org
2026-10-09 13:41:00,727 INFO  [http-nio-8080-exec-12] c.e.api.PatientController - GET /api/v2/encounters/10036 completed in 86ms user=dr.smith2@clinic.org
2026-10-09 13:41:02,842 INFO  [http-nio-8080-exec-32] c.e.api.PatientController - GET /api/v2/encounters/43834 completed in 173ms user=dr.smith4@clinic.org
2026-10-09 13:41:05,844 INFO  [http-nio-8080-exec-23] c.e.api.PatientController - GET /api/v2/encounters/89755 completed in 33ms user=dr.smith2@clinic.org
2026-10-09 13:41:07,023 INFO  [http-nio-8080-exec-17] c.e.api.PatientController - GET /api/v2/encounters/70247 completed in 40ms user=dr.smith7@clinic.org
2026-10-09 13:41:08,500 INFO  [scheduler-1] c.e.jobs.SyncJob - Sync batch 772 done
2026-10-09 13:41:11,465 INFO  [http-nio-8080-exec-20] c.e.api.PatientController - GET /api/v2/encounters/34563 completed in 50ms user=dr.smith7@clinic.org
2026-10-09 13:41:13,364 INFO  [http-nio-8080-exec-36] c.e.api.PatientController - GET /api/v2/encounters/39938 completed in 45ms user=dr.smith4@clinic.org
2026-10-09 13:41:16,872 INFO  [scheduler-1] c.e.jobs.SyncJob - Sync batch 659 done
2026-10-09 13:41:19,331 INFO  [http-nio-8080-exec-18] c.e.api.PatientController - GET /api/v2/encounters/80964 completed in 42ms user=dr.smith4@clinic.org
2026-10-09 13:41:22,044 INFO  [http-nio-8080-exec-25] c.e.api.PatientController - GET /api/v2/encounters/46865 completed in 167ms user=dr.smith3@clinic.org
2026-10-09 13:41:24,347 WARN  [http-nio-8080-exec-16] c.e.api.ReportService - Slow request /api/v2/reports took 2780ms
2026-10-09 13:41:25,644 INFO  [scheduler-1] c.e.jobs.SyncJob - Sync batch 529 done
2026-10-09 13:41:27,183 INFO  [http-nio-8080-exec-8] c.e.api.PatientController - GET /api/v2/encounters/73456 completed in 64ms user=dr.smith1@clinic.org
2026-10-09 13:41:29,526 INFO  [http-nio-8080-exec-9] c.e.api.PatientController - GET /api/v2/encounters/73563 completed in 127ms user=dr.smith8@clinic.org
2026-10-09 13:41:30,381 INFO  [http-nio-8080-exec-2] c.e.api.PatientController - GET /api/v2/encounters/86228 completed in 101ms user=dr.smith3@clinic.org
2026-10-09 13:41:31,061 INFO  [http-nio-8080-exec-9] c.e.api.PatientController - GET /api/v2/encounters/40894 completed in 95ms user=dr.smith2@clinic.org
2026-10-09 13:41:33,161 INFO  [http-nio-8080-exec-27] c.e.api.PatientController - GET /api/v2/encounters/86038 completed in 59ms user=dr.smith9@clinic.org
2026-10-09 13:41:35,326 INFO  [http-nio-8080-exec-29] c.e.api.PatientController - GET /api/v2/encounters/22588 completed in 134ms user=dr.smith7@clinic.org
2026-10-09 13:41:37,310 INFO  [http-nio-8080-exec-36] c.e.api.PatientController - GET /api/v2/encounters/43475 completed in 161ms user=dr.smith4@clinic.org
2026-10-09 13:41:39,819 INFO  [http-nio-8080-exec-34] c.e.api.PatientController - GET /api/v2/encounters/44227 completed in 175ms user=dr.smith8@clinic.org
2026-10-09 13:41:41,942 INFO  [http-nio-8080-exec-35] c.e.api.PatientController - GET /api/v2/encounters/73622 completed in 180ms user=dr.smith2@clinic.org
2026-10-09 13:41:44,624 INFO  [http-nio-8080-exec-22] c.e.api.PatientController - GET /api/v2/encounters/43209 completed in 124ms user=dr.smith1@clinic.org
2026-10-09 13:41:46,103 INFO  [http-nio-8080-exec-27] c.e.api.PatientController - GET /api/v2/encounters/35079 completed in 101ms user=dr.smith1@clinic.org
2026-10-09 13:41:47,779 INFO  [http-nio-8080-exec-8] c.e.api.PatientController - GET /api/v2/encounters/49701 completed in 108ms user=dr.smith6@clinic.org
2026-10-09 13:41:49,946 INFO  [http-nio-8080-exec-30] c.e.api.PatientController - GET /api/v2/encounters/86534 completed in 31ms user=dr.smith6@clinic.org
2026-10-09 13:41:51,726 INFO  [http-nio-8080-exec-21] c.e.api.PatientController - GET /api/v2/encounters/8287 completed in 110ms user=dr.smith9@clinic.org
2026-10-09 13:41:53,882 INFO  [http-nio-8080-exec-36] c.e.api.PatientController - GET /api/v2/encounters/73781 completed in 171ms user=dr.smith6@clinic.org
2026-10-09 13:41:54,141 WARN  [http-nio-8080-exec-20] c.e.api.ReportService - Slow request /api/v2/reports took 2786ms
2026-10-09 13:41:56,199 INFO  [http-nio-8080-exec-28] c.e.api.PatientController - GET /api/v2/encounters/6139 completed in 30ms user=dr.smith9@clinic.org
2026-10-09 13:41:57,938 INFO  [http-nio-8080-exec-27] c.e.api.PatientController - GET /api/v2/encounters/74047 completed in 157ms user=dr.smith2@clinic.org
2026-10-09 13:41:58,255 INFO  [http-nio-8080-exec-9] c.e.api.PatientController - GET /api/v2/encounters/89147 completed in 133ms user=dr.smith1@clinic.org
2026-10-09 13:42:01,052 INFO  [http-nio-8080-exec-16] c.e.api.PatientController - GET /api/v2/encounters/99838 completed in 59ms user=dr.smith7@clinic.org
2026-10-09 13:42:03,788 INFO  [http-nio-8080-exec-34] c.e.api.PatientController - GET /api/v2/encounters/98970 completed in 167ms user=dr.smith7@clinic.org
2026-10-09 13:42:06,828 INFO  [http-nio-8080-exec-15] c.e.api.PatientController - GET /api/v2/encounters/90182 completed in 100ms user=dr.smith5@clinic.org
2026-10-09 13:42:08,802 INFO  [http-nio-8080-exec-3] c.e.api.PatientController - GET /api/v2/encounters/48690 completed in 131ms user=dr.smith3@clinic.org
2026-10-09 13:42:11,461 INFO  [http-nio-8080-exec-39] c.e.api.PatientController - GET /api/v2/encounters/87651 completed in 155ms user=dr.smith6@clinic.org
2026-10-09 13:42:14,007 INFO  [http-nio-8080-exec-32] c.e.api.PatientController - GET /api/v2/encounters/73338 completed in 160ms user=dr.smith3@clinic.org
2026-10-09 13:42:15,489 INFO  [http-nio-8080-exec-26] c.e.api.PatientController - GET /api/v2/encounters/49877 completed in 165ms user=dr.smith1@clinic.org
2026-10-09 13:42:17,046 WARN  [http-nio-8080-exec-31] c.e.api.ReportService - Slow request /api/v2/reports took 1656ms
2026-10-09 13:42:18,409 INFO  [http-nio-8080-exec-17] c.e.api.PatientController - GET /api/v2/encounters/86838 completed in 134ms user=dr.smith2@clinic.org
2026-10-09 13:42:20,551 INFO  [http-nio-8080-exec-36] c.e.api.PatientController - GET /api/v2/encounters/59253 completed in 168ms user=dr.smith5@clinic.org
2026-10-09 13:42:22,552 INFO  [http-nio-8080-exec-14] c.e.api.PatientController - GET /api/v2/encounters/57475 completed in 39ms user=dr.smith7@clinic.org
2026-10-09 13:42:23,353 INFO  [http-nio-8080-exec-35] c.e.api.PatientController - GET /api/v2/encounters/56381 completed in 73ms user=dr.smith4@clinic.org
2026-10-09 13:42:25,227 INFO  [http-nio-8080-exec-26] c.e.api.PatientController - GET /api/v2/encounters/36870 completed in 93ms user=dr.smith1@clinic.org
2026-10-09 13:42:26,428 INFO  [http-nio-8080-exec-36] c.e.api.PatientController - GET /api/v2/encounters/52068 completed in 172ms user=dr.smith5@clinic.org
2026-10-09 13:42:28,587 INFO  [http-nio-8080-exec-11] c.e.api.PatientController - GET /api/v2/encounters/62748 completed in 136ms user=dr.smith8@clinic.org
2026-10-09 13:42:31,410 INFO  [http-nio-8080-exec-30] c.e.api.PatientController - GET /api/v2/encounters/81768 completed in 102ms user=dr.smith3@clinic.org
2026-10-09 13:42:33,519 WARN  [http-nio-8080-exec-32] c.e.api.ReportService - Slow request /api/v2/reports took 1859ms
2026-10-09 13:42:35,378 INFO  [http-nio-8080-exec-39] c.e.api.PatientController - GET /api/v2/encounters/15581 completed in 104ms user=dr.smith1@clinic.org
2026-10-09 13:42:37,936 INFO  [http-nio-8080-exec-39] c.e.api.PatientController - GET /api/v2/encounters/99508 completed in 48ms user=dr.smith6@clinic.org
2026-10-09 13:42:39,734 INFO  [http-nio-8080-exec-20] c.e.api.PatientController - GET /api/v2/encounters/19635 completed in 65ms user=dr.smith1@clinic.org
2026-10-09 13:42:41,845 WARN  [http-nio-8080-exec-30] c.e.api.ReportService - Slow request /api/v2/reports took 2611ms
2026-10-09 13:42:44,321 INFO  [scheduler-1] c.e.jobs.SyncJob - Sync batch 960 done
2026-10-09 13:42:46,002 INFO  [http-nio-8080-exec-27] c.e.api.PatientController - GET /api/v2/encounters/71106 completed in 86ms user=dr.smith6@clinic.org
2026-10-09 13:42:47,026 INFO  [http-nio-8080-exec-35] c.e.api.PatientController - GET /api/v2/encounters/35575 completed in 163ms user=dr.smith6@clinic.org
2026-10-09 13:42:49,569 WARN  [http-nio-8080-exec-25] c.e.api.ReportService - Slow request /api/v2/reports took 2678ms
2026-10-09 13:42:50,840 INFO  [http-nio-8080-exec-23] c.e.api.PatientController - GET /api/v2/encounters/55576 completed in 26ms user=dr.smith5@clinic.org
2026-10-09 13:42:52,376 INFO  [http-nio-8080-exec-4] c.e.api.PatientController - GET /api/v2/encounters/32014 completed in 161ms user=dr.smith9@clinic.org
2026-10-09 13:42:54,097 INFO  [http-nio-8080-exec-22] c.e.api.PatientController - GET /api/v2/encounters/10372 completed in 156ms user=dr.smith5@clinic.org
2026-10-09 13:42:56,147 INFO  [scheduler-1] c.e.jobs.SyncJob - Sync batch 760 done
2026-10-09 13:42:59,818 INFO  [http-nio-8080-exec-29] c.e.api.PatientController - GET /api/v2/encounters/31947 completed in 65ms user=dr.smith9@clinic.org
2026-10-09 13:43:01,957 INFO  [http-nio-8080-exec-31] c.e.api.PatientController - GET /api/v2/encounters/88788 completed in 84ms user=dr.smith7@clinic.org
2026-10-09 13:43:03,587 INFO  [http-nio-8080-exec-13] c.e.api.PatientController - GET /api/v2/encounters/12129 completed in 26ms user=dr.smith9@clinic.org
2026-10-09 13:43:05,588 INFO  [http-nio-8080-exec-29] c.e.api.PatientController - GET /api/v2/encounters/46035 completed in 67ms user=dr.smith7@clinic.org
2026-10-09 13:43:07,605 INFO  [http-nio-8080-exec-13] c.e.api.PatientController - GET /api/v2/encounters/1382 completed in 43ms user=dr.smith9@clinic.org
2026-10-09 13:43:09,261 INFO  [http-nio-8080-exec-38] c.e.api.PatientController - GET /api/v2/encounters/90045 completed in 64ms user=dr.smith1@clinic.org
2026-10-09 13:43:12,027 INFO  [http-nio-8080-exec-24] c.e.api.PatientController - GET /api/v2/encounters/42940 completed in 24ms user=dr.smith1@clinic.org
2026-10-09 13:43:13,242 INFO  [http-nio-8080-exec-7] c.e.api.PatientController - GET /api/v2/encounters/60134 completed in 73ms user=dr.smith2@clinic.org
2026-10-09 13:43:16,235 INFO  [http-nio-8080-exec-15] c.e.api.PatientController - GET /api/v2/encounters/13950 completed in 132ms user=dr.smith2@clinic.org
2026-10-09 13:43:17,323 INFO  [scheduler-1] c.e.jobs.SyncJob - Sync batch 957 done
2026-10-09 13:43:19,411 INFO  [http-nio-8080-exec-11] c.e.api.PatientController - GET /api/v2/encounters/43470 completed in 117ms user=dr.smith8@clinic.org
2026-10-09 13:43:20,103 INFO  [http-nio-8080-exec-7] c.e.api.PatientController - GET /api/v2/encounters/60365 completed in 163ms user=dr.smith8@clinic.org
2026-10-09 13:43:21,764 INFO  [http-nio-8080-exec-24] c.e.api.PatientController - GET /api/v2/encounters/17817 completed in 41ms user=dr.smith7@clinic.org
2026-10-09 13:43:23,483 INFO  [http-nio-8080-exec-9] c.e.api.PatientController - GET /api/v2/encounters/80872 completed in 128ms user=dr.smith8@clinic.org
2026-10-09 13:43:25,474 INFO  [http-nio-8080-exec-7] c.e.api.PatientController - GET /api/v2/encounters/79637 completed in 162ms user=dr.smith3@clinic.org
2026-10-09 13:43:26,228 INFO  [http-nio-8080-exec-16] c.e.api.PatientController - GET /api/v2/encounters/33478 completed in 134ms user=dr.smith7@clinic.org
2026-10-09 13:43:28,506 INFO  [http-nio-8080-exec-10] c.e.api.PatientController - GET /api/v2/encounters/27654 completed in 78ms user=dr.smith6@clinic.org
2026-10-09 13:43:31,339 INFO  [http-nio-8080-exec-20] c.e.api.PatientController - GET /api/v2/encounters/16445 completed in 141ms user=dr.smith3@clinic.org
2026-10-09 13:43:33,645 INFO  [scheduler-1] c.e.jobs.SyncJob - Sync batch 901 done
2026-10-09 13:43:36,001 INFO  [http-nio-8080-exec-38] c.e.api.PatientController - GET /api/v2/encounters/5796 completed in 153ms user=dr.smith7@clinic.org
2026-10-09 13:43:37,538 WARN  [http-nio-8080-exec-9] c.e.api.ReportService - Slow request /api/v2/reports took 1914ms
2026-10-09 13:43:40,352 INFO  [http-nio-8080-exec-14] c.e.api.PatientController - GET /api/v2/encounters/47898 completed in 178ms user=dr.smith4@clinic.org
2026-10-09 13:43:42,269 INFO  [http-nio-8080-exec-1] c.e.api.PatientController - GET /api/v2/encounters/33712 completed in 102ms user=dr.smith9@clinic.org
2026-10-09 13:43:43,682 INFO  [http-nio-8080-exec-40] c.e.api.PatientController - GET /api/v2/encounters/93703 completed in 47ms user=dr.smith1@clinic.org
2026-10-09 13:43:45,399 INFO  [scheduler-1] c.e.jobs.SyncJob - Sync batch 856 done
2026-10-09 13:43:47,448 INFO  [http-nio-8080-exec-2] c.e.api.PatientController - GET /api/v2/encounters/84208 completed in 179ms user=dr.smith8@clinic.org
2026-10-09 13:43:48,036 INFO  [http-nio-8080-exec-30] c.e.api.PatientController - GET /api/v2/encounters/41989 completed in 166ms user=dr.smith5@clinic.org
2026-10-09 13:43:51,884 INFO  [http-nio-8080-exec-2] c.e.api.PatientController - GET /api/v2/encounters/38674 completed in 107ms user=dr.smith6@clinic.org
2026-10-09 13:43:52,789 INFO  [scheduler-1] c.e.jobs.SyncJob - Sync batch 925 done
2026-10-09 13:43:54,804 INFO  [http-nio-8080-exec-27] c.e.api.PatientController - GET /api/v2/encounters/15626 completed in 142ms user=dr.smith2@clinic.org
2026-10-09 13:43:57,123 INFO  [http-nio-8080-exec-25] c.e.api.PatientController - GET /api/v2/encounters/13170 completed in 156ms user=dr.smith9@clinic.org
2026-10-09 13:43:59,405 WARN  [http-nio-8080-exec-8] c.e.api.ReportService - Slow request /api/v2/reports took 2905ms
2026-10-09 13:44:01,001 INFO  [http-nio-8080-exec-34] c.e.api.PatientController - GET /api/v2/encounters/55395 completed in 165ms user=dr.smith3@clinic.org
2026-10-09 13:44:04,793 INFO  [http-nio-8080-exec-1] c.e.api.PatientController - GET /api/v2/encounters/11759 completed in 65ms user=dr.smith4@clinic.org
2026-10-09 13:44:05,332 INFO  [scheduler-1] c.e.jobs.SyncJob - Sync batch 401 done
2026-10-09 13:44:08,061 INFO  [http-nio-8080-exec-9] c.e.api.PatientController - GET /api/v2/encounters/66584 completed in 147ms user=dr.smith4@clinic.org
2026-10-09 13:44:11,532 INFO  [http-nio-8080-exec-13] c.e.api.PatientController - GET /api/v2/encounters/45114 completed in 125ms user=dr.smith4@clinic.org
2026-10-09 13:44:13,719 WARN  [http-nio-8080-exec-15] c.e.api.ReportService - Slow request /api/v2/reports took 2133ms
2026-10-09 13:44:14,346 INFO  [http-nio-8080-exec-37] c.e.api.PatientController - GET /api/v2/encounters/31098 completed in 124ms user=dr.smith7@clinic.org
2026-10-09 13:44:16,099 INFO  [http-nio-8080-exec-35] c.e.api.PatientController - GET /api/v2/encounters/17163 completed in 144ms user=dr.smith1@clinic.org
2026-10-09 13:44:18,089 INFO  [http-nio-8080-exec-40] c.e.api.PatientController - GET /api/v2/encounters/5202 completed in 72ms user=dr.smith1@clinic.org
2026-10-09 13:44:21,845 WARN  [http-nio-8080-exec-34] c.e.api.ReportService - Slow request /api/v2/reports took 1965ms
2026-10-09 13:44:23,430 INFO  [http-nio-8080-exec-18] c.e.api.PatientController - GET /api/v2/encounters/46275 completed in 58ms user=dr.smith6@clinic.org
2026-10-09 13:44:25,955 INFO  [scheduler-1] c.e.jobs.SyncJob - Sync batch 460 done
2026-10-09 13:44:27,521 INFO  [http-nio-8080-exec-20] c.e.api.PatientController - GET /api/v2/encounters/29566 completed in 158ms user=dr.smith4@clinic.org
2026-10-09 13:44:29,931 WARN  [http-nio-8080-exec-38] c.e.api.ReportService - Slow request /api/v2/reports took 2698ms
2026-10-09 13:44:31,565 INFO  [http-nio-8080-exec-1] c.e.api.PatientController - GET /api/v2/encounters/97181 completed in 158ms user=dr.smith3@clinic.org
2026-10-09 13:44:32,227 INFO  [http-nio-8080-exec-9] c.e.api.PatientController - GET /api/v2/encounters/3617 completed in 61ms user=dr.smith8@clinic.org
2026-10-09 13:44:34,555 INFO  [http-nio-8080-exec-25] c.e.api.PatientController - GET /api/v2/encounters/27897 completed in 143ms user=dr.smith1@clinic.org
2026-10-09 13:44:36,702 INFO  [http-nio-8080-exec-21] c.e.api.PatientController - GET /api/v2/encounters/18673 completed in 126ms user=dr.smith5@clinic.org
2026-10-09 13:44:38,331 INFO  [http-nio-8080-exec-33] c.e.api.PatientController - GET /api/v2/encounters/41452 completed in 172ms user=dr.smith8@clinic.org
2026-10-09 13:44:40,665 INFO  [http-nio-8080-exec-31] c.e.api.PatientController - GET /api/v2/encounters/60929 completed in 72ms user=dr.smith8@clinic.org
2026-10-09 13:44:43,125 WARN  [http-nio-8080-exec-30] c.e.api.ReportService - Slow request /api/v2/reports took 2649ms
2026-10-09 13:44:46,005 INFO  [http-nio-8080-exec-40] c.e.api.PatientController - GET /api/v2/encounters/71938 completed in 68ms user=dr.smith7@clinic.org
2026-10-09 13:44:48,673 INFO  [http-nio-8080-exec-37] c.e.api.PatientController - GET /api/v2/encounters/39975 completed in 39ms user=dr.smith2@clinic.org
2026-10-09 13:44:50,354 INFO  [http-nio-8080-exec-37] c.e.api.PatientController - GET /api/v2/encounters/50998 completed in 91ms user=dr.smith4@clinic.org
2026-10-09 13:44:51,587 INFO  [http-nio-8080-exec-27] c.e.api.PatientController - GET /api/v2/encounters/31627 completed in 84ms user=dr.smith7@clinic.org
2026-10-09 13:44:53,434 INFO  [http-nio-8080-exec-12] c.e.api.PatientController - GET /api/v2/encounters/22335 completed in 54ms user=dr.smith5@clinic.org
2026-10-09 13:44:54,677 INFO  [http-nio-8080-exec-34] c.e.api.PatientController - GET /api/v2/encounters/92186 completed in 73ms user=dr.smith8@clinic.org
2026-10-09 13:44:56,173 INFO  [http-nio-8080-exec-12] c.e.api.PatientController - GET /api/v2/encounters/20261 completed in 120ms user=dr.smith2@clinic.org
2026-10-09 13:44:58,710 WARN  [http-nio-8080-exec-6] c.e.api.ReportService - Slow request /api/v2/reports took 1948ms
2026-10-09 13:44:59,951 INFO  [http-nio-8080-exec-2] c.e.api.PatientController - GET /api/v2/encounters/89347 completed in 44ms user=dr.smith2@clinic.org
2026-10-09 13:45:01,378 INFO  [http-nio-8080-exec-38] c.e.api.PatientController - GET /api/v2/encounters/56191 completed in 155ms user=dr.smith6@clinic.org
2026-10-09 13:45:02,747 INFO  [http-nio-8080-exec-28] c.e.api.PatientController - GET /api/v2/encounters/74449 completed in 158ms user=dr.smith3@clinic.org
2026-10-09 13:45:05,551 WARN  [http-nio-8080-exec-3] c.e.api.ReportService - Slow request /api/v2/reports took 2112ms
2026-10-09 13:45:07,221 INFO  [http-nio-8080-exec-26] c.e.api.PatientController - GET /api/v2/encounters/58609 completed in 79ms user=dr.smith7@clinic.org
2026-10-09 13:45:10,226 INFO  [http-nio-8080-exec-5] c.e.api.PatientController - GET /api/v2/encounters/65135 completed in 129ms user=dr.smith7@clinic.org
2026-10-09 13:45:12,742 INFO  [http-nio-8080-exec-28] c.e.api.PatientController - GET /api/v2/encounters/97749 completed in 87ms user=dr.smith8@clinic.org
2026-10-09 13:45:15,044 INFO  [http-nio-8080-exec-23] c.e.api.PatientController - GET /api/v2/encounters/66602 completed in 26ms user=dr.smith8@clinic.org
2026-10-09 13:45:16,854 INFO  [http-nio-8080-exec-7] c.e.api.PatientController - GET /api/v2/encounters/65150 completed in 143ms user=dr.smith2@clinic.org
2026-10-09 13:45:17,175 INFO  [http-nio-8080-exec-23] c.e.api.PatientController - GET /api/v2/encounters/63657 completed in 148ms user=dr.smith5@clinic.org
2026-10-09 13:45:19,397 INFO  [http-nio-8080-exec-30] c.e.api.PatientController - GET /api/v2/encounters/3412 completed in 180ms user=dr.smith9@clinic.org
2026-10-09 13:45:21,375 INFO  [http-nio-8080-exec-23] c.e.api.PatientController - GET /api/v2/encounters/42866 completed in 102ms user=dr.smith7@clinic.org
2026-10-09 13:45:23,815 INFO  [http-nio-8080-exec-10] c.e.api.PatientController - GET /api/v2/encounters/18389 completed in 72ms user=dr.smith6@clinic.org
2026-10-09 13:45:24,338 INFO  [http-nio-8080-exec-37] c.e.api.PatientController - GET /api/v2/encounters/58569 completed in 169ms user=dr.smith9@clinic.org
2026-10-09 13:45:27,657 INFO  [http-nio-8080-exec-16] c.e.api.PatientController - GET /api/v2/encounters/44831 completed in 29ms user=dr.smith3@clinic.org
2026-10-09 13:45:29,596 INFO  [http-nio-8080-exec-20] c.e.api.PatientController - GET /api/v2/encounters/49988 completed in 126ms user=dr.smith8@clinic.org
2026-10-09 13:45:31,940 INFO  [http-nio-8080-exec-13] c.e.api.PatientController - GET /api/v2/encounters/37123 completed in 152ms user=dr.smith4@clinic.org
2026-10-09 13:45:32,277 INFO  [http-nio-8080-exec-36] c.e.api.PatientController - GET /api/v2/encounters/16148 completed in 73ms user=dr.smith8@clinic.org
2026-10-09 13:45:35,076 INFO  [scheduler-1] c.e.jobs.SyncJob - Sync batch 518 done
2026-10-09 13:45:37,729 INFO  [http-nio-8080-exec-5] c.e.api.PatientController - GET /api/v2/encounters/16369 completed in 45ms user=dr.smith6@clinic.org
2026-10-09 13:45:39,229 INFO  [http-nio-8080-exec-31] c.e.api.PatientController - GET /api/v2/encounters/49297 completed in 85ms user=dr.smith3@clinic.org
2026-10-09 13:45:42,129 INFO  [http-nio-8080-exec-11] c.e.api.PatientController - GET /api/v2/encounters/92517 completed in 71ms user=dr.smith8@clinic.org
2026-10-09 13:45:45,154 INFO  [http-nio-8080-exec-18] c.e.api.PatientController - GET /api/v2/encounters/62418 completed in 21ms user=dr.smith2@clinic.org
2026-10-09 13:45:46,739 WARN  [http-nio-8080-exec-16] c.e.api.ReportService - Slow request /api/v2/reports took 2542ms
2026-10-09 13:45:49,291 WARN  [http-nio-8080-exec-19] c.e.api.ReportService - Slow request /api/v2/reports took 2717ms
2026-10-09 13:45:52,256 WARN  [http-nio-8080-exec-11] c.e.api.ReportService - Slow request /api/v2/reports took 1991ms
2026-10-09 13:45:54,630 INFO  [http-nio-8080-exec-38] c.e.api.PatientController - GET /api/v2/encounters/61321 completed in 54ms user=dr.smith8@clinic.org
2026-10-09 13:45:55,214 INFO  [http-nio-8080-exec-35] c.e.api.PatientController - GET /api/v2/encounters/46182 completed in 99ms user=dr.smith5@clinic.org
2026-10-09 13:45:58,961 INFO  [http-nio-8080-exec-21] c.e.api.PatientController - GET /api/v2/encounters/61795 completed in 37ms user=dr.smith4@clinic.org
2026-10-09 13:46:00,460 INFO  [http-nio-8080-exec-8] c.e.api.PatientController - GET /api/v2/encounters/19164 completed in 83ms user=dr.smith9@clinic.org
2026-10-09 13:46:03,221 WARN  [http-nio-8080-exec-29] c.e.api.ReportService - Slow request /api/v2/reports took 1842ms
2026-10-09 13:46:04,467 INFO  [http-nio-8080-exec-25] c.e.api.PatientController - GET /api/v2/encounters/24793 completed in 67ms user=dr.smith3@clinic.org
2026-10-09 13:46:05,412 INFO  [http-nio-8080-exec-40] c.e.api.PatientController - GET /api/v2/encounters/64326 completed in 44ms user=dr.smith2@clinic.org
2026-10-09 13:46:08,433 INFO  [scheduler-1] c.e.jobs.SyncJob - Sync batch 165 done
2026-10-09 13:46:09,898 INFO  [http-nio-8080-exec-16] c.e.api.PatientController - GET /api/v2/encounters/7249 completed in 102ms user=dr.smith2@clinic.org
2026-10-09 13:46:12,790 INFO  [http-nio-8080-exec-34] c.e.api.PatientController - GET /api/v2/encounters/47504 completed in 45ms user=dr.smith1@clinic.org
2026-10-09 13:46:14,128 INFO  [http-nio-8080-exec-7] c.e.api.PatientController - GET /api/v2/encounters/63098 completed in 168ms user=dr.smith8@clinic.org
2026-10-09 13:46:17,095 INFO  [http-nio-8080-exec-6] c.e.api.PatientController - GET /api/v2/encounters/16774 completed in 122ms user=dr.smith2@clinic.org
2026-10-09 13:46:19,241 INFO  [http-nio-8080-exec-36] c.e.api.PatientController - GET /api/v2/encounters/7148 completed in 105ms user=dr.smith6@clinic.org
2026-10-09 13:46:20,810 INFO  [http-nio-8080-exec-31] c.e.api.PatientController - GET /api/v2/encounters/32894 completed in 173ms user=dr.smith8@clinic.org
2026-10-09 13:46:21,221 INFO  [http-nio-8080-exec-1] c.e.api.PatientController - GET /api/v2/encounters/81016 completed in 54ms user=dr.smith1@clinic.org
2026-10-09 13:46:24,079 INFO  [scheduler-1] c.e.jobs.SyncJob - Sync batch 269 done
2026-10-09 13:46:26,214 WARN  [http-nio-8080-exec-8] c.e.api.ReportService - Slow request /api/v2/reports took 1692ms
2026-10-09 13:46:29,918 INFO  [http-nio-8080-exec-39] c.e.api.PatientController - GET /api/v2/encounters/1771 completed in 66ms user=dr.smith4@clinic.org
2026-10-09 13:46:31,789 INFO  [http-nio-8080-exec-3] c.e.api.PatientController - GET /api/v2/encounters/15931 completed in 45ms user=dr.smith4@clinic.org
2026-10-09 13:46:32,050 INFO  [http-nio-8080-exec-7] c.e.api.PatientController - GET /api/v2/encounters/38845 completed in 84ms user=dr.smith7@clinic.org
2026-10-09 13:46:34,365 INFO  [http-nio-8080-exec-3] c.e.api.PatientController - GET /api/v2/encounters/77152 completed in 81ms user=dr.smith2@clinic.org
2026-10-09 13:46:37,875 INFO  [http-nio-8080-exec-28] c.e.api.PatientController - GET /api/v2/encounters/61766 completed in 167ms user=dr.smith7@clinic.org
2026-10-09 13:46:39,653 INFO  [http-nio-8080-exec-4] c.e.api.PatientController - GET /api/v2/encounters/77289 completed in 102ms user=dr.smith8@clinic.org
2026-10-09 13:46:41,153 INFO  [http-nio-8080-exec-33] c.e.api.PatientController - GET /api/v2/encounters/35218 completed in 100ms user=dr.smith9@clinic.org
2026-10-09 13:46:43,840 WARN  [http-nio-8080-exec-6] c.e.api.ReportService - Slow request /api/v2/reports took 2091ms
2026-10-09 13:46:44,133 INFO  [http-nio-8080-exec-35] c.e.api.PatientController - GET /api/v2/encounters/30273 completed in 118ms user=dr.smith8@clinic.org
2026-10-09 13:46:45,337 INFO  [http-nio-8080-exec-20] c.e.api.PatientController - GET /api/v2/encounters/90062 completed in 115ms user=dr.smith4@clinic.org
2026-10-09 13:46:47,600 INFO  [http-nio-8080-exec-2] c.e.api.PatientController - GET /api/v2/encounters/4418 completed in 96ms user=dr.smith6@clinic.org
2026-10-09 13:46:49,269 INFO  [http-nio-8080-exec-11] c.e.api.PatientController - GET /api/v2/encounters/50550 completed in 113ms user=dr.smith4@clinic.org
2026-10-09 13:46:52,697 INFO  [http-nio-8080-exec-7] c.e.api.PatientController - GET /api/v2/encounters/16341 completed in 75ms user=dr.smith9@clinic.org
2026-10-09 13:46:53,032 INFO  [http-nio-8080-exec-37] c.e.api.PatientController - GET /api/v2/encounters/65091 completed in 144ms user=dr.smith9@clinic.org
2026-10-09 13:46:56,431 INFO  [http-nio-8080-exec-34] c.e.api.PatientController - GET /api/v2/encounters/47111 completed in 92ms user=dr.smith1@clinic.org
2026-10-09 13:46:58,959 WARN  [http-nio-8080-exec-26] c.e.api.ReportService - Slow request /api/v2/reports took 1504ms
2026-10-09 13:46:59,983 INFO  [http-nio-8080-exec-40] c.e.api.PatientController - GET /api/v2/encounters/3550 completed in 150ms user=dr.smith9@clinic.org
2026-10-09 13:47:01,949 INFO  [http-nio-8080-exec-11] c.e.api.PatientController - GET /api/v2/encounters/12440 completed in 120ms user=dr.smith1@clinic.org
2026-10-09 13:47:03,390 INFO  [http-nio-8080-exec-40] c.e.api.PatientController - GET /api/v2/encounters/66589 completed in 31ms user=dr.smith1@clinic.org
2026-10-09 13:47:05,532 INFO  [http-nio-8080-exec-39] c.e.api.PatientController - GET /api/v2/encounters/20235 completed in 31ms user=dr.smith6@clinic.org
2026-10-09 13:47:06,926 INFO  [http-nio-8080-exec-11] c.e.api.PatientController - GET /api/v2/encounters/26232 completed in 42ms user=dr.smith5@clinic.org
2026-10-09 13:47:08,829 INFO  [http-nio-8080-exec-10] c.e.api.PatientController - GET /api/v2/encounters/24908 completed in 168ms user=dr.smith6@clinic.org
2026-10-09 13:47:09,065 WARN  [http-nio-8080-exec-40] c.e.api.ReportService - Slow request /api/v2/reports took 2402ms
2026-10-09 13:47:12,107 INFO  [http-nio-8080-exec-21] c.e.api.PatientController - GET /api/v2/encounters/24814 completed in 104ms user=dr.smith3@clinic.org
2026-10-09 13:47:15,727 INFO  [http-nio-8080-exec-14] c.e.api.PatientController - GET /api/v2/encounters/19669 completed in 46ms user=dr.smith2@clinic.org
2026-10-09 13:47:17,595 INFO  [http-nio-8080-exec-24] c.e.api.PatientController - GET /api/v2/encounters/65489 completed in 40ms user=dr.smith6@clinic.org
2026-10-09 13:47:20,177 INFO  [http-nio-8080-exec-35] c.e.api.PatientController - GET /api/v2/encounters/96735 completed in 56ms user=dr.smith8@clinic.org
2026-10-09 13:47:22,261 INFO  [http-nio-8080-exec-15] c.e.api.PatientController - GET /api/v2/encounters/61306 completed in 164ms user=dr.smith5@clinic.org
2026-10-09 13:47:24,314 INFO  [http-nio-8080-exec-15] c.e.api.PatientController - GET /api/v2/encounters/22008 completed in 60ms user=dr.smith5@clinic.org
2026-10-09 13:47:26,673 INFO  [http-nio-8080-exec-18] c.e.api.PatientController - GET /api/v2/encounters/63714 completed in 35ms user=dr.smith5@clinic.org
2026-10-09 13:47:29,651 INFO  [http-nio-8080-exec-6] c.e.api.PatientController - GET /api/v2/encounters/13446 completed in 144ms user=dr.smith3@clinic.org
2026-10-09 13:47:32,795 INFO  [http-nio-8080-exec-40] c.e.api.PatientController - GET /api/v2/encounters/57156 completed in 143ms user=dr.smith4@clinic.org
2026-10-09 13:47:34,187 INFO  [http-nio-8080-exec-31] c.e.api.PatientController - GET /api/v2/encounters/17894 completed in 99ms user=dr.smith5@clinic.org
2026-10-09 13:47:37,581 INFO  [http-nio-8080-exec-30] c.e.api.PatientController - GET /api/v2/encounters/65549 completed in 52ms user=dr.smith7@clinic.org
2026-10-09 13:47:40,671 INFO  [http-nio-8080-exec-23] c.e.api.PatientController - GET /api/v2/encounters/51154 completed in 30ms user=dr.smith5@clinic.org
2026-10-09 13:47:43,929 INFO  [http-nio-8080-exec-24] c.e.api.PatientController - GET /api/v2/encounters/21737 completed in 145ms user=dr.smith4@clinic.org
2026-10-09 13:47:44,824 INFO  [http-nio-8080-exec-11] c.e.api.PatientController - GET /api/v2/encounters/80292 completed in 88ms user=dr.smith5@clinic.org
2026-10-09 13:47:47,555 INFO  [http-nio-8080-exec-15] c.e.api.PatientController - GET /api/v2/encounters/34363 completed in 22ms user=dr.smith7@clinic.org
2026-10-09 13:47:48,568 INFO  [http-nio-8080-exec-37] c.e.api.PatientController - GET /api/v2/encounters/90865 completed in 88ms user=dr.smith8@clinic.org
2026-10-09 13:47:50,522 WARN  [http-nio-8080-exec-5] c.e.api.ReportService - Slow request /api/v2/reports took 1608ms
2026-10-09 13:47:52,702 INFO  [http-nio-8080-exec-4] c.e.api.PatientController - GET /api/v2/encounters/66188 completed in 86ms user=dr.smith4@clinic.org
2026-10-09 13:47:55,062 INFO  [http-nio-8080-exec-40] c.e.api.PatientController - GET /api/v2/encounters/92526 completed in 106ms user=dr.smith5@clinic.org
2026-10-09 13:47:57,207 INFO  [http-nio-8080-exec-23] c.e.api.PatientController - GET /api/v2/encounters/39093 completed in 39ms user=dr.smith9@clinic.org
2026-10-09 13:47:59,979 INFO  [http-nio-8080-exec-16] c.e.api.PatientController - GET /api/v2/encounters/48687 completed in 90ms user=dr.smith1@clinic.org
2026-10-09 13:48:01,615 WARN  [http-nio-8080-exec-5] c.e.api.ReportService - Slow request /api/v2/reports took 2895ms
2026-10-09 13:48:04,661 INFO  [http-nio-8080-exec-28] c.e.api.PatientController - GET /api/v2/encounters/41680 completed in 175ms user=dr.smith6@clinic.org
2026-10-09 13:48:06,888 INFO  [http-nio-8080-exec-35] c.e.api.PatientController - GET /api/v2/encounters/43805 completed in 74ms user=dr.smith1@clinic.org
2026-10-09 13:48:09,570 INFO  [http-nio-8080-exec-38] c.e.api.PatientController - GET /api/v2/encounters/10738 completed in 146ms user=dr.smith2@clinic.org
2026-10-09 13:48:10,737 INFO  [http-nio-8080-exec-31] c.e.api.PatientController - GET /api/v2/encounters/2850 completed in 69ms user=dr.smith4@clinic.org
2026-10-09 13:48:11,574 INFO  [http-nio-8080-exec-34] c.e.api.PatientController - GET /api/v2/encounters/21635 completed in 53ms user=dr.smith6@clinic.org
2026-10-09 13:48:14,809 INFO  [http-nio-8080-exec-23] c.e.api.PatientController - GET /api/v2/encounters/94939 completed in 68ms user=dr.smith9@clinic.org
2026-10-09 13:48:16,893 INFO  [http-nio-8080-exec-36] c.e.api.PatientController - GET /api/v2/encounters/24383 completed in 106ms user=dr.smith2@clinic.org
2026-10-09 13:48:18,879 INFO  [http-nio-8080-exec-13] c.e.api.PatientController - GET /api/v2/encounters/39099 completed in 143ms user=dr.smith9@clinic.org
2026-10-09 13:48:19,063 INFO  [http-nio-8080-exec-5] c.e.api.PatientController - GET /api/v2/encounters/76821 completed in 64ms user=dr.smith6@clinic.org
2026-10-09 13:48:22,374 WARN  [http-nio-8080-exec-35] c.e.api.ReportService - Slow request /api/v2/reports took 1931ms
2026-10-09 13:48:24,450 INFO  [http-nio-8080-exec-36] c.e.api.PatientController - GET /api/v2/encounters/37347 completed in 154ms user=dr.smith8@clinic.org
2026-10-09 13:48:27,210 INFO  [http-nio-8080-exec-33] c.e.api.PatientController - GET /api/v2/encounters/12187 completed in 123ms user=dr.smith7@clinic.org
2026-10-09 13:48:28,417 WARN  [http-nio-8080-exec-9] c.e.api.ReportService - Slow request /api/v2/reports took 2942ms
2026-10-09 13:48:29,665 INFO  [http-nio-8080-exec-17] c.e.api.PatientController - GET /api/v2/encounters/66859 completed in 127ms user=dr.smith2@clinic.org
2026-10-09 13:48:32,445 INFO  [http-nio-8080-exec-21] c.e.api.PatientController - GET /api/v2/encounters/53740 completed in 153ms user=dr.smith5@clinic.org
2026-10-09 13:48:33,525 INFO  [http-nio-8080-exec-9] c.e.api.PatientController - GET /api/v2/encounters/72901 completed in 109ms user=dr.smith4@clinic.org
2026-10-09 13:48:35,040 INFO  [http-nio-8080-exec-24] c.e.api.PatientController - GET /api/v2/encounters/24787 completed in 96ms user=dr.smith7@clinic.org
2026-10-09 13:48:37,549 INFO  [http-nio-8080-exec-18] c.e.api.PatientController - GET /api/v2/encounters/88771 completed in 145ms user=dr.smith7@clinic.org
2026-10-09 13:48:39,338 INFO  [http-nio-8080-exec-30] c.e.api.PatientController - GET /api/v2/encounters/77526 completed in 162ms user=dr.smith6@clinic.org
2026-10-09 13:48:41,668 INFO  [scheduler-1] c.e.jobs.SyncJob - Sync batch 432 done
2026-10-09 13:48:43,114 INFO  [http-nio-8080-exec-23] c.e.api.PatientController - GET /api/v2/encounters/25095 completed in 176ms user=dr.smith3@clinic.org
2026-10-09 13:48:45,771 INFO  [http-nio-8080-exec-15] c.e.api.PatientController - GET /api/v2/encounters/33210 completed in 66ms user=dr.smith8@clinic.org
2026-10-09 13:48:47,698 INFO  [http-nio-8080-exec-17] c.e.api.PatientController - GET /api/v2/encounters/11988 completed in 38ms user=dr.smith8@clinic.org
2026-10-09 13:48:48,622 INFO  [http-nio-8080-exec-35] c.e.api.PatientController - GET /api/v2/encounters/58792 completed in 43ms user=dr.smith6@clinic.org
2026-10-09 13:48:50,955 INFO  [http-nio-8080-exec-5] c.e.api.PatientController - GET /api/v2/encounters/12583 completed in 122ms user=dr.smith2@clinic.org
2026-10-09 13:48:53,382 INFO  [http-nio-8080-exec-33] c.e.api.PatientController - GET /api/v2/encounters/34073 completed in 25ms user=dr.smith4@clinic.org
2026-10-09 13:48:56,066 INFO  [http-nio-8080-exec-33] c.e.api.PatientController - GET /api/v2/encounters/32166 completed in 115ms user=dr.smith8@clinic.org
2026-10-09 13:48:59,858 INFO  [http-nio-8080-exec-9] c.e.api.PatientController - GET /api/v2/encounters/26159 completed in 115ms user=dr.smith5@clinic.org
2026-10-09 13:49:01,634 INFO  [http-nio-8080-exec-9] c.e.api.PatientController - GET /api/v2/encounters/56680 completed in 168ms user=dr.smith3@clinic.org
2026-10-09 13:49:03,505 INFO  [http-nio-8080-exec-8] c.e.api.PatientController - GET /api/v2/encounters/37838 completed in 129ms user=dr.smith5@clinic.org
2026-10-09 13:49:06,667 INFO  [http-nio-8080-exec-5] c.e.api.PatientController - GET /api/v2/encounters/28395 completed in 59ms user=dr.smith9@clinic.org
2026-10-09 13:49:08,058 INFO  [http-nio-8080-exec-32] c.e.api.PatientController - GET /api/v2/encounters/69551 completed in 72ms user=dr.smith7@clinic.org
2026-10-09 13:49:10,312 INFO  [http-nio-8080-exec-4] c.e.api.PatientController - GET /api/v2/encounters/31429 completed in 75ms user=dr.smith3@clinic.org
2026-10-09 13:49:11,084 INFO  [scheduler-1] c.e.jobs.SyncJob - Sync batch 556 done
2026-10-09 13:49:13,115 INFO  [http-nio-8080-exec-21] c.e.api.PatientController - GET /api/v2/encounters/52270 completed in 162ms user=dr.smith1@clinic.org
2026-10-09 13:49:15,517 INFO  [http-nio-8080-exec-25] c.e.api.PatientController - GET /api/v2/encounters/93980 completed in 168ms user=dr.smith6@clinic.org
2026-10-09 13:49:16,962 INFO  [http-nio-8080-exec-25] c.e.api.PatientController - GET /api/v2/encounters/80054 completed in 33ms user=dr.smith9@clinic.org
2026-10-09 13:49:18,553 INFO  [http-nio-8080-exec-11] c.e.api.PatientController - GET /api/v2/encounters/75055 completed in 149ms user=dr.smith1@clinic.org
2026-10-09 13:49:20,853 INFO  [http-nio-8080-exec-40] c.e.api.PatientController - GET /api/v2/encounters/15760 completed in 163ms user=dr.smith7@clinic.org
2026-10-09 13:49:22,013 INFO  [http-nio-8080-exec-32] c.e.api.PatientController - GET /api/v2/encounters/6504 completed in 74ms user=dr.smith8@clinic.org
2026-10-09 13:49:23,124 INFO  [http-nio-8080-exec-5] c.e.api.PatientController - GET /api/v2/encounters/77850 completed in 168ms user=dr.smith8@clinic.org
2026-10-09 13:49:25,718 INFO  [http-nio-8080-exec-25] c.e.api.PatientController - GET /api/v2/encounters/91418 completed in 143ms user=dr.smith2@clinic.org
2026-10-09 13:49:27,973 INFO  [http-nio-8080-exec-30] c.e.api.PatientController - GET /api/v2/encounters/90516 completed in 31ms user=dr.smith7@clinic.org
2026-10-09 13:49:29,512 INFO  [http-nio-8080-exec-36] c.e.api.PatientController - GET /api/v2/encounters/79640 completed in 81ms user=dr.smith5@clinic.org
2026-10-09 13:49:31,063 INFO  [scheduler-1] c.e.jobs.SyncJob - Sync batch 973 done
2026-10-09 13:49:32,543 INFO  [http-nio-8080-exec-32] c.e.api.PatientController - GET /api/v2/encounters/82526 completed in 169ms user=dr.smith8@clinic.org
2026-10-09 13:49:35,298 INFO  [http-nio-8080-exec-35] c.e.api.PatientController - GET /api/v2/encounters/82418 completed in 75ms user=dr.smith1@clinic.org
2026-10-09 13:49:38,246 INFO  [http-nio-8080-exec-7] c.e.api.PatientController - GET /api/v2/encounters/70495 completed in 52ms user=dr.smith2@clinic.org
2026-10-09 13:49:39,604 INFO  [http-nio-8080-exec-9] c.e.api.PatientController - GET /api/v2/encounters/50028 completed in 125ms user=dr.smith1@clinic.org
2026-10-09 13:49:41,971 INFO  [http-nio-8080-exec-8] c.e.api.PatientController - GET /api/v2/encounters/71730 completed in 126ms user=dr.smith8@clinic.org
2026-10-09 13:49:42,188 INFO  [http-nio-8080-exec-8] c.e.api.PatientController - GET /api/v2/encounters/91740 completed in 133ms user=dr.smith2@clinic.org
2026-10-09 13:49:45,361 INFO  [http-nio-8080-exec-40] c.e.api.PatientController - GET /api/v2/encounters/13103 completed in 154ms user=dr.smith9@clinic.org
2026-10-09 13:49:47,709 WARN  [http-nio-8080-exec-12] c.e.api.ReportService - Slow request /api/v2/reports took 2242ms
2026-10-09 13:49:50,826 INFO  [http-nio-8080-exec-10] c.e.api.PatientController - GET /api/v2/encounters/62514 completed in 67ms user=dr.smith4@clinic.org
2026-10-09 13:49:51,526 INFO  [scheduler-1] c.e.jobs.SyncJob - Sync batch 248 done
2026-10-09 13:49:53,309 INFO  [http-nio-8080-exec-32] c.e.api.PatientController - GET /api/v2/encounters/52368 completed in 23ms user=dr.smith7@clinic.org
2026-10-09 13:49:55,898 INFO  [http-nio-8080-exec-31] c.e.api.PatientController - GET /api/v2/encounters/48413 completed in 146ms user=dr.smith1@clinic.org
2026-10-09 13:49:56,356 INFO  [http-nio-8080-exec-35] c.e.api.PatientController - GET /api/v2/encounters/38869 completed in 62ms user=dr.smith4@clinic.org
2026-10-09 13:49:59,094 INFO  [http-nio-8080-exec-10] c.e.api.PatientController - GET /api/v2/encounters/12846 completed in 152ms user=dr.smith3@clinic.org
2026-10-09 13:50:00,278 WARN  [http-nio-8080-exec-21] c.e.api.ReportService - Slow request /api/v2/reports took 1857ms
2026-10-09 13:50:00,278 ERROR [metrics-1] c.e.metrics.StatsdClient - Failed to send metrics to statsd 10.0.0.9:8125: Connection refused
2026-10-09 13:50:03,192 WARN  [http-nio-8080-exec-29] c.e.api.ReportService - Slow request /api/v2/reports took 2644ms
2026-10-09 13:50:04,611 INFO  [http-nio-8080-exec-34] c.e.api.PatientController - GET /api/v2/encounters/2338 completed in 173ms user=dr.smith2@clinic.org
2026-10-09 13:50:07,456 INFO  [http-nio-8080-exec-40] c.e.api.PatientController - GET /api/v2/encounters/24752 completed in 175ms user=dr.smith9@clinic.org
2026-10-09 13:50:08,189 INFO  [http-nio-8080-exec-10] c.e.api.PatientController - GET /api/v2/encounters/9198 completed in 155ms user=dr.smith7@clinic.org
2026-10-09 13:50:09,478 INFO  [http-nio-8080-exec-33] c.e.api.PatientController - GET /api/v2/encounters/74360 completed in 25ms user=dr.smith9@clinic.org
2026-10-09 13:50:11,633 INFO  [http-nio-8080-exec-17] c.e.api.PatientController - GET /api/v2/encounters/63160 completed in 39ms user=dr.smith9@clinic.org
2026-10-09 13:50:13,155 INFO  [http-nio-8080-exec-11] c.e.api.PatientController - GET /api/v2/encounters/2470 completed in 100ms user=dr.smith6@clinic.org
2026-10-09 13:50:16,573 INFO  [http-nio-8080-exec-9] c.e.api.PatientController - GET /api/v2/encounters/27342 completed in 38ms user=dr.smith1@clinic.org
2026-10-09 13:50:18,057 INFO  [http-nio-8080-exec-17] c.e.api.PatientController - GET /api/v2/encounters/1920 completed in 51ms user=dr.smith4@clinic.org
2026-10-09 13:50:20,086 INFO  [http-nio-8080-exec-9] c.e.api.PatientController - GET /api/v2/encounters/46361 completed in 133ms user=dr.smith2@clinic.org
2026-10-09 13:50:22,988 INFO  [http-nio-8080-exec-5] c.e.api.PatientController - GET /api/v2/encounters/23433 completed in 146ms user=dr.smith2@clinic.org
2026-10-09 13:50:25,578 INFO  [http-nio-8080-exec-11] c.e.api.PatientController - GET /api/v2/encounters/23273 completed in 75ms user=dr.smith6@clinic.org
2026-10-09 13:50:26,738 INFO  [http-nio-8080-exec-40] c.e.api.PatientController - GET /api/v2/encounters/4175 completed in 103ms user=dr.smith2@clinic.org
2026-10-09 13:50:29,586 WARN  [http-nio-8080-exec-24] c.e.api.ReportService - Slow request /api/v2/reports took 1679ms
2026-10-09 13:50:30,293 INFO  [http-nio-8080-exec-16] c.e.api.PatientController - GET /api/v2/encounters/92232 completed in 123ms user=dr.smith5@clinic.org
2026-10-09 13:50:32,307 INFO  [http-nio-8080-exec-2] c.e.api.PatientController - GET /api/v2/encounters/20575 completed in 159ms user=dr.smith5@clinic.org
2026-10-09 13:50:34,336 INFO  [http-nio-8080-exec-33] c.e.api.PatientController - GET /api/v2/encounters/63500 completed in 162ms user=dr.smith2@clinic.org
2026-10-09 13:50:37,159 INFO  [http-nio-8080-exec-38] c.e.api.PatientController - GET /api/v2/encounters/92733 completed in 86ms user=dr.smith8@clinic.org
2026-10-09 13:50:38,237 INFO  [http-nio-8080-exec-40] c.e.api.PatientController - GET /api/v2/encounters/48654 completed in 20ms user=dr.smith5@clinic.org
2026-10-09 13:50:40,771 INFO  [http-nio-8080-exec-8] c.e.api.PatientController - GET /api/v2/encounters/93164 completed in 152ms user=dr.smith8@clinic.org
2026-10-09 13:50:42,779 INFO  [http-nio-8080-exec-36] c.e.api.PatientController - GET /api/v2/encounters/82606 completed in 134ms user=dr.smith2@clinic.org
2026-10-09 13:50:43,509 WARN  [http-nio-8080-exec-20] c.e.api.ReportService - Slow request /api/v2/reports took 2040ms
2026-10-09 13:50:46,880 INFO  [http-nio-8080-exec-2] c.e.api.PatientController - GET /api/v2/encounters/10221 completed in 85ms user=dr.smith4@clinic.org
2026-10-09 13:50:47,552 INFO  [http-nio-8080-exec-30] c.e.api.PatientController - GET /api/v2/encounters/52709 completed in 102ms user=dr.smith3@clinic.org
2026-10-09 13:50:49,686 INFO  [scheduler-1] c.e.jobs.SyncJob - Sync batch 633 done
2026-10-09 13:50:51,520 INFO  [http-nio-8080-exec-17] c.e.api.PatientController - GET /api/v2/encounters/65946 completed in 60ms user=dr.smith6@clinic.org
2026-10-09 13:50:54,705 INFO  [http-nio-8080-exec-37] c.e.api.PatientController - GET /api/v2/encounters/24683 completed in 152ms user=dr.smith1@clinic.org
2026-10-09 13:50:56,303 INFO  [scheduler-1] c.e.jobs.SyncJob - Sync batch 211 done
2026-10-09 13:50:58,062 INFO  [http-nio-8080-exec-17] c.e.api.PatientController - GET /api/v2/encounters/60586 completed in 58ms user=dr.smith1@clinic.org
2026-10-09 13:51:00,610 INFO  [http-nio-8080-exec-9] c.e.api.PatientController - GET /api/v2/encounters/34701 completed in 151ms user=dr.smith7@clinic.org
2026-10-09 13:51:01,461 INFO  [http-nio-8080-exec-35] c.e.api.PatientController - GET /api/v2/encounters/46325 completed in 22ms user=dr.smith2@clinic.org
2026-10-09 13:51:03,742 INFO  [http-nio-8080-exec-7] c.e.api.PatientController - GET /api/v2/encounters/11234 completed in 83ms user=dr.smith9@clinic.org
2026-10-09 13:51:06,694 INFO  [http-nio-8080-exec-21] c.e.api.PatientController - GET /api/v2/encounters/70069 completed in 39ms user=dr.smith1@clinic.org
2026-10-09 13:51:08,594 INFO  [http-nio-8080-exec-22] c.e.api.PatientController - GET /api/v2/encounters/30873 completed in 52ms user=dr.smith6@clinic.org
2026-10-09 13:51:11,449 INFO  [http-nio-8080-exec-9] c.e.api.PatientController - GET /api/v2/encounters/13078 completed in 81ms user=dr.smith8@clinic.org
2026-10-09 13:51:12,570 INFO  [http-nio-8080-exec-29] c.e.api.PatientController - GET /api/v2/encounters/88446 completed in 54ms user=dr.smith5@clinic.org
2026-10-09 13:51:15,131 INFO  [http-nio-8080-exec-21] c.e.api.PatientController - GET /api/v2/encounters/99569 completed in 158ms user=dr.smith1@clinic.org
2026-10-09 13:51:17,396 INFO  [http-nio-8080-exec-39] c.e.api.PatientController - GET /api/v2/encounters/35035 completed in 94ms user=dr.smith5@clinic.org
2026-10-09 13:51:19,873 INFO  [http-nio-8080-exec-8] c.e.api.PatientController - GET /api/v2/encounters/24856 completed in 170ms user=dr.smith9@clinic.org
2026-10-09 13:51:22,875 INFO  [http-nio-8080-exec-39] c.e.api.PatientController - GET /api/v2/encounters/49374 completed in 111ms user=dr.smith2@clinic.org
2026-10-09 13:51:23,901 INFO  [http-nio-8080-exec-39] c.e.api.PatientController - GET /api/v2/encounters/53023 completed in 103ms user=dr.smith8@clinic.org
2026-10-09 13:51:25,831 INFO  [http-nio-8080-exec-29] c.e.api.PatientController - GET /api/v2/encounters/37981 completed in 92ms user=dr.smith5@clinic.org
2026-10-09 13:51:27,651 INFO  [http-nio-8080-exec-2] c.e.api.PatientController - GET /api/v2/encounters/32551 completed in 52ms user=dr.smith6@clinic.org
2026-10-09 13:51:28,870 WARN  [http-nio-8080-exec-21] c.e.api.ReportService - Slow request /api/v2/reports took 2089ms
2026-10-09 13:51:30,068 INFO  [http-nio-8080-exec-14] c.e.api.PatientController - GET /api/v2/encounters/66851 completed in 23ms user=dr.smith5@clinic.org
2026-10-09 13:51:33,577 INFO  [http-nio-8080-exec-10] c.e.api.PatientController - GET /api/v2/encounters/17144 completed in 150ms user=dr.smith6@clinic.org
2026-10-09 13:51:36,140 INFO  [http-nio-8080-exec-7] c.e.api.PatientController - GET /api/v2/encounters/79061 completed in 30ms user=dr.smith8@clinic.org
2026-10-09 13:51:38,666 INFO  [http-nio-8080-exec-8] c.e.api.PatientController - GET /api/v2/encounters/53563 completed in 40ms user=dr.smith8@clinic.org
2026-10-09 13:51:39,977 INFO  [http-nio-8080-exec-9] c.e.api.PatientController - GET /api/v2/encounters/99847 completed in 31ms user=dr.smith2@clinic.org
2026-10-09 13:51:41,813 INFO  [http-nio-8080-exec-19] c.e.api.PatientController - GET /api/v2/encounters/89134 completed in 144ms user=dr.smith4@clinic.org
2026-10-09 13:51:43,988 INFO  [http-nio-8080-exec-40] c.e.api.PatientController - GET /api/v2/encounters/23586 completed in 35ms user=dr.smith6@clinic.org
2026-10-09 13:51:46,798 INFO  [scheduler-1] c.e.jobs.SyncJob - Sync batch 213 done
2026-10-09 13:51:48,504 INFO  [http-nio-8080-exec-36] c.e.api.PatientController - GET /api/v2/encounters/70875 completed in 87ms user=dr.smith5@clinic.org
2026-10-09 13:51:49,824 INFO  [http-nio-8080-exec-1] c.e.api.PatientController - GET /api/v2/encounters/52301 completed in 153ms user=dr.smith3@clinic.org
2026-10-09 13:51:51,520 INFO  [http-nio-8080-exec-38] c.e.api.PatientController - GET /api/v2/encounters/9062 completed in 137ms user=dr.smith9@clinic.org
2026-10-09 13:51:54,468 WARN  [http-nio-8080-exec-34] c.e.api.ReportService - Slow request /api/v2/reports took 1517ms
2026-10-09 13:51:56,696 INFO  [http-nio-8080-exec-17] c.e.api.PatientController - GET /api/v2/encounters/54781 completed in 100ms user=dr.smith5@clinic.org
2026-10-09 13:51:58,502 INFO  [scheduler-1] c.e.jobs.SyncJob - Sync batch 475 done
2026-10-09 13:52:01,751 INFO  [http-nio-8080-exec-35] c.e.api.PatientController - GET /api/v2/encounters/92747 completed in 148ms user=dr.smith6@clinic.org
2026-10-09 13:52:02,644 INFO  [http-nio-8080-exec-25] c.e.api.PatientController - GET /api/v2/encounters/69471 completed in 48ms user=dr.smith6@clinic.org
2026-10-09 13:52:05,485 INFO  [http-nio-8080-exec-27] c.e.api.PatientController - GET /api/v2/encounters/58487 completed in 109ms user=dr.smith6@clinic.org
2026-10-09 13:52:07,745 INFO  [http-nio-8080-exec-26] c.e.api.PatientController - GET /api/v2/encounters/66895 completed in 112ms user=dr.smith3@clinic.org
2026-10-09 13:52:09,143 INFO  [http-nio-8080-exec-13] c.e.api.PatientController - GET /api/v2/encounters/42497 completed in 107ms user=dr.smith3@clinic.org
2026-10-09 13:52:12,504 INFO  [http-nio-8080-exec-27] c.e.api.PatientController - GET /api/v2/encounters/30561 completed in 83ms user=dr.smith6@clinic.org
2026-10-09 13:52:14,335 INFO  [http-nio-8080-exec-14] c.e.api.PatientController - GET /api/v2/encounters/99840 completed in 95ms user=dr.smith5@clinic.org
2026-10-09 13:52:16,414 INFO  [http-nio-8080-exec-2] c.e.api.PatientController - GET /api/v2/encounters/72880 completed in 78ms user=dr.smith1@clinic.org
2026-10-09 13:52:17,886 INFO  [http-nio-8080-exec-10] c.e.api.PatientController - GET /api/v2/encounters/82050 completed in 171ms user=dr.smith2@clinic.org
2026-10-09 13:52:19,233 INFO  [http-nio-8080-exec-11] c.e.api.PatientController - GET /api/v2/encounters/24556 completed in 83ms user=dr.smith4@clinic.org
2026-10-09 13:52:20,869 INFO  [http-nio-8080-exec-6] c.e.api.PatientController - GET /api/v2/encounters/28817 completed in 68ms user=dr.smith3@clinic.org
2026-10-09 13:52:22,808 INFO  [http-nio-8080-exec-10] c.e.api.PatientController - GET /api/v2/encounters/9785 completed in 60ms user=dr.smith3@clinic.org
2026-10-09 13:52:23,636 INFO  [http-nio-8080-exec-7] c.e.api.PatientController - GET /api/v2/encounters/1217 completed in 159ms user=dr.smith5@clinic.org
2026-10-09 13:52:25,344 INFO  [http-nio-8080-exec-3] c.e.api.PatientController - GET /api/v2/encounters/13969 completed in 160ms user=dr.smith3@clinic.org
2026-10-09 13:52:27,782 INFO  [scheduler-1] c.e.jobs.SyncJob - Sync batch 386 done
2026-10-09 13:52:29,216 INFO  [http-nio-8080-exec-8] c.e.api.PatientController - GET /api/v2/encounters/21298 completed in 52ms user=dr.smith1@clinic.org
2026-10-09 13:52:31,747 INFO  [http-nio-8080-exec-35] c.e.api.PatientController - GET /api/v2/encounters/95200 completed in 26ms user=dr.smith4@clinic.org
2026-10-09 13:52:33,485 INFO  [http-nio-8080-exec-29] c.e.api.PatientController - GET /api/v2/encounters/2216 completed in 61ms user=dr.smith6@clinic.org
2026-10-09 13:52:35,132 INFO  [http-nio-8080-exec-34] c.e.api.PatientController - GET /api/v2/encounters/60995 completed in 145ms user=dr.smith1@clinic.org
2026-10-09 13:52:37,508 INFO  [http-nio-8080-exec-22] c.e.api.PatientController - GET /api/v2/encounters/52664 completed in 27ms user=dr.smith4@clinic.org
2026-10-09 13:52:39,817 INFO  [http-nio-8080-exec-30] c.e.api.PatientController - GET /api/v2/encounters/30420 completed in 151ms user=dr.smith3@clinic.org
2026-10-09 13:52:41,221 INFO  [http-nio-8080-exec-25] c.e.api.PatientController - GET /api/v2/encounters/60305 completed in 62ms user=dr.smith8@clinic.org
2026-10-09 13:52:43,354 INFO  [http-nio-8080-exec-2] c.e.api.PatientController - GET /api/v2/encounters/75762 completed in 66ms user=dr.smith7@clinic.org
2026-10-09 13:52:46,311 INFO  [http-nio-8080-exec-36] c.e.api.PatientController - GET /api/v2/encounters/75674 completed in 169ms user=dr.smith3@clinic.org
2026-10-09 13:52:48,148 INFO  [http-nio-8080-exec-39] c.e.api.PatientController - GET /api/v2/encounters/18382 completed in 68ms user=dr.smith2@clinic.org
2026-10-09 13:52:50,796 INFO  [http-nio-8080-exec-39] c.e.api.PatientController - GET /api/v2/encounters/34390 completed in 144ms user=dr.smith5@clinic.org
2026-10-09 13:52:52,931 INFO  [scheduler-1] c.e.jobs.SyncJob - Sync batch 306 done
2026-10-09 13:52:55,013 INFO  [scheduler-1] c.e.jobs.SyncJob - Sync batch 325 done
2026-10-09 13:52:57,075 INFO  [http-nio-8080-exec-6] c.e.api.PatientController - GET /api/v2/encounters/11110 completed in 150ms user=dr.smith2@clinic.org
2026-10-09 13:52:59,773 WARN  [http-nio-8080-exec-22] c.e.api.ReportService - Slow request /api/v2/reports took 2579ms
2026-10-09 13:53:00,148 INFO  [http-nio-8080-exec-27] c.e.api.PatientController - GET /api/v2/encounters/19723 completed in 109ms user=dr.smith9@clinic.org
2026-10-09 13:53:02,390 INFO  [http-nio-8080-exec-1] c.e.api.PatientController - GET /api/v2/encounters/11360 completed in 127ms user=dr.smith1@clinic.org
2026-10-09 13:53:03,135 WARN  [http-nio-8080-exec-12] c.e.api.ReportService - Slow request /api/v2/reports took 1734ms
2026-10-09 13:53:06,588 INFO  [http-nio-8080-exec-34] c.e.api.PatientController - GET /api/v2/encounters/32417 completed in 27ms user=dr.smith9@clinic.org
2026-10-09 13:53:07,692 INFO  [http-nio-8080-exec-3] c.e.api.PatientController - GET /api/v2/encounters/13089 completed in 168ms user=dr.smith8@clinic.org
2026-10-09 13:53:09,816 INFO  [scheduler-1] c.e.jobs.SyncJob - Sync batch 50 done
2026-10-09 13:53:12,080 INFO  [http-nio-8080-exec-36] c.e.api.PatientController - GET /api/v2/encounters/73313 completed in 26ms user=dr.smith7@clinic.org
2026-10-09 13:53:13,552 INFO  [http-nio-8080-exec-17] c.e.api.PatientController - GET /api/v2/encounters/93671 completed in 26ms user=dr.smith8@clinic.org
2026-10-09 13:53:14,447 INFO  [http-nio-8080-exec-36] c.e.api.PatientController - GET /api/v2/encounters/50626 completed in 34ms user=dr.smith7@clinic.org
2026-10-09 13:53:16,430 INFO  [http-nio-8080-exec-7] c.e.api.PatientController - GET /api/v2/encounters/53317 completed in 149ms user=dr.smith5@clinic.org
2026-10-09 13:53:18,754 INFO  [http-nio-8080-exec-4] c.e.api.PatientController - GET /api/v2/encounters/94291 completed in 71ms user=dr.smith4@clinic.org
2026-10-09 13:53:20,016 INFO  [http-nio-8080-exec-12] c.e.api.PatientController - GET /api/v2/encounters/41528 completed in 110ms user=dr.smith2@clinic.org
2026-10-09 13:53:21,897 INFO  [scheduler-1] c.e.jobs.SyncJob - Sync batch 102 done
2026-10-09 13:53:24,971 INFO  [scheduler-1] c.e.jobs.SyncJob - Sync batch 995 done
2026-10-09 13:53:27,963 INFO  [http-nio-8080-exec-2] c.e.api.PatientController - GET /api/v2/encounters/5565 completed in 68ms user=dr.smith6@clinic.org
2026-10-09 13:53:30,152 INFO  [http-nio-8080-exec-1] c.e.api.PatientController - GET /api/v2/encounters/69564 completed in 121ms user=dr.smith9@clinic.org
2026-10-09 13:53:32,183 INFO  [scheduler-1] c.e.jobs.SyncJob - Sync batch 358 done
2026-10-09 13:53:35,259 INFO  [http-nio-8080-exec-22] c.e.api.PatientController - GET /api/v2/encounters/99760 completed in 132ms user=dr.smith7@clinic.org
2026-10-09 13:53:38,638 INFO  [http-nio-8080-exec-5] c.e.api.PatientController - GET /api/v2/encounters/75716 completed in 91ms user=dr.smith3@clinic.org
2026-10-09 13:53:41,489 INFO  [http-nio-8080-exec-31] c.e.api.PatientController - GET /api/v2/encounters/74802 completed in 134ms user=dr.smith8@clinic.org
2026-10-09 13:53:42,577 WARN  [http-nio-8080-exec-14] c.e.api.ReportService - Slow request /api/v2/reports took 1587ms
2026-10-09 13:53:44,974 INFO  [http-nio-8080-exec-27] c.e.api.PatientController - GET /api/v2/encounters/97405 completed in 158ms user=dr.smith3@clinic.org
2026-10-09 13:53:47,539 INFO  [http-nio-8080-exec-34] c.e.api.PatientController - GET /api/v2/encounters/20182 completed in 154ms user=dr.smith6@clinic.org
2026-10-09 13:53:48,808 INFO  [http-nio-8080-exec-22] c.e.api.PatientController - GET /api/v2/encounters/99918 completed in 125ms user=dr.smith6@clinic.org
2026-10-09 13:53:51,562 INFO  [http-nio-8080-exec-38] c.e.api.PatientController - GET /api/v2/encounters/61177 completed in 35ms user=dr.smith2@clinic.org
2026-10-09 13:53:52,952 INFO  [http-nio-8080-exec-9] c.e.api.PatientController - GET /api/v2/encounters/58024 completed in 112ms user=dr.smith1@clinic.org
2026-10-09 13:53:55,263 INFO  [http-nio-8080-exec-14] c.e.api.PatientController - GET /api/v2/encounters/31725 completed in 103ms user=dr.smith1@clinic.org
2026-10-09 13:53:57,819 INFO  [http-nio-8080-exec-32] c.e.api.PatientController - GET /api/v2/encounters/56228 completed in 105ms user=dr.smith1@clinic.org
2026-10-09 13:53:59,416 INFO  [http-nio-8080-exec-22] c.e.api.PatientController - GET /api/v2/encounters/26232 completed in 107ms user=dr.smith3@clinic.org
2026-10-09 13:54:02,813 INFO  [http-nio-8080-exec-24] c.e.api.PatientController - GET /api/v2/encounters/66458 completed in 50ms user=dr.smith7@clinic.org
2026-10-09 13:54:03,013 INFO  [http-nio-8080-exec-8] c.e.api.PatientController - GET /api/v2/encounters/60425 completed in 173ms user=dr.smith7@clinic.org
2026-10-09 13:54:05,073 INFO  [http-nio-8080-exec-23] c.e.api.PatientController - GET /api/v2/encounters/69039 completed in 175ms user=dr.smith3@clinic.org
2026-10-09 13:54:08,956 INFO  [http-nio-8080-exec-13] c.e.api.PatientController - GET /api/v2/encounters/36797 completed in 142ms user=dr.smith6@clinic.org
2026-10-09 13:54:11,141 INFO  [http-nio-8080-exec-21] c.e.api.PatientController - GET /api/v2/encounters/45067 completed in 173ms user=dr.smith6@clinic.org
2026-10-09 13:54:12,243 INFO  [http-nio-8080-exec-21] c.e.api.PatientController - GET /api/v2/encounters/14395 completed in 70ms user=dr.smith4@clinic.org
2026-10-09 13:54:14,051 INFO  [http-nio-8080-exec-27] c.e.api.PatientController - GET /api/v2/encounters/29601 completed in 66ms user=dr.smith2@clinic.org
2026-10-09 13:54:16,429 INFO  [http-nio-8080-exec-37] c.e.api.PatientController - GET /api/v2/encounters/77439 completed in 53ms user=dr.smith2@clinic.org
2026-10-09 13:54:18,067 INFO  [http-nio-8080-exec-31] c.e.api.PatientController - GET /api/v2/encounters/4228 completed in 58ms user=dr.smith8@clinic.org
2026-10-09 13:54:19,260 INFO  [scheduler-1] c.e.jobs.SyncJob - Sync batch 311 done
2026-10-09 13:54:21,609 WARN  [http-nio-8080-exec-13] c.e.api.ReportService - Slow request /api/v2/reports took 2584ms
2026-10-09 13:54:22,958 INFO  [http-nio-8080-exec-1] c.e.api.PatientController - GET /api/v2/encounters/7537 completed in 144ms user=dr.smith2@clinic.org
2026-10-09 13:54:24,765 INFO  [http-nio-8080-exec-2] c.e.api.PatientController - GET /api/v2/encounters/8901 completed in 84ms user=dr.smith4@clinic.org
2026-10-09 13:54:26,609 INFO  [http-nio-8080-exec-22] c.e.api.PatientController - GET /api/v2/encounters/46294 completed in 46ms user=dr.smith5@clinic.org
2026-10-09 13:54:29,065 INFO  [http-nio-8080-exec-4] c.e.api.PatientController - GET /api/v2/encounters/87711 completed in 151ms user=dr.smith4@clinic.org
2026-10-09 13:54:31,610 INFO  [http-nio-8080-exec-10] c.e.api.PatientController - GET /api/v2/encounters/11329 completed in 164ms user=dr.smith5@clinic.org
2026-10-09 13:54:33,127 INFO  [http-nio-8080-exec-8] c.e.api.PatientController - GET /api/v2/encounters/35729 completed in 135ms user=dr.smith5@clinic.org
2026-10-09 13:54:35,366 INFO  [http-nio-8080-exec-36] c.e.api.PatientController - GET /api/v2/encounters/58238 completed in 85ms user=dr.smith8@clinic.org
2026-10-09 13:54:37,235 INFO  [http-nio-8080-exec-4] c.e.api.PatientController - GET /api/v2/encounters/51781 completed in 96ms user=dr.smith4@clinic.org
2026-10-09 13:54:39,178 INFO  [http-nio-8080-exec-10] c.e.api.PatientController - GET /api/v2/encounters/44230 completed in 137ms user=dr.smith2@clinic.org
2026-10-09 13:54:41,328 INFO  [http-nio-8080-exec-9] c.e.api.PatientController - GET /api/v2/encounters/65172 completed in 53ms user=dr.smith7@clinic.org
2026-10-09 13:54:44,666 INFO  [http-nio-8080-exec-34] c.e.api.PatientController - GET /api/v2/encounters/20808 completed in 154ms user=dr.smith9@clinic.org
2026-10-09 13:54:46,061 INFO  [http-nio-8080-exec-36] c.e.api.PatientController - GET /api/v2/encounters/95055 completed in 43ms user=dr.smith7@clinic.org
2026-10-09 13:54:48,458 INFO  [http-nio-8080-exec-9] c.e.api.PatientController - GET /api/v2/encounters/3401 completed in 83ms user=dr.smith9@clinic.org
2026-10-09 13:54:50,173 INFO  [http-nio-8080-exec-34] c.e.api.PatientController - GET /api/v2/encounters/63164 completed in 20ms user=dr.smith8@clinic.org
2026-10-09 13:54:51,985 INFO  [http-nio-8080-exec-5] c.e.api.PatientController - GET /api/v2/encounters/53426 completed in 161ms user=dr.smith9@clinic.org
2026-10-09 13:54:53,236 INFO  [http-nio-8080-exec-10] c.e.api.PatientController - GET /api/v2/encounters/90352 completed in 130ms user=dr.smith2@clinic.org
2026-10-09 13:54:54,121 INFO  [http-nio-8080-exec-27] c.e.api.PatientController - GET /api/v2/encounters/92373 completed in 120ms user=dr.smith1@clinic.org
2026-10-09 13:54:56,801 INFO  [http-nio-8080-exec-21] c.e.api.PatientController - GET /api/v2/encounters/71676 completed in 165ms user=dr.smith1@clinic.org
2026-10-09 13:54:58,350 INFO  [http-nio-8080-exec-21] c.e.api.PatientController - GET /api/v2/encounters/51017 completed in 96ms user=dr.smith1@clinic.org
2026-10-09 13:55:00,538 INFO  [http-nio-8080-exec-25] c.e.api.PatientController - GET /api/v2/encounters/36383 completed in 93ms user=dr.smith7@clinic.org
2026-10-09 13:55:00,538 ERROR [metrics-1] c.e.metrics.StatsdClient - Failed to send metrics to statsd 10.0.0.9:8125: Connection refused
2026-10-09 13:55:02,667 INFO  [http-nio-8080-exec-22] c.e.api.PatientController - GET /api/v2/encounters/31202 completed in 148ms user=dr.smith2@clinic.org
2026-10-09 13:55:04,422 WARN  [http-nio-8080-exec-18] c.e.api.ReportService - Slow request /api/v2/reports took 2289ms
2026-10-09 13:55:07,837 INFO  [http-nio-8080-exec-14] c.e.api.PatientController - GET /api/v2/encounters/77948 completed in 137ms user=dr.smith6@clinic.org
2026-10-09 13:55:08,252 INFO  [http-nio-8080-exec-10] c.e.api.PatientController - GET /api/v2/encounters/23820 completed in 78ms user=dr.smith8@clinic.org
2026-10-09 13:55:09,940 INFO  [http-nio-8080-exec-21] c.e.api.PatientController - GET /api/v2/encounters/68879 completed in 56ms user=dr.smith5@clinic.org
2026-10-09 13:55:11,085 INFO  [http-nio-8080-exec-31] c.e.api.PatientController - GET /api/v2/encounters/71464 completed in 99ms user=dr.smith7@clinic.org
2026-10-09 13:55:13,870 INFO  [http-nio-8080-exec-32] c.e.api.PatientController - GET /api/v2/encounters/86210 completed in 177ms user=dr.smith1@clinic.org
2026-10-09 13:55:15,168 INFO  [http-nio-8080-exec-30] c.e.api.PatientController - GET /api/v2/encounters/95627 completed in 147ms user=dr.smith6@clinic.org
2026-10-09 13:55:16,473 INFO  [http-nio-8080-exec-22] c.e.api.PatientController - GET /api/v2/encounters/8137 completed in 95ms user=dr.smith5@clinic.org
2026-10-09 13:55:18,635 INFO  [http-nio-8080-exec-19] c.e.api.PatientController - GET /api/v2/encounters/10241 completed in 167ms user=dr.smith1@clinic.org
2026-10-09 13:55:20,970 INFO  [http-nio-8080-exec-26] c.e.api.PatientController - GET /api/v2/encounters/17921 completed in 113ms user=dr.smith4@clinic.org
2026-10-09 13:55:21,515 INFO  [http-nio-8080-exec-19] c.e.api.PatientController - GET /api/v2/encounters/77618 completed in 155ms user=dr.smith2@clinic.org
2026-10-09 13:55:24,019 INFO  [http-nio-8080-exec-20] c.e.api.PatientController - GET /api/v2/encounters/64391 completed in 54ms user=dr.smith3@clinic.org
2026-10-09 13:55:26,372 INFO  [http-nio-8080-exec-5] c.e.api.PatientController - GET /api/v2/encounters/56119 completed in 53ms user=dr.smith8@clinic.org
2026-10-09 13:55:28,904 INFO  [http-nio-8080-exec-19] c.e.api.PatientController - GET /api/v2/encounters/19367 completed in 62ms user=dr.smith3@clinic.org
2026-10-09 13:55:31,714 INFO  [http-nio-8080-exec-5] c.e.api.PatientController - GET /api/v2/encounters/97994 completed in 178ms user=dr.smith5@clinic.org
2026-10-09 13:55:32,754 INFO  [http-nio-8080-exec-21] c.e.api.PatientController - GET /api/v2/encounters/42538 completed in 20ms user=dr.smith5@clinic.org
2026-10-09 13:55:34,717 INFO  [http-nio-8080-exec-24] c.e.api.PatientController - GET /api/v2/encounters/77984 completed in 104ms user=dr.smith4@clinic.org
2026-10-09 13:55:37,991 INFO  [http-nio-8080-exec-15] c.e.api.PatientController - GET /api/v2/encounters/27083 completed in 129ms user=dr.smith8@clinic.org
2026-10-09 13:55:39,826 INFO  [http-nio-8080-exec-31] c.e.api.PatientController - GET /api/v2/encounters/29936 completed in 44ms user=dr.smith7@clinic.org
2026-10-09 13:55:40,737 INFO  [http-nio-8080-exec-24] c.e.api.PatientController - GET /api/v2/encounters/99976 completed in 115ms user=dr.smith3@clinic.org
2026-10-09 13:55:43,976 INFO  [http-nio-8080-exec-25] c.e.api.PatientController - GET /api/v2/encounters/24650 completed in 21ms user=dr.smith6@clinic.org
2026-10-09 13:55:45,363 INFO  [http-nio-8080-exec-10] c.e.api.PatientController - GET /api/v2/encounters/5878 completed in 98ms user=dr.smith8@clinic.org
2026-10-09 13:55:48,016 INFO  [http-nio-8080-exec-1] c.e.api.PatientController - GET /api/v2/encounters/89224 completed in 106ms user=dr.smith8@clinic.org
2026-10-09 13:55:51,159 INFO  [http-nio-8080-exec-31] c.e.api.PatientController - GET /api/v2/encounters/99888 completed in 163ms user=dr.smith3@clinic.org
2026-10-09 13:55:53,506 INFO  [http-nio-8080-exec-37] c.e.api.PatientController - GET /api/v2/encounters/64510 completed in 142ms user=dr.smith6@clinic.org
2026-10-09 13:55:55,215 INFO  [http-nio-8080-exec-25] c.e.api.PatientController - GET /api/v2/encounters/1752 completed in 47ms user=dr.smith7@clinic.org
2026-10-09 13:55:58,879 INFO  [http-nio-8080-exec-39] c.e.api.PatientController - GET /api/v2/encounters/75781 completed in 28ms user=dr.smith9@clinic.org
2026-10-09 13:56:00,530 INFO  [http-nio-8080-exec-37] c.e.api.PatientController - GET /api/v2/encounters/29064 completed in 112ms user=dr.smith7@clinic.org
2026-10-09 13:56:02,771 INFO  [http-nio-8080-exec-40] c.e.api.PatientController - GET /api/v2/encounters/16456 completed in 69ms user=dr.smith9@clinic.org
2026-10-09 13:56:05,738 WARN  [http-nio-8080-exec-39] c.e.api.ReportService - Slow request /api/v2/reports took 2522ms
2026-10-09 13:56:07,998 INFO  [http-nio-8080-exec-32] c.e.api.PatientController - GET /api/v2/encounters/60968 completed in 129ms user=dr.smith8@clinic.org
2026-10-09 13:56:09,999 INFO  [http-nio-8080-exec-12] c.e.api.PatientController - GET /api/v2/encounters/32232 completed in 30ms user=dr.smith7@clinic.org
2026-10-09 13:56:12,782 INFO  [http-nio-8080-exec-21] c.e.api.PatientController - GET /api/v2/encounters/40419 completed in 173ms user=dr.smith4@clinic.org
2026-10-09 13:56:13,801 INFO  [http-nio-8080-exec-38] c.e.api.PatientController - GET /api/v2/encounters/85320 completed in 46ms user=dr.smith5@clinic.org
2026-10-09 13:56:15,317 WARN  [http-nio-8080-exec-34] c.e.api.ReportService - Slow request /api/v2/reports took 1655ms
2026-10-09 13:56:17,850 INFO  [http-nio-8080-exec-25] c.e.api.PatientController - GET /api/v2/encounters/64903 completed in 119ms user=dr.smith7@clinic.org
2026-10-09 13:56:19,962 INFO  [http-nio-8080-exec-24] c.e.api.PatientController - GET /api/v2/encounters/56031 completed in 93ms user=dr.smith6@clinic.org
2026-10-09 13:56:22,157 INFO  [http-nio-8080-exec-4] c.e.api.PatientController - GET /api/v2/encounters/24947 completed in 40ms user=dr.smith9@clinic.org
2026-10-09 13:56:24,568 INFO  [http-nio-8080-exec-9] c.e.api.PatientController - GET /api/v2/encounters/51058 completed in 147ms user=dr.smith4@clinic.org
2026-10-09 13:56:26,127 WARN  [http-nio-8080-exec-33] c.e.api.ReportService - Slow request /api/v2/reports took 2415ms
2026-10-09 13:56:29,672 INFO  [http-nio-8080-exec-1] c.e.api.PatientController - GET /api/v2/encounters/47822 completed in 167ms user=dr.smith5@clinic.org
2026-10-09 13:56:30,554 INFO  [http-nio-8080-exec-17] c.e.api.PatientController - GET /api/v2/encounters/79874 completed in 112ms user=dr.smith4@clinic.org
2026-10-09 13:56:33,384 INFO  [http-nio-8080-exec-38] c.e.api.PatientController - GET /api/v2/encounters/11002 completed in 161ms user=dr.smith7@clinic.org
2026-10-09 13:56:35,561 INFO  [http-nio-8080-exec-28] c.e.api.PatientController - GET /api/v2/encounters/2148 completed in 154ms user=dr.smith7@clinic.org
2026-10-09 13:56:37,417 INFO  [http-nio-8080-exec-16] c.e.api.PatientController - GET /api/v2/encounters/54520 completed in 172ms user=dr.smith3@clinic.org
2026-10-09 13:56:38,638 INFO  [http-nio-8080-exec-37] c.e.api.PatientController - GET /api/v2/encounters/18278 completed in 142ms user=dr.smith4@clinic.org
2026-10-09 13:56:40,257 INFO  [http-nio-8080-exec-7] c.e.api.PatientController - GET /api/v2/encounters/40732 completed in 88ms user=dr.smith6@clinic.org
2026-10-09 13:56:42,962 INFO  [http-nio-8080-exec-29] c.e.api.PatientController - GET /api/v2/encounters/38883 completed in 36ms user=dr.smith6@clinic.org
2026-10-09 13:56:43,324 INFO  [http-nio-8080-exec-35] c.e.api.PatientController - GET /api/v2/encounters/20704 completed in 94ms user=dr.smith1@clinic.org
2026-10-09 13:56:45,510 INFO  [http-nio-8080-exec-9] c.e.api.PatientController - GET /api/v2/encounters/7298 completed in 101ms user=dr.smith6@clinic.org
2026-10-09 13:56:46,947 INFO  [http-nio-8080-exec-7] c.e.api.PatientController - GET /api/v2/encounters/22028 completed in 123ms user=dr.smith7@clinic.org
2026-10-09 13:56:48,954 INFO  [http-nio-8080-exec-23] c.e.api.PatientController - GET /api/v2/encounters/5535 completed in 136ms user=dr.smith6@clinic.org
2026-10-09 13:56:51,671 WARN  [http-nio-8080-exec-26] c.e.api.ReportService - Slow request /api/v2/reports took 2116ms
2026-10-09 13:56:53,576 INFO  [http-nio-8080-exec-23] c.e.api.PatientController - GET /api/v2/encounters/46166 completed in 106ms user=dr.smith7@clinic.org
2026-10-09 13:56:56,923 INFO  [http-nio-8080-exec-23] c.e.api.PatientController - GET /api/v2/encounters/96054 completed in 68ms user=dr.smith8@clinic.org
2026-10-09 13:56:57,112 INFO  [http-nio-8080-exec-16] c.e.api.PatientController - GET /api/v2/encounters/16145 completed in 179ms user=dr.smith8@clinic.org
2026-10-09 13:57:00,245 INFO  [http-nio-8080-exec-15] c.e.api.PatientController - GET /api/v2/encounters/64356 completed in 79ms user=dr.smith9@clinic.org
2026-10-09 13:57:01,336 INFO  [scheduler-1] c.e.jobs.SyncJob - Sync batch 867 done
2026-10-09 13:57:04,810 INFO  [http-nio-8080-exec-30] c.e.api.PatientController - GET /api/v2/encounters/95557 completed in 71ms user=dr.smith8@clinic.org
2026-10-09 13:57:06,501 INFO  [http-nio-8080-exec-26] c.e.api.PatientController - GET /api/v2/encounters/70168 completed in 70ms user=dr.smith5@clinic.org
2026-10-09 13:57:08,593 INFO  [http-nio-8080-exec-33] c.e.api.PatientController - GET /api/v2/encounters/53181 completed in 147ms user=dr.smith5@clinic.org
2026-10-09 13:57:10,291 INFO  [http-nio-8080-exec-4] c.e.api.PatientController - GET /api/v2/encounters/95446 completed in 83ms user=dr.smith8@clinic.org
2026-10-09 13:57:13,937 INFO  [http-nio-8080-exec-36] c.e.api.PatientController - GET /api/v2/encounters/10581 completed in 50ms user=dr.smith2@clinic.org
2026-10-09 13:57:16,978 INFO  [http-nio-8080-exec-30] c.e.api.PatientController - GET /api/v2/encounters/54932 completed in 46ms user=dr.smith6@clinic.org
2026-10-09 13:57:17,880 INFO  [http-nio-8080-exec-29] c.e.api.PatientController - GET /api/v2/encounters/93436 completed in 46ms user=dr.smith5@clinic.org
2026-10-09 13:57:19,053 INFO  [http-nio-8080-exec-38] c.e.api.PatientController - GET /api/v2/encounters/3105 completed in 78ms user=dr.smith4@clinic.org
2026-10-09 13:57:21,162 INFO  [http-nio-8080-exec-8] c.e.api.PatientController - GET /api/v2/encounters/73936 completed in 173ms user=dr.smith2@clinic.org
2026-10-09 13:57:24,637 INFO  [http-nio-8080-exec-38] c.e.api.PatientController - GET /api/v2/encounters/8326 completed in 39ms user=dr.smith6@clinic.org
2026-10-09 13:57:27,702 INFO  [http-nio-8080-exec-15] c.e.api.PatientController - GET /api/v2/encounters/4709 completed in 45ms user=dr.smith3@clinic.org
2026-10-09 13:57:29,999 INFO  [http-nio-8080-exec-30] c.e.api.PatientController - GET /api/v2/encounters/45609 completed in 138ms user=dr.smith9@clinic.org
2026-10-09 13:57:30,540 INFO  [http-nio-8080-exec-24] c.e.api.PatientController - GET /api/v2/encounters/12983 completed in 34ms user=dr.smith1@clinic.org
2026-10-09 13:57:32,410 INFO  [scheduler-1] c.e.jobs.SyncJob - Sync batch 475 done
2026-10-09 13:57:34,118 INFO  [http-nio-8080-exec-21] c.e.api.PatientController - GET /api/v2/encounters/82652 completed in 38ms user=dr.smith2@clinic.org
2026-10-09 13:57:36,856 INFO  [http-nio-8080-exec-31] c.e.api.PatientController - GET /api/v2/encounters/20307 completed in 173ms user=dr.smith9@clinic.org
2026-10-09 13:57:38,918 INFO  [http-nio-8080-exec-28] c.e.api.PatientController - GET /api/v2/encounters/5346 completed in 151ms user=dr.smith8@clinic.org
2026-10-09 13:57:41,388 INFO  [http-nio-8080-exec-7] c.e.api.PatientController - GET /api/v2/encounters/5112 completed in 85ms user=dr.smith4@clinic.org
2026-10-09 13:57:43,961 WARN  [http-nio-8080-exec-20] c.e.api.ReportService - Slow request /api/v2/reports took 1929ms
2026-10-09 13:57:45,997 INFO  [http-nio-8080-exec-6] c.e.api.PatientController - GET /api/v2/encounters/57874 completed in 152ms user=dr.smith2@clinic.org
2026-10-09 13:57:47,290 INFO  [http-nio-8080-exec-10] c.e.api.PatientController - GET /api/v2/encounters/56146 completed in 148ms user=dr.smith5@clinic.org
2026-10-09 13:57:49,644 WARN  [http-nio-8080-exec-5] c.e.api.ReportService - Slow request /api/v2/reports took 2907ms
2026-10-09 13:57:52,609 INFO  [http-nio-8080-exec-24] c.e.api.PatientController - GET /api/v2/encounters/57250 completed in 50ms user=dr.smith6@clinic.org
2026-10-09 13:57:54,966 INFO  [http-nio-8080-exec-25] c.e.api.PatientController - GET /api/v2/encounters/73787 completed in 49ms user=dr.smith8@clinic.org
2026-10-09 13:57:56,023 INFO  [http-nio-8080-exec-26] c.e.api.PatientController - GET /api/v2/encounters/24002 completed in 69ms user=dr.smith2@clinic.org
2026-10-09 13:57:58,313 INFO  [http-nio-8080-exec-7] c.e.api.PatientController - GET /api/v2/encounters/42245 completed in 117ms user=dr.smith7@clinic.org
2026-10-09 13:58:00,791 INFO  [http-nio-8080-exec-28] c.e.api.PatientController - GET /api/v2/encounters/3726 completed in 66ms user=dr.smith7@clinic.org
2026-10-09 13:58:03,569 WARN  [http-nio-8080-exec-39] c.e.api.ReportService - Slow request /api/v2/reports took 2164ms
2026-10-09 13:58:04,994 INFO  [http-nio-8080-exec-3] c.e.api.PatientController - GET /api/v2/encounters/85849 completed in 59ms user=dr.smith5@clinic.org
2026-10-09 13:58:05,968 INFO  [http-nio-8080-exec-7] c.e.api.PatientController - GET /api/v2/encounters/42225 completed in 63ms user=dr.smith2@clinic.org
2026-10-09 13:58:06,959 INFO  [http-nio-8080-exec-27] c.e.api.PatientController - GET /api/v2/encounters/64690 completed in 172ms user=dr.smith9@clinic.org
2026-10-09 13:58:08,055 INFO  [http-nio-8080-exec-31] c.e.api.PatientController - GET /api/v2/encounters/75592 completed in 96ms user=dr.smith4@clinic.org
2026-10-09 13:58:11,558 WARN  [http-nio-8080-exec-15] c.e.api.ReportService - Slow request /api/v2/reports took 1565ms
2026-10-09 13:58:13,119 INFO  [http-nio-8080-exec-23] c.e.api.PatientController - GET /api/v2/encounters/21833 completed in 119ms user=dr.smith1@clinic.org
2026-10-09 13:58:16,860 INFO  [http-nio-8080-exec-5] c.e.api.PatientController - GET /api/v2/encounters/59541 completed in 149ms user=dr.smith9@clinic.org
2026-10-09 13:58:17,699 WARN  [http-nio-8080-exec-39] c.e.api.ReportService - Slow request /api/v2/reports took 1661ms
2026-10-09 13:58:19,779 INFO  [http-nio-8080-exec-8] c.e.api.PatientController - GET /api/v2/encounters/95072 completed in 112ms user=dr.smith4@clinic.org
2026-10-09 13:58:22,467 INFO  [http-nio-8080-exec-11] c.e.api.PatientController - GET /api/v2/encounters/19324 completed in 93ms user=dr.smith8@clinic.org
2026-10-09 13:58:24,548 WARN  [http-nio-8080-exec-6] c.e.api.ReportService - Slow request /api/v2/reports took 2537ms
2026-10-09 13:58:26,720 INFO  [http-nio-8080-exec-5] c.e.api.PatientController - GET /api/v2/encounters/22832 completed in 136ms user=dr.smith3@clinic.org
2026-10-09 13:58:28,557 INFO  [http-nio-8080-exec-3] c.e.api.PatientController - GET /api/v2/encounters/28924 completed in 131ms user=dr.smith2@clinic.org
2026-10-09 13:58:29,540 INFO  [http-nio-8080-exec-13] c.e.api.PatientController - GET /api/v2/encounters/83202 completed in 152ms user=dr.smith9@clinic.org
2026-10-09 13:58:31,778 INFO  [http-nio-8080-exec-31] c.e.api.PatientController - GET /api/v2/encounters/52948 completed in 178ms user=dr.smith4@clinic.org
2026-10-09 13:58:34,398 WARN  [http-nio-8080-exec-4] c.e.api.ReportService - Slow request /api/v2/reports took 2707ms
2026-10-09 13:58:36,525 WARN  [http-nio-8080-exec-1] c.e.api.ReportService - Slow request /api/v2/reports took 1717ms
2026-10-09 13:58:38,798 INFO  [http-nio-8080-exec-19] c.e.api.PatientController - GET /api/v2/encounters/53794 completed in 135ms user=dr.smith8@clinic.org
2026-10-09 13:58:39,083 WARN  [http-nio-8080-exec-26] c.e.api.ReportService - Slow request /api/v2/reports took 2159ms
2026-10-09 13:58:40,325 INFO  [http-nio-8080-exec-17] c.e.api.PatientController - GET /api/v2/encounters/42663 completed in 108ms user=dr.smith9@clinic.org
2026-10-09 13:58:43,536 INFO  [http-nio-8080-exec-21] c.e.api.PatientController - GET /api/v2/encounters/95474 completed in 165ms user=dr.smith1@clinic.org
2026-10-09 13:58:45,718 INFO  [http-nio-8080-exec-9] c.e.api.PatientController - GET /api/v2/encounters/52344 completed in 33ms user=dr.smith1@clinic.org
2026-10-09 13:58:48,282 INFO  [http-nio-8080-exec-36] c.e.api.PatientController - GET /api/v2/encounters/67548 completed in 172ms user=dr.smith5@clinic.org
2026-10-09 13:58:49,343 INFO  [http-nio-8080-exec-27] c.e.api.PatientController - GET /api/v2/encounters/97706 completed in 106ms user=dr.smith6@clinic.org
2026-10-09 13:58:52,185 WARN  [http-nio-8080-exec-17] c.e.api.ReportService - Slow request /api/v2/reports took 1857ms
2026-10-09 13:58:53,994 INFO  [http-nio-8080-exec-2] c.e.api.PatientController - GET /api/v2/encounters/49201 completed in 170ms user=dr.smith8@clinic.org
2026-10-09 13:58:54,943 INFO  [http-nio-8080-exec-7] c.e.api.PatientController - GET /api/v2/encounters/79414 completed in 129ms user=dr.smith6@clinic.org
2026-10-09 13:58:56,592 INFO  [http-nio-8080-exec-27] c.e.api.PatientController - GET /api/v2/encounters/20928 completed in 164ms user=dr.smith3@clinic.org
2026-10-09 13:58:58,971 INFO  [http-nio-8080-exec-10] c.e.api.PatientController - GET /api/v2/encounters/35849 completed in 100ms user=dr.smith2@clinic.org
2026-10-09 13:59:01,905 INFO  [http-nio-8080-exec-24] c.e.api.PatientController - GET /api/v2/encounters/34982 completed in 137ms user=dr.smith6@clinic.org
2026-10-09 13:59:04,824 WARN  [http-nio-8080-exec-9] c.e.api.ReportService - Slow request /api/v2/reports took 1873ms
2026-10-09 13:59:05,533 WARN  [http-nio-8080-exec-11] c.e.api.ReportService - Slow request /api/v2/reports took 1861ms
2026-10-09 13:59:07,048 INFO  [http-nio-8080-exec-40] c.e.api.PatientController - GET /api/v2/encounters/64669 completed in 121ms user=dr.smith9@clinic.org
2026-10-09 13:59:09,889 INFO  [http-nio-8080-exec-22] c.e.api.PatientController - GET /api/v2/encounters/3776 completed in 60ms user=dr.smith9@clinic.org
2026-10-09 13:59:12,138 INFO  [http-nio-8080-exec-10] c.e.api.PatientController - GET /api/v2/encounters/50487 completed in 108ms user=dr.smith8@clinic.org
2026-10-09 13:59:14,849 INFO  [http-nio-8080-exec-37] c.e.api.PatientController - GET /api/v2/encounters/27122 completed in 122ms user=dr.smith6@clinic.org
2026-10-09 13:59:17,780 INFO  [http-nio-8080-exec-22] c.e.api.PatientController - GET /api/v2/encounters/69624 completed in 157ms user=dr.smith5@clinic.org
2026-10-09 13:59:19,912 INFO  [http-nio-8080-exec-7] c.e.api.PatientController - GET /api/v2/encounters/78728 completed in 22ms user=dr.smith7@clinic.org
2026-10-09 13:59:21,631 INFO  [http-nio-8080-exec-29] c.e.api.PatientController - GET /api/v2/encounters/59031 completed in 45ms user=dr.smith2@clinic.org
2026-10-09 13:59:24,344 WARN  [http-nio-8080-exec-13] c.e.api.ReportService - Slow request /api/v2/reports took 1794ms
2026-10-09 13:59:26,414 INFO  [http-nio-8080-exec-1] c.e.api.PatientController - GET /api/v2/encounters/30899 completed in 129ms user=dr.smith4@clinic.org
2026-10-09 13:59:29,055 INFO  [http-nio-8080-exec-37] c.e.api.PatientController - GET /api/v2/encounters/38662 completed in 74ms user=dr.smith5@clinic.org
2026-10-09 13:59:31,176 INFO  [http-nio-8080-exec-12] c.e.api.PatientController - GET /api/v2/encounters/38346 completed in 110ms user=dr.smith8@clinic.org
2026-10-09 13:59:33,242 INFO  [http-nio-8080-exec-17] c.e.api.PatientController - GET /api/v2/encounters/99009 completed in 149ms user=dr.smith3@clinic.org
2026-10-09 13:59:34,357 WARN  [http-nio-8080-exec-4] c.e.api.ReportService - Slow request /api/v2/reports took 1974ms
2026-10-09 13:59:36,480 INFO  [http-nio-8080-exec-24] c.e.api.PatientController - GET /api/v2/encounters/16649 completed in 66ms user=dr.smith3@clinic.org
2026-10-09 13:59:38,928 INFO  [http-nio-8080-exec-36] c.e.api.PatientController - GET /api/v2/encounters/72438 completed in 69ms user=dr.smith7@clinic.org
2026-10-09 13:59:40,206 WARN  [http-nio-8080-exec-21] c.e.api.ReportService - Slow request /api/v2/reports took 1623ms
2026-10-09 13:59:42,075 WARN  [http-nio-8080-exec-39] c.e.api.ReportService - Slow request /api/v2/reports took 2846ms
2026-10-09 13:59:44,398 INFO  [http-nio-8080-exec-37] c.e.api.PatientController - GET /api/v2/encounters/91454 completed in 165ms user=dr.smith4@clinic.org
2026-10-09 13:59:47,164 INFO  [http-nio-8080-exec-30] c.e.api.PatientController - GET /api/v2/encounters/67502 completed in 136ms user=dr.smith2@clinic.org
2026-10-09 13:59:50,752 INFO  [http-nio-8080-exec-5] c.e.api.PatientController - GET /api/v2/encounters/39974 completed in 146ms user=dr.smith3@clinic.org
2026-10-09 13:59:52,537 INFO  [http-nio-8080-exec-31] c.e.api.PatientController - GET /api/v2/encounters/57037 completed in 125ms user=dr.smith2@clinic.org
2026-10-09 13:59:53,180 INFO  [http-nio-8080-exec-29] c.e.api.PatientController - GET /api/v2/encounters/65097 completed in 133ms user=dr.smith8@clinic.org
2026-10-09 13:59:56,963 INFO  [http-nio-8080-exec-26] c.e.api.PatientController - GET /api/v2/encounters/61261 completed in 99ms user=dr.smith9@clinic.org
2026-10-09 13:59:58,573 INFO  [http-nio-8080-exec-26] c.e.api.PatientController - GET /api/v2/encounters/75390 completed in 156ms user=dr.smith8@clinic.org
2026-10-09 13:59:59,891 INFO  [http-nio-8080-exec-7] c.e.api.PatientController - GET /api/v2/encounters/77063 completed in 89ms user=dr.smith9@clinic.org
2026-10-09 14:00:01,476 INFO  [http-nio-8080-exec-29] c.e.api.PatientController - GET /api/v2/encounters/23446 completed in 132ms user=dr.smith2@clinic.org
2026-10-09 14:00:02,433 INFO  [http-nio-8080-exec-15] c.e.api.PatientController - GET /api/v2/encounters/2342 completed in 92ms user=dr.smith1@clinic.org
2026-10-09 14:00:04,502 WARN  [http-nio-8080-exec-23] c.e.api.ReportService - Slow request /api/v2/reports took 1707ms
2026-10-09 14:00:05,095 INFO  [http-nio-8080-exec-17] c.e.api.PatientController - GET /api/v2/encounters/71943 completed in 110ms user=dr.smith2@clinic.org
2026-10-09 14:00:07,908 INFO  [http-nio-8080-exec-7] c.e.api.PatientController - GET /api/v2/encounters/63887 completed in 88ms user=dr.smith2@clinic.org
2026-10-09 14:00:08,224 INFO  [http-nio-8080-exec-28] c.e.api.PatientController - GET /api/v2/encounters/99714 completed in 120ms user=dr.smith2@clinic.org
2026-10-09 14:00:09,663 INFO  [http-nio-8080-exec-8] c.e.api.PatientController - GET /api/v2/encounters/28631 completed in 126ms user=dr.smith6@clinic.org
2026-10-09 14:00:11,542 INFO  [http-nio-8080-exec-36] c.e.api.PatientController - GET /api/v2/encounters/54725 completed in 120ms user=dr.smith6@clinic.org
2026-10-09 14:00:13,946 INFO  [http-nio-8080-exec-29] c.e.api.PatientController - GET /api/v2/encounters/44877 completed in 63ms user=dr.smith8@clinic.org
2026-10-09 14:00:15,535 WARN  [http-nio-8080-exec-24] c.e.api.ReportService - Slow request /api/v2/reports took 2880ms
2026-10-09 14:00:17,181 INFO  [http-nio-8080-exec-29] c.e.api.PatientController - GET /api/v2/encounters/36348 completed in 113ms user=dr.smith9@clinic.org
2026-10-09 14:00:20,580 INFO  [http-nio-8080-exec-13] c.e.api.PatientController - GET /api/v2/encounters/73222 completed in 42ms user=dr.smith4@clinic.org
2026-10-09 14:00:22,580 INFO  [http-nio-8080-exec-9] c.e.api.PatientController - GET /api/v2/encounters/19342 completed in 43ms user=dr.smith1@clinic.org
2026-10-09 14:00:24,781 INFO  [http-nio-8080-exec-21] c.e.api.PatientController - GET /api/v2/encounters/49373 completed in 149ms user=dr.smith2@clinic.org
2026-10-09 14:00:27,712 INFO  [http-nio-8080-exec-22] c.e.api.PatientController - GET /api/v2/encounters/3022 completed in 124ms user=dr.smith7@clinic.org
2026-10-09 14:00:29,305 INFO  [http-nio-8080-exec-14] c.e.api.PatientController - GET /api/v2/encounters/46431 completed in 172ms user=dr.smith8@clinic.org
2026-10-09 14:00:31,136 INFO  [http-nio-8080-exec-26] c.e.api.PatientController - GET /api/v2/encounters/33848 completed in 130ms user=dr.smith6@clinic.org
2026-10-09 14:00:32,690 WARN  [http-nio-8080-exec-27] c.e.api.ReportService - Slow request /api/v2/reports took 1504ms
2026-10-09 14:00:34,013 INFO  [http-nio-8080-exec-31] c.e.api.PatientController - GET /api/v2/encounters/62398 completed in 180ms user=dr.smith8@clinic.org
2026-10-09 14:00:35,950 INFO  [http-nio-8080-exec-1] c.e.api.PatientController - GET /api/v2/encounters/63861 completed in 32ms user=dr.smith8@clinic.org
2026-10-09 14:00:37,484 INFO  [http-nio-8080-exec-34] c.e.api.PatientController - GET /api/v2/encounters/30137 completed in 96ms user=dr.smith4@clinic.org
2026-10-09 14:00:40,095 INFO  [scheduler-1] c.e.jobs.SyncJob - Sync batch 762 done
2026-10-09 14:00:41,296 INFO  [http-nio-8080-exec-2] c.e.api.PatientController - GET /api/v2/encounters/89507 completed in 91ms user=dr.smith5@clinic.org
2026-10-09 14:00:44,480 INFO  [http-nio-8080-exec-2] c.e.api.PatientController - GET /api/v2/encounters/88392 completed in 170ms user=dr.smith1@clinic.org
2026-10-09 14:00:47,647 WARN  [http-nio-8080-exec-34] c.e.api.ReportService - Slow request /api/v2/reports took 2371ms
2026-10-09 14:00:48,084 INFO  [http-nio-8080-exec-23] c.e.api.PatientController - GET /api/v2/encounters/43795 completed in 146ms user=dr.smith8@clinic.org
2026-10-09 14:00:50,926 INFO  [http-nio-8080-exec-30] c.e.api.PatientController - GET /api/v2/encounters/86682 completed in 27ms user=dr.smith1@clinic.org
2026-10-09 14:00:50,926 ERROR [metrics-1] c.e.metrics.StatsdClient - Failed to send metrics to statsd 10.0.0.9:8125: Connection refused
2026-10-09 14:00:51,422 INFO  [http-nio-8080-exec-9] c.e.api.PatientController - GET /api/v2/encounters/67249 completed in 138ms user=dr.smith9@clinic.org
2026-10-09 14:00:53,152 INFO  [http-nio-8080-exec-12] c.e.api.PatientController - GET /api/v2/encounters/22804 completed in 173ms user=dr.smith1@clinic.org
2026-10-09 14:00:55,740 INFO  [http-nio-8080-exec-33] c.e.api.PatientController - GET /api/v2/encounters/5660 completed in 104ms user=dr.smith3@clinic.org
2026-10-09 14:00:58,556 INFO  [http-nio-8080-exec-7] c.e.api.PatientController - GET /api/v2/encounters/92523 completed in 78ms user=dr.smith7@clinic.org
2026-10-09 14:01:01,813 INFO  [http-nio-8080-exec-30] c.e.api.PatientController - GET /api/v2/encounters/15067 completed in 58ms user=dr.smith6@clinic.org
2026-10-09 14:01:02,908 INFO  [http-nio-8080-exec-17] c.e.api.PatientController - GET /api/v2/encounters/17233 completed in 171ms user=dr.smith8@clinic.org
2026-10-09 14:01:04,450 INFO  [http-nio-8080-exec-5] c.e.api.PatientController - GET /api/v2/encounters/18600 completed in 76ms user=dr.smith1@clinic.org
2026-10-09 14:01:05,646 INFO  [http-nio-8080-exec-18] c.e.api.PatientController - GET /api/v2/encounters/72714 completed in 129ms user=dr.smith1@clinic.org
2026-10-09 14:01:08,670 WARN  [http-nio-8080-exec-33] c.e.api.ReportService - Slow request /api/v2/reports took 1998ms
2026-10-09 14:01:09,062 INFO  [http-nio-8080-exec-33] c.e.api.PatientController - GET /api/v2/encounters/15367 completed in 136ms user=dr.smith6@clinic.org
2026-10-09 14:01:12,385 INFO  [http-nio-8080-exec-20] c.e.api.PatientController - GET /api/v2/encounters/72485 completed in 131ms user=dr.smith9@clinic.org
2026-10-09 14:01:13,504 INFO  [http-nio-8080-exec-25] c.e.api.PatientController - GET /api/v2/encounters/38631 completed in 84ms user=dr.smith7@clinic.org
2026-10-09 14:01:16,217 INFO  [http-nio-8080-exec-27] c.e.api.PatientController - GET /api/v2/encounters/83069 completed in 79ms user=dr.smith5@clinic.org
2026-10-09 14:01:19,280 INFO  [http-nio-8080-exec-23] c.e.api.PatientController - GET /api/v2/encounters/62556 completed in 83ms user=dr.smith6@clinic.org
2026-10-09 14:01:22,963 INFO  [http-nio-8080-exec-19] c.e.api.PatientController - GET /api/v2/encounters/21848 completed in 132ms user=dr.smith1@clinic.org
2026-10-09 14:01:24,536 INFO  [http-nio-8080-exec-36] c.e.api.PatientController - GET /api/v2/encounters/70158 completed in 82ms user=dr.smith5@clinic.org
2026-10-09 14:01:26,244 INFO  [http-nio-8080-exec-26] c.e.api.PatientController - GET /api/v2/encounters/55035 completed in 108ms user=dr.smith6@clinic.org
2026-10-09 14:01:29,551 INFO  [http-nio-8080-exec-8] c.e.api.PatientController - GET /api/v2/encounters/80267 completed in 130ms user=dr.smith5@clinic.org
2026-10-09 14:01:30,831 INFO  [http-nio-8080-exec-34] c.e.api.PatientController - GET /api/v2/encounters/59138 completed in 53ms user=dr.smith5@clinic.org
2026-10-09 14:01:33,109 INFO  [http-nio-8080-exec-35] c.e.api.PatientController - GET /api/v2/encounters/5524 completed in 105ms user=dr.smith3@clinic.org
2026-10-09 14:01:35,431 INFO  [http-nio-8080-exec-36] c.e.api.PatientController - GET /api/v2/encounters/50977 completed in 166ms user=dr.smith7@clinic.org
2026-10-09 14:01:37,323 INFO  [http-nio-8080-exec-21] c.e.api.PatientController - GET /api/v2/encounters/93741 completed in 23ms user=dr.smith8@clinic.org
2026-10-09 14:01:39,537 INFO  [scheduler-1] c.e.jobs.SyncJob - Sync batch 204 done
2026-10-09 14:01:42,068 INFO  [http-nio-8080-exec-37] c.e.api.PatientController - GET /api/v2/encounters/94983 completed in 156ms user=dr.smith1@clinic.org
2026-10-09 14:01:44,458 INFO  [http-nio-8080-exec-21] c.e.api.PatientController - GET /api/v2/encounters/25661 completed in 124ms user=dr.smith7@clinic.org
2026-10-09 14:01:46,444 INFO  [http-nio-8080-exec-14] c.e.api.PatientController - GET /api/v2/encounters/61527 completed in 180ms user=dr.smith9@clinic.org
2026-10-09 14:01:49,766 INFO  [http-nio-8080-exec-23] c.e.api.PatientController - GET /api/v2/encounters/98279 completed in 157ms user=dr.smith8@clinic.org
2026-10-09 14:01:52,236 INFO  [http-nio-8080-exec-37] c.e.api.PatientController - GET /api/v2/encounters/87036 completed in 163ms user=dr.smith9@clinic.org
2026-10-09 14:01:53,579 INFO  [http-nio-8080-exec-16] c.e.api.PatientController - GET /api/v2/encounters/31681 completed in 85ms user=dr.smith5@clinic.org
2026-10-09 14:01:55,542 INFO  [http-nio-8080-exec-3] c.e.api.PatientController - GET /api/v2/encounters/3947 completed in 82ms user=dr.smith9@clinic.org
2026-10-09 14:01:57,317 INFO  [http-nio-8080-exec-36] c.e.api.PatientController - GET /api/v2/encounters/25034 completed in 149ms user=dr.smith3@clinic.org
2026-10-09 14:01:59,180 INFO  [http-nio-8080-exec-23] c.e.api.PatientController - GET /api/v2/encounters/53829 completed in 42ms user=dr.smith5@clinic.org
2026-10-09 14:02:01,376 INFO  [http-nio-8080-exec-12] c.e.api.PatientController - GET /api/v2/encounters/20110 completed in 129ms user=dr.smith4@clinic.org
2026-10-09 14:02:03,242 INFO  [http-nio-8080-exec-16] c.e.api.PatientController - GET /api/v2/encounters/19178 completed in 23ms user=dr.smith9@clinic.org
2026-10-09 14:02:05,944 INFO  [http-nio-8080-exec-31] c.e.api.PatientController - GET /api/v2/encounters/29127 completed in 79ms user=dr.smith4@clinic.org
2026-10-09 14:02:08,387 INFO  [http-nio-8080-exec-36] c.e.api.PatientController - GET /api/v2/encounters/90100 completed in 75ms user=dr.smith6@clinic.org
2026-10-09 14:02:10,948 INFO  [http-nio-8080-exec-34] c.e.api.PatientController - GET /api/v2/encounters/46156 completed in 145ms user=dr.smith4@clinic.org
2026-10-09 14:02:12,184 INFO  [http-nio-8080-exec-10] c.e.api.PatientController - GET /api/v2/encounters/38694 completed in 80ms user=dr.smith1@clinic.org
2026-10-09 14:02:14,019 INFO  [http-nio-8080-exec-14] c.e.api.PatientController - GET /api/v2/encounters/54464 completed in 123ms user=dr.smith5@clinic.org
2026-10-09 14:02:16,494 INFO  [http-nio-8080-exec-2] c.e.api.PatientController - GET /api/v2/encounters/14358 completed in 102ms user=dr.smith6@clinic.org
2026-10-09 14:02:18,987 WARN  [http-nio-8080-exec-24] c.e.api.ReportService - Slow request /api/v2/reports took 2317ms
2026-10-09 14:02:20,143 INFO  [http-nio-8080-exec-18] c.e.api.PatientController - GET /api/v2/encounters/55636 completed in 79ms user=dr.smith4@clinic.org
2026-10-09 14:02:22,133 INFO  [http-nio-8080-exec-35] c.e.api.PatientController - GET /api/v2/encounters/70548 completed in 114ms user=dr.smith4@clinic.org
2026-10-09 14:02:24,225 INFO  [http-nio-8080-exec-29] c.e.api.PatientController - GET /api/v2/encounters/55693 completed in 33ms user=dr.smith3@clinic.org
2026-10-09 14:02:26,174 INFO  [http-nio-8080-exec-11] c.e.api.PatientController - GET /api/v2/encounters/72391 completed in 131ms user=dr.smith8@clinic.org
2026-10-09 14:02:27,610 INFO  [http-nio-8080-exec-30] c.e.api.PatientController - GET /api/v2/encounters/49600 completed in 27ms user=dr.smith1@clinic.org
2026-10-09 14:02:29,272 INFO  [http-nio-8080-exec-8] c.e.api.PatientController - GET /api/v2/encounters/55776 completed in 130ms user=dr.smith3@clinic.org
2026-10-09 14:02:30,855 INFO  [http-nio-8080-exec-15] c.e.api.PatientController - GET /api/v2/encounters/33250 completed in 60ms user=dr.smith9@clinic.org
2026-10-09 14:02:32,128 INFO  [http-nio-8080-exec-36] c.e.api.PatientController - GET /api/v2/encounters/58194 completed in 127ms user=dr.smith7@clinic.org
2026-10-09 14:02:34,173 INFO  [http-nio-8080-exec-14] c.e.api.PatientController - GET /api/v2/encounters/38355 completed in 91ms user=dr.smith1@clinic.org
2026-10-09 14:02:36,942 INFO  [http-nio-8080-exec-28] c.e.api.PatientController - GET /api/v2/encounters/24459 completed in 99ms user=dr.smith5@clinic.org
2026-10-09 14:02:38,021 INFO  [http-nio-8080-exec-36] c.e.api.PatientController - GET /api/v2/encounters/14629 completed in 74ms user=dr.smith7@clinic.org
2026-10-09 14:02:39,648 INFO  [http-nio-8080-exec-4] c.e.api.PatientController - GET /api/v2/encounters/62580 completed in 105ms user=dr.smith7@clinic.org
2026-10-09 14:02:42,500 INFO  [http-nio-8080-exec-19] c.e.api.PatientController - GET /api/v2/encounters/91720 completed in 46ms user=dr.smith2@clinic.org
2026-10-09 14:02:44,572 INFO  [http-nio-8080-exec-30] c.e.api.PatientController - GET /api/v2/encounters/33402 completed in 126ms user=dr.smith2@clinic.org
2026-10-09 14:02:46,599 INFO  [http-nio-8080-exec-30] c.e.api.PatientController - GET /api/v2/encounters/77079 completed in 30ms user=dr.smith5@clinic.org
2026-10-09 14:02:48,096 INFO  [http-nio-8080-exec-3] c.e.api.PatientController - GET /api/v2/encounters/16556 completed in 117ms user=dr.smith7@clinic.org
2026-10-09 14:02:51,734 INFO  [http-nio-8080-exec-38] c.e.api.PatientController - GET /api/v2/encounters/82940 completed in 94ms user=dr.smith6@clinic.org
2026-10-09 14:02:53,790 INFO  [http-nio-8080-exec-8] c.e.api.PatientController - GET /api/v2/encounters/76959 completed in 174ms user=dr.smith7@clinic.org
2026-10-09 14:02:56,563 INFO  [http-nio-8080-exec-11] c.e.api.PatientController - GET /api/v2/encounters/80013 completed in 143ms user=dr.smith2@clinic.org
2026-10-09 14:02:58,813 INFO  [http-nio-8080-exec-38] c.e.api.PatientController - GET /api/v2/encounters/68910 completed in 109ms user=dr.smith6@clinic.org
2026-10-09 14:03:01,579 INFO  [http-nio-8080-exec-35] c.e.api.PatientController - GET /api/v2/encounters/55318 completed in 79ms user=dr.smith9@clinic.org
2026-10-09 14:03:02,739 INFO  [http-nio-8080-exec-12] c.e.api.PatientController - GET /api/v2/encounters/75192 completed in 103ms user=dr.smith3@clinic.org
2026-10-09 14:03:04,552 INFO  [http-nio-8080-exec-15] c.e.api.PatientController - GET /api/v2/encounters/55096 completed in 34ms user=dr.smith7@clinic.org
2026-10-09 14:03:05,608 INFO  [http-nio-8080-exec-25] c.e.api.PatientController - GET /api/v2/encounters/79931 completed in 65ms user=dr.smith4@clinic.org
2026-10-09 14:03:07,353 INFO  [http-nio-8080-exec-23] c.e.api.PatientController - GET /api/v2/encounters/85595 completed in 121ms user=dr.smith7@clinic.org
2026-10-09 14:03:10,366 INFO  [http-nio-8080-exec-38] c.e.api.PatientController - GET /api/v2/encounters/75381 completed in 112ms user=dr.smith5@clinic.org
2026-10-09 14:03:13,502 INFO  [http-nio-8080-exec-20] c.e.api.PatientController - GET /api/v2/encounters/4993 completed in 69ms user=dr.smith8@clinic.org
2026-10-09 14:03:15,709 INFO  [http-nio-8080-exec-8] c.e.api.PatientController - GET /api/v2/encounters/13145 completed in 172ms user=dr.smith9@clinic.org
2026-10-09 14:03:17,563 INFO  [http-nio-8080-exec-1] c.e.api.PatientController - GET /api/v2/encounters/15809 completed in 31ms user=dr.smith6@clinic.org
2026-10-09 14:03:20,888 INFO  [http-nio-8080-exec-15] c.e.api.PatientController - GET /api/v2/encounters/84165 completed in 129ms user=dr.smith8@clinic.org
2026-10-09 14:03:22,316 WARN  [http-nio-8080-exec-30] c.e.api.ReportService - Slow request /api/v2/reports took 1686ms
2026-10-09 14:03:25,006 INFO  [http-nio-8080-exec-39] c.e.api.PatientController - GET /api/v2/encounters/89719 completed in 134ms user=dr.smith9@clinic.org
2026-10-09 14:03:28,359 INFO  [http-nio-8080-exec-38] c.e.api.PatientController - GET /api/v2/encounters/16260 completed in 90ms user=dr.smith3@clinic.org
2026-10-09 14:03:31,939 INFO  [scheduler-1] c.e.jobs.SyncJob - Sync batch 401 done
2026-10-09 14:03:32,809 INFO  [http-nio-8080-exec-28] c.e.api.PatientController - GET /api/v2/encounters/45657 completed in 134ms user=dr.smith5@clinic.org
2026-10-09 14:03:34,280 INFO  [http-nio-8080-exec-18] c.e.api.PatientController - GET /api/v2/encounters/35256 completed in 64ms user=dr.smith2@clinic.org
2026-10-09 14:03:36,309 INFO  [http-nio-8080-exec-35] c.e.api.PatientController - GET /api/v2/encounters/16455 completed in 173ms user=dr.smith8@clinic.org
2026-10-09 14:03:39,985 INFO  [http-nio-8080-exec-38] c.e.api.PatientController - GET /api/v2/encounters/58708 completed in 153ms user=dr.smith6@clinic.org
2026-10-09 14:03:41,299 INFO  [http-nio-8080-exec-20] c.e.api.PatientController - GET /api/v2/encounters/38493 completed in 47ms user=dr.smith6@clinic.org
2026-10-09 14:03:43,269 INFO  [http-nio-8080-exec-37] c.e.api.PatientController - GET /api/v2/encounters/53656 completed in 100ms user=dr.smith4@clinic.org
2026-10-09 14:03:45,874 INFO  [http-nio-8080-exec-1] c.e.api.PatientController - GET /api/v2/encounters/2233 completed in 177ms user=dr.smith9@clinic.org
2026-10-09 14:03:48,187 INFO  [http-nio-8080-exec-2] c.e.api.PatientController - GET /api/v2/encounters/26207 completed in 140ms user=dr.smith6@clinic.org
2026-10-09 14:03:50,552 INFO  [http-nio-8080-exec-32] c.e.api.PatientController - GET /api/v2/encounters/60934 completed in 61ms user=dr.smith1@clinic.org
2026-10-09 14:03:53,994 INFO  [http-nio-8080-exec-6] c.e.api.PatientController - GET /api/v2/encounters/72235 completed in 76ms user=dr.smith7@clinic.org
2026-10-09 14:03:56,086 INFO  [http-nio-8080-exec-15] c.e.api.PatientController - GET /api/v2/encounters/42720 completed in 135ms user=dr.smith9@clinic.org
2026-10-09 14:03:57,885 INFO  [http-nio-8080-exec-1] c.e.api.PatientController - GET /api/v2/encounters/51842 completed in 44ms user=dr.smith9@clinic.org
2026-10-09 14:03:59,954 INFO  [http-nio-8080-exec-21] c.e.api.PatientController - GET /api/v2/encounters/70890 completed in 175ms user=dr.smith7@clinic.org
2026-10-09 14:04:02,995 WARN  [http-nio-8080-exec-27] c.e.api.ReportService - Slow request /api/v2/reports took 2193ms
2026-10-09 14:04:04,326 INFO  [http-nio-8080-exec-28] c.e.api.PatientController - GET /api/v2/encounters/89490 completed in 68ms user=dr.smith7@clinic.org
2026-10-09 14:04:05,432 INFO  [http-nio-8080-exec-15] c.e.api.PatientController - GET /api/v2/encounters/68715 completed in 45ms user=dr.smith2@clinic.org
2026-10-09 14:04:07,174 INFO  [http-nio-8080-exec-18] c.e.api.PatientController - GET /api/v2/encounters/40000 completed in 36ms user=dr.smith6@clinic.org
2026-10-09 14:04:09,792 INFO  [scheduler-1] c.e.jobs.SyncJob - Sync batch 539 done
2026-10-09 14:04:12,577 INFO  [http-nio-8080-exec-36] c.e.api.PatientController - GET /api/v2/encounters/64082 completed in 153ms user=dr.smith9@clinic.org
2026-10-09 14:04:15,097 INFO  [http-nio-8080-exec-14] c.e.api.PatientController - GET /api/v2/encounters/18395 completed in 42ms user=dr.smith2@clinic.org
2026-10-09 14:04:16,041 INFO  [http-nio-8080-exec-6] c.e.api.PatientController - GET /api/v2/encounters/76103 completed in 49ms user=dr.smith4@clinic.org
2026-10-09 14:04:19,462 INFO  [http-nio-8080-exec-2] c.e.api.PatientController - GET /api/v2/encounters/57388 completed in 98ms user=dr.smith2@clinic.org
2026-10-09 14:04:21,794 INFO  [http-nio-8080-exec-25] c.e.api.PatientController - GET /api/v2/encounters/49573 completed in 77ms user=dr.smith6@clinic.org
2026-10-09 14:04:23,458 INFO  [http-nio-8080-exec-17] c.e.api.PatientController - GET /api/v2/encounters/88268 completed in 118ms user=dr.smith1@clinic.org
2026-10-09 14:04:25,311 INFO  [http-nio-8080-exec-16] c.e.api.PatientController - GET /api/v2/encounters/64337 completed in 101ms user=dr.smith2@clinic.org
2026-10-09 14:04:27,335 INFO  [http-nio-8080-exec-18] c.e.api.PatientController - GET /api/v2/encounters/82627 completed in 178ms user=dr.smith3@clinic.org
2026-10-09 14:04:29,101 INFO  [http-nio-8080-exec-23] c.e.api.PatientController - GET /api/v2/encounters/77956 completed in 125ms user=dr.smith7@clinic.org
2026-10-09 14:04:32,169 INFO  [http-nio-8080-exec-14] c.e.api.PatientController - GET /api/v2/encounters/81779 completed in 170ms user=dr.smith1@clinic.org
2026-10-09 14:04:34,605 INFO  [http-nio-8080-exec-1] c.e.api.PatientController - GET /api/v2/encounters/38391 completed in 93ms user=dr.smith1@clinic.org
2026-10-09 14:04:36,624 INFO  [http-nio-8080-exec-32] c.e.api.PatientController - GET /api/v2/encounters/57899 completed in 75ms user=dr.smith6@clinic.org
2026-10-09 14:04:37,257 INFO  [http-nio-8080-exec-36] c.e.api.PatientController - GET /api/v2/encounters/70356 completed in 38ms user=dr.smith8@clinic.org
2026-10-09 14:04:40,493 INFO  [scheduler-1] c.e.jobs.SyncJob - Sync batch 873 done
2026-10-09 14:04:42,614 INFO  [http-nio-8080-exec-20] c.e.api.PatientController - GET /api/v2/encounters/48058 completed in 146ms user=dr.smith4@clinic.org
2026-10-09 14:04:44,311 INFO  [http-nio-8080-exec-27] c.e.api.PatientController - GET /api/v2/encounters/56887 completed in 64ms user=dr.smith7@clinic.org
2026-10-09 14:04:45,809 INFO  [http-nio-8080-exec-37] c.e.api.PatientController - GET /api/v2/encounters/12525 completed in 46ms user=dr.smith4@clinic.org
2026-10-09 14:04:48,058 INFO  [http-nio-8080-exec-31] c.e.api.PatientController - GET /api/v2/encounters/5955 completed in 148ms user=dr.smith7@clinic.org
2026-10-09 14:04:49,073 INFO  [http-nio-8080-exec-3] c.e.api.PatientController - GET /api/v2/encounters/19042 completed in 33ms user=dr.smith9@clinic.org
2026-10-09 14:04:51,361 INFO  [http-nio-8080-exec-29] c.e.api.PatientController - GET /api/v2/encounters/92516 completed in 86ms user=dr.smith6@clinic.org
2026-10-09 14:04:52,661 INFO  [http-nio-8080-exec-39] c.e.api.PatientController - GET /api/v2/encounters/52485 completed in 105ms user=dr.smith2@clinic.org
2026-10-09 14:04:54,229 INFO  [http-nio-8080-exec-1] c.e.api.PatientController - GET /api/v2/encounters/53468 completed in 81ms user=dr.smith5@clinic.org
2026-10-09 14:04:56,024 INFO  [http-nio-8080-exec-25] c.e.api.PatientController - GET /api/v2/encounters/70678 completed in 78ms user=dr.smith2@clinic.org
2026-10-09 14:04:57,835 INFO  [http-nio-8080-exec-31] c.e.api.PatientController - GET /api/v2/encounters/46006 completed in 26ms user=dr.smith1@clinic.org
2026-10-09 14:05:00,543 INFO  [http-nio-8080-exec-12] c.e.api.PatientController - GET /api/v2/encounters/5130 completed in 77ms user=dr.smith9@clinic.org
2026-10-09 14:05:00,543 ERROR [metrics-1] c.e.metrics.StatsdClient - Failed to send metrics to statsd 10.0.0.9:8125: Connection refused
2026-10-09 14:05:00,543 INFO  [main] c.e.deploy.Hooks - Deployment of release 4.2.1 completed (build 8812) password=Sup3rS3cret
2026-10-09 14:05:03,681 INFO  [http-nio-8080-exec-12] c.e.api.PatientController - GET /api/v2/encounters/41769 completed in 80ms user=dr.smith7@clinic.org
2026-10-09 14:05:05,362 INFO  [http-nio-8080-exec-22] c.e.api.PatientController - GET /api/v2/encounters/88435 completed in 96ms user=dr.smith5@clinic.org
2026-10-09 14:05:07,893 INFO  [scheduler-1] c.e.jobs.SyncJob - Sync batch 11 done
2026-10-09 14:05:09,238 INFO  [http-nio-8080-exec-8] c.e.api.PatientController - GET /api/v2/encounters/41953 completed in 118ms user=dr.smith9@clinic.org
2026-10-09 14:05:11,397 INFO  [http-nio-8080-exec-28] c.e.api.PatientController - GET /api/v2/encounters/67881 completed in 163ms user=dr.smith8@clinic.org
2026-10-09 14:05:13,512 WARN  [http-nio-8080-exec-28] c.e.api.ReportService - Slow request /api/v2/reports took 1753ms
2026-10-09 14:05:16,816 INFO  [http-nio-8080-exec-33] c.e.api.PatientController - GET /api/v2/encounters/48127 completed in 62ms user=dr.smith4@clinic.org
2026-10-09 14:05:17,198 INFO  [http-nio-8080-exec-19] c.e.api.PatientController - GET /api/v2/encounters/68219 completed in 101ms user=dr.smith9@clinic.org
2026-10-09 14:05:19,652 INFO  [http-nio-8080-exec-29] c.e.api.PatientController - GET /api/v2/encounters/65830 completed in 153ms user=dr.smith9@clinic.org
2026-10-09 14:05:20,247 INFO  [scheduler-1] c.e.jobs.SyncJob - Sync batch 136 done
2026-10-09 14:05:22,675 INFO  [http-nio-8080-exec-11] c.e.api.PatientController - GET /api/v2/encounters/32152 completed in 129ms user=dr.smith2@clinic.org
2026-10-09 14:05:24,797 INFO  [http-nio-8080-exec-14] c.e.api.PatientController - GET /api/v2/encounters/64947 completed in 48ms user=dr.smith2@clinic.org
2026-10-09 14:05:26,494 INFO  [http-nio-8080-exec-1] c.e.api.PatientController - GET /api/v2/encounters/67663 completed in 82ms user=dr.smith7@clinic.org
2026-10-09 14:05:28,682 INFO  [http-nio-8080-exec-18] c.e.api.PatientController - GET /api/v2/encounters/75847 completed in 67ms user=dr.smith9@clinic.org
2026-10-09 14:05:31,226 INFO  [http-nio-8080-exec-27] c.e.api.PatientController - GET /api/v2/encounters/40487 completed in 131ms user=dr.smith9@clinic.org
2026-10-09 14:05:34,847 INFO  [http-nio-8080-exec-21] c.e.api.PatientController - GET /api/v2/encounters/30920 completed in 30ms user=dr.smith4@clinic.org
2026-10-09 14:05:37,463 WARN  [http-nio-8080-exec-37] c.e.api.ReportService - Slow request /api/v2/reports took 2934ms
2026-10-09 14:05:38,600 WARN  [http-nio-8080-exec-22] c.e.api.ReportService - Slow request /api/v2/reports took 2193ms
2026-10-09 14:05:39,443 INFO  [http-nio-8080-exec-23] c.e.api.PatientController - GET /api/v2/encounters/40129 completed in 128ms user=dr.smith3@clinic.org
2026-10-09 14:05:42,545 INFO  [http-nio-8080-exec-20] c.e.api.PatientController - GET /api/v2/encounters/81768 completed in 92ms user=dr.smith8@clinic.org
2026-10-09 14:05:44,475 INFO  [http-nio-8080-exec-37] c.e.api.PatientController - GET /api/v2/encounters/38407 completed in 55ms user=dr.smith5@clinic.org
2026-10-09 14:05:47,529 INFO  [http-nio-8080-exec-19] c.e.api.PatientController - GET /api/v2/encounters/90949 completed in 155ms user=dr.smith9@clinic.org
2026-10-09 14:05:49,802 INFO  [http-nio-8080-exec-15] c.e.api.PatientController - GET /api/v2/encounters/1245 completed in 91ms user=dr.smith7@clinic.org
2026-10-09 14:05:51,918 INFO  [http-nio-8080-exec-22] c.e.api.PatientController - GET /api/v2/encounters/57071 completed in 26ms user=dr.smith7@clinic.org
2026-10-09 14:05:52,541 INFO  [http-nio-8080-exec-2] c.e.api.PatientController - GET /api/v2/encounters/37341 completed in 44ms user=dr.smith6@clinic.org
2026-10-09 14:05:55,676 INFO  [http-nio-8080-exec-11] c.e.api.PatientController - GET /api/v2/encounters/33688 completed in 53ms user=dr.smith9@clinic.org
2026-10-09 14:05:58,527 INFO  [http-nio-8080-exec-14] c.e.api.PatientController - GET /api/v2/encounters/15825 completed in 179ms user=dr.smith2@clinic.org
2026-10-09 14:05:59,665 INFO  [http-nio-8080-exec-7] c.e.api.PatientController - GET /api/v2/encounters/25732 completed in 138ms user=dr.smith4@clinic.org
2026-10-09 14:06:02,895 INFO  [http-nio-8080-exec-27] c.e.api.PatientController - GET /api/v2/encounters/79272 completed in 120ms user=dr.smith7@clinic.org
2026-10-09 14:06:04,475 INFO  [http-nio-8080-exec-12] c.e.api.PatientController - GET /api/v2/encounters/41920 completed in 79ms user=dr.smith2@clinic.org
2026-10-09 14:06:06,701 INFO  [http-nio-8080-exec-26] c.e.api.PatientController - GET /api/v2/encounters/51509 completed in 174ms user=dr.smith7@clinic.org
2026-10-09 14:06:08,445 INFO  [http-nio-8080-exec-30] c.e.api.PatientController - GET /api/v2/encounters/53175 completed in 76ms user=dr.smith4@clinic.org
2026-10-09 14:06:11,473 INFO  [http-nio-8080-exec-33] c.e.api.PatientController - GET /api/v2/encounters/14877 completed in 141ms user=dr.smith2@clinic.org
2026-10-09 14:06:12,616 INFO  [http-nio-8080-exec-17] c.e.api.PatientController - GET /api/v2/encounters/88273 completed in 42ms user=dr.smith7@clinic.org
2026-10-09 14:06:14,628 INFO  [http-nio-8080-exec-14] c.e.api.PatientController - GET /api/v2/encounters/82476 completed in 107ms user=dr.smith3@clinic.org
2026-10-09 14:06:16,417 WARN  [http-nio-8080-exec-24] c.e.api.ReportService - Slow request /api/v2/reports took 2368ms
2026-10-09 14:06:18,688 INFO  [http-nio-8080-exec-24] c.e.api.PatientController - GET /api/v2/encounters/95600 completed in 138ms user=dr.smith8@clinic.org
2026-10-09 14:06:20,414 INFO  [http-nio-8080-exec-8] c.e.api.PatientController - GET /api/v2/encounters/2636 completed in 140ms user=dr.smith7@clinic.org
2026-10-09 14:06:22,171 INFO  [http-nio-8080-exec-33] c.e.api.PatientController - GET /api/v2/encounters/69930 completed in 147ms user=dr.smith8@clinic.org
2026-10-09 14:06:24,431 INFO  [http-nio-8080-exec-14] c.e.api.PatientController - GET /api/v2/encounters/30656 completed in 22ms user=dr.smith9@clinic.org
2026-10-09 14:06:26,408 INFO  [http-nio-8080-exec-16] c.e.api.PatientController - GET /api/v2/encounters/32857 completed in 36ms user=dr.smith6@clinic.org
2026-10-09 14:06:28,285 INFO  [http-nio-8080-exec-28] c.e.api.PatientController - GET /api/v2/encounters/61249 completed in 22ms user=dr.smith3@clinic.org
2026-10-09 14:06:31,641 INFO  [http-nio-8080-exec-21] c.e.api.PatientController - GET /api/v2/encounters/50491 completed in 87ms user=dr.smith6@clinic.org
2026-10-09 14:06:32,829 INFO  [http-nio-8080-exec-36] c.e.api.PatientController - GET /api/v2/encounters/24011 completed in 120ms user=dr.smith5@clinic.org
2026-10-09 14:06:33,089 INFO  [http-nio-8080-exec-20] c.e.api.PatientController - GET /api/v2/encounters/68561 completed in 73ms user=dr.smith8@clinic.org
2026-10-09 14:06:35,807 INFO  [http-nio-8080-exec-15] c.e.api.PatientController - GET /api/v2/encounters/19164 completed in 50ms user=dr.smith7@clinic.org
2026-10-09 14:06:37,533 INFO  [http-nio-8080-exec-15] c.e.api.PatientController - GET /api/v2/encounters/49294 completed in 97ms user=dr.smith6@clinic.org
2026-10-09 14:06:38,193 INFO  [http-nio-8080-exec-19] c.e.api.PatientController - GET /api/v2/encounters/50672 completed in 163ms user=dr.smith1@clinic.org
2026-10-09 14:06:41,694 INFO  [http-nio-8080-exec-34] c.e.api.PatientController - GET /api/v2/encounters/82366 completed in 133ms user=dr.smith6@clinic.org
2026-10-09 14:06:43,157 INFO  [http-nio-8080-exec-2] c.e.api.PatientController - GET /api/v2/encounters/1855 completed in 116ms user=dr.smith3@clinic.org
2026-10-09 14:06:45,970 INFO  [http-nio-8080-exec-4] c.e.api.PatientController - GET /api/v2/encounters/9432 completed in 109ms user=dr.smith6@clinic.org
2026-10-09 14:06:47,604 INFO  [http-nio-8080-exec-10] c.e.api.PatientController - GET /api/v2/encounters/12516 completed in 51ms user=dr.smith8@clinic.org
2026-10-09 14:06:50,679 INFO  [http-nio-8080-exec-29] c.e.api.PatientController - GET /api/v2/encounters/57495 completed in 77ms user=dr.smith1@clinic.org
2026-10-09 14:06:51,789 INFO  [scheduler-1] c.e.jobs.SyncJob - Sync batch 416 done
2026-10-09 14:06:52,314 INFO  [http-nio-8080-exec-18] c.e.api.PatientController - GET /api/v2/encounters/19128 completed in 94ms user=dr.smith5@clinic.org
2026-10-09 14:06:54,907 INFO  [http-nio-8080-exec-29] c.e.api.PatientController - GET /api/v2/encounters/51469 completed in 97ms user=dr.smith9@clinic.org
2026-10-09 14:06:55,066 WARN  [http-nio-8080-exec-27] c.e.api.ReportService - Slow request /api/v2/reports took 1787ms
2026-10-09 14:06:58,512 WARN  [http-nio-8080-exec-12] c.e.api.ReportService - Slow request /api/v2/reports took 2083ms
2026-10-09 14:06:59,087 INFO  [http-nio-8080-exec-19] c.e.api.PatientController - GET /api/v2/encounters/75607 completed in 168ms user=dr.smith5@clinic.org
2026-10-09 14:07:02,292 INFO  [http-nio-8080-exec-21] c.e.api.PatientController - GET /api/v2/encounters/44577 completed in 73ms user=dr.smith7@clinic.org
2026-10-09 14:07:03,639 WARN  [http-nio-8080-exec-14] c.e.api.ReportService - Slow request /api/v2/reports took 2287ms
2026-10-09 14:07:05,193 INFO  [http-nio-8080-exec-1] c.e.api.PatientController - GET /api/v2/encounters/35670 completed in 78ms user=dr.smith2@clinic.org
2026-10-09 14:07:08,997 INFO  [http-nio-8080-exec-36] c.e.api.PatientController - GET /api/v2/encounters/57633 completed in 109ms user=dr.smith9@clinic.org
2026-10-09 14:07:09,520 INFO  [http-nio-8080-exec-4] c.e.api.PatientController - GET /api/v2/encounters/68688 completed in 119ms user=dr.smith6@clinic.org
2026-10-09 14:07:10,457 INFO  [http-nio-8080-exec-6] c.e.api.PatientController - GET /api/v2/encounters/66035 completed in 99ms user=dr.smith4@clinic.org
2026-10-09 14:07:12,004 WARN  [http-nio-8080-exec-6] c.e.api.ReportService - Slow request /api/v2/reports took 1983ms
2026-10-09 14:07:13,407 WARN  [http-nio-8080-exec-4] c.e.api.ReportService - Slow request /api/v2/reports took 1574ms
2026-10-09 14:07:16,737 INFO  [http-nio-8080-exec-28] c.e.api.PatientController - GET /api/v2/encounters/80615 completed in 170ms user=dr.smith7@clinic.org
2026-10-09 14:07:18,091 WARN  [http-nio-8080-exec-21] c.e.api.ReportService - Slow request /api/v2/reports took 2943ms
2026-10-09 14:07:20,696 INFO  [http-nio-8080-exec-12] c.e.api.PatientController - GET /api/v2/encounters/54634 completed in 79ms user=dr.smith9@clinic.org
2026-10-09 14:07:23,057 INFO  [http-nio-8080-exec-7] c.e.api.PatientController - GET /api/v2/encounters/74961 completed in 44ms user=dr.smith5@clinic.org
2026-10-09 14:07:25,688 INFO  [scheduler-1] c.e.jobs.SyncJob - Sync batch 636 done
2026-10-09 14:07:27,714 INFO  [http-nio-8080-exec-37] c.e.api.PatientController - GET /api/v2/encounters/36863 completed in 139ms user=dr.smith2@clinic.org
2026-10-09 14:07:30,106 INFO  [http-nio-8080-exec-39] c.e.api.PatientController - GET /api/v2/encounters/73784 completed in 120ms user=dr.smith4@clinic.org
2026-10-09 14:07:33,166 WARN  [http-nio-8080-exec-28] c.e.api.ReportService - Slow request /api/v2/reports took 2264ms
2026-10-09 14:07:34,737 INFO  [http-nio-8080-exec-15] c.e.api.PatientController - GET /api/v2/encounters/30719 completed in 85ms user=dr.smith6@clinic.org
2026-10-09 14:07:35,936 INFO  [http-nio-8080-exec-24] c.e.api.PatientController - GET /api/v2/encounters/4198 completed in 57ms user=dr.smith3@clinic.org
2026-10-09 14:07:37,670 INFO  [http-nio-8080-exec-19] c.e.api.PatientController - GET /api/v2/encounters/17930 completed in 131ms user=dr.smith4@clinic.org
2026-10-09 14:07:38,704 WARN  [http-nio-8080-exec-16] c.e.api.ReportService - Slow request /api/v2/reports took 1790ms
2026-10-09 14:07:40,636 INFO  [http-nio-8080-exec-16] c.e.api.PatientController - GET /api/v2/encounters/29204 completed in 129ms user=dr.smith3@clinic.org
2026-10-09 14:07:42,380 INFO  [http-nio-8080-exec-34] c.e.api.PatientController - GET /api/v2/encounters/70002 completed in 79ms user=dr.smith2@clinic.org
2026-10-09 14:07:44,301 INFO  [http-nio-8080-exec-1] c.e.api.PatientController - GET /api/v2/encounters/16686 completed in 30ms user=dr.smith3@clinic.org
2026-10-09 14:07:47,598 INFO  [http-nio-8080-exec-32] c.e.api.PatientController - GET /api/v2/encounters/76419 completed in 67ms user=dr.smith1@clinic.org
2026-10-09 14:07:49,919 WARN  [http-nio-8080-exec-5] c.e.api.ReportService - Slow request /api/v2/reports took 1663ms
2026-10-09 14:07:50,908 INFO  [http-nio-8080-exec-33] c.e.api.PatientController - GET /api/v2/encounters/91526 completed in 151ms user=dr.smith3@clinic.org
2026-10-09 14:07:52,553 INFO  [http-nio-8080-exec-36] c.e.api.PatientController - GET /api/v2/encounters/64743 completed in 156ms user=dr.smith5@clinic.org
2026-10-09 14:07:55,136 INFO  [http-nio-8080-exec-30] c.e.api.PatientController - GET /api/v2/encounters/79613 completed in 50ms user=dr.smith6@clinic.org
2026-10-09 14:07:57,470 INFO  [http-nio-8080-exec-17] c.e.api.PatientController - GET /api/v2/encounters/49709 completed in 158ms user=dr.smith4@clinic.org
2026-10-09 14:07:59,015 INFO  [http-nio-8080-exec-27] c.e.api.PatientController - GET /api/v2/encounters/65219 completed in 80ms user=dr.smith7@clinic.org
2026-10-09 14:08:01,140 INFO  [http-nio-8080-exec-16] c.e.api.PatientController - GET /api/v2/encounters/58010 completed in 61ms user=dr.smith7@clinic.org
2026-10-09 14:08:03,774 INFO  [http-nio-8080-exec-22] c.e.api.PatientController - GET /api/v2/encounters/82208 completed in 58ms user=dr.smith6@clinic.org
2026-10-09 14:08:04,281 INFO  [http-nio-8080-exec-31] c.e.api.PatientController - GET /api/v2/encounters/9824 completed in 104ms user=dr.smith4@clinic.org
2026-10-09 14:08:06,177 INFO  [http-nio-8080-exec-34] c.e.api.PatientController - GET /api/v2/encounters/22960 completed in 109ms user=dr.smith8@clinic.org
2026-10-09 14:08:08,110 INFO  [http-nio-8080-exec-37] c.e.api.PatientController - GET /api/v2/encounters/67253 completed in 75ms user=dr.smith2@clinic.org
2026-10-09 14:08:09,384 INFO  [http-nio-8080-exec-38] c.e.api.PatientController - GET /api/v2/encounters/91394 completed in 53ms user=dr.smith8@clinic.org
2026-10-09 14:08:10,145 WARN  [http-nio-8080-exec-20] c.e.api.ReportService - Slow request /api/v2/reports took 2586ms
2026-10-09 14:08:12,362 INFO  [http-nio-8080-exec-8] c.e.api.PatientController - GET /api/v2/encounters/26200 completed in 57ms user=dr.smith4@clinic.org
2026-10-09 14:08:14,825 WARN  [http-nio-8080-exec-16] c.e.api.ReportService - Slow request /api/v2/reports took 2693ms
2026-10-09 14:08:15,108 INFO  [http-nio-8080-exec-5] c.e.api.PatientController - GET /api/v2/encounters/12510 completed in 56ms user=dr.smith8@clinic.org
2026-10-09 14:08:17,766 INFO  [http-nio-8080-exec-21] c.e.api.PatientController - GET /api/v2/encounters/12905 completed in 33ms user=dr.smith1@clinic.org
2026-10-09 14:08:19,936 INFO  [http-nio-8080-exec-40] c.e.api.PatientController - GET /api/v2/encounters/52343 completed in 59ms user=dr.smith4@clinic.org
2026-10-09 14:08:22,756 INFO  [http-nio-8080-exec-10] c.e.api.PatientController - GET /api/v2/encounters/27003 completed in 87ms user=dr.smith9@clinic.org
2026-10-09 14:08:24,792 INFO  [http-nio-8080-exec-11] c.e.api.PatientController - GET /api/v2/encounters/1073 completed in 155ms user=dr.smith2@clinic.org
2026-10-09 14:08:27,518 INFO  [http-nio-8080-exec-26] c.e.api.PatientController - GET /api/v2/encounters/86727 completed in 52ms user=dr.smith3@clinic.org
2026-10-09 14:08:28,915 INFO  [http-nio-8080-exec-2] c.e.api.PatientController - GET /api/v2/encounters/41897 completed in 176ms user=dr.smith1@clinic.org
2026-10-09 14:08:30,649 INFO  [http-nio-8080-exec-2] c.e.api.PatientController - GET /api/v2/encounters/12846 completed in 161ms user=dr.smith7@clinic.org
2026-10-09 14:08:31,985 INFO  [http-nio-8080-exec-24] c.e.api.PatientController - GET /api/v2/encounters/35791 completed in 53ms user=dr.smith2@clinic.org
2026-10-09 14:08:33,212 INFO  [http-nio-8080-exec-29] c.e.api.PatientController - GET /api/v2/encounters/33878 completed in 50ms user=dr.smith7@clinic.org
2026-10-09 14:08:34,601 INFO  [http-nio-8080-exec-9] c.e.api.PatientController - GET /api/v2/encounters/55179 completed in 171ms user=dr.smith1@clinic.org
2026-10-09 14:08:36,118 INFO  [http-nio-8080-exec-3] c.e.api.PatientController - GET /api/v2/encounters/30080 completed in 167ms user=dr.smith5@clinic.org
2026-10-09 14:08:38,894 INFO  [http-nio-8080-exec-15] c.e.api.PatientController - GET /api/v2/encounters/69091 completed in 58ms user=dr.smith9@clinic.org
2026-10-09 14:08:41,013 INFO  [http-nio-8080-exec-39] c.e.api.PatientController - GET /api/v2/encounters/24616 completed in 72ms user=dr.smith8@clinic.org
2026-10-09 14:08:42,779 INFO  [http-nio-8080-exec-26] c.e.api.PatientController - GET /api/v2/encounters/66876 completed in 167ms user=dr.smith6@clinic.org
2026-10-09 14:08:45,248 INFO  [http-nio-8080-exec-25] c.e.api.PatientController - GET /api/v2/encounters/87158 completed in 159ms user=dr.smith3@clinic.org
2026-10-09 14:08:47,679 INFO  [http-nio-8080-exec-21] c.e.api.PatientController - GET /api/v2/encounters/14736 completed in 35ms user=dr.smith9@clinic.org
2026-10-09 14:08:49,779 INFO  [http-nio-8080-exec-17] c.e.api.PatientController - GET /api/v2/encounters/47275 completed in 30ms user=dr.smith6@clinic.org
2026-10-09 14:08:51,245 INFO  [http-nio-8080-exec-12] c.e.api.PatientController - GET /api/v2/encounters/63806 completed in 122ms user=dr.smith4@clinic.org
2026-10-09 14:08:53,780 INFO  [scheduler-1] c.e.jobs.SyncJob - Sync batch 129 done
2026-10-09 14:08:56,907 INFO  [http-nio-8080-exec-28] c.e.api.PatientController - GET /api/v2/encounters/9789 completed in 79ms user=dr.smith5@clinic.org
2026-10-09 14:08:59,951 INFO  [http-nio-8080-exec-2] c.e.api.PatientController - GET /api/v2/encounters/31744 completed in 164ms user=dr.smith5@clinic.org
2026-10-09 14:09:02,761 INFO  [http-nio-8080-exec-33] c.e.api.PatientController - GET /api/v2/encounters/98471 completed in 133ms user=dr.smith7@clinic.org
2026-10-09 14:09:04,028 WARN  [http-nio-8080-exec-1] c.e.api.ReportService - Slow request /api/v2/reports took 2215ms
2026-10-09 14:09:05,914 INFO  [http-nio-8080-exec-4] c.e.api.PatientController - GET /api/v2/encounters/32351 completed in 92ms user=dr.smith1@clinic.org
2026-10-09 14:09:08,137 INFO  [http-nio-8080-exec-18] c.e.api.PatientController - GET /api/v2/encounters/22498 completed in 84ms user=dr.smith5@clinic.org
2026-10-09 14:09:10,676 INFO  [http-nio-8080-exec-32] c.e.api.PatientController - GET /api/v2/encounters/80282 completed in 113ms user=dr.smith3@clinic.org
2026-10-09 14:09:13,545 WARN  [http-nio-8080-exec-34] c.e.api.ReportService - Slow request /api/v2/reports took 2722ms
2026-10-09 14:09:14,088 INFO  [http-nio-8080-exec-3] c.e.api.PatientController - GET /api/v2/encounters/42574 completed in 163ms user=dr.smith5@clinic.org
2026-10-09 14:09:17,035 INFO  [http-nio-8080-exec-22] c.e.api.PatientController - GET /api/v2/encounters/41307 completed in 138ms user=dr.smith1@clinic.org
2026-10-09 14:09:19,402 INFO  [http-nio-8080-exec-28] c.e.api.PatientController - GET /api/v2/encounters/28604 completed in 145ms user=dr.smith2@clinic.org
2026-10-09 14:09:21,032 INFO  [http-nio-8080-exec-36] c.e.api.PatientController - GET /api/v2/encounters/25126 completed in 105ms user=dr.smith1@clinic.org
2026-10-09 14:09:22,218 INFO  [http-nio-8080-exec-32] c.e.api.PatientController - GET /api/v2/encounters/2802 completed in 69ms user=dr.smith2@clinic.org
2026-10-09 14:09:23,872 INFO  [http-nio-8080-exec-29] c.e.api.PatientController - GET /api/v2/encounters/8420 completed in 161ms user=dr.smith3@clinic.org
2026-10-09 14:09:25,373 INFO  [http-nio-8080-exec-10] c.e.api.PatientController - GET /api/v2/encounters/44576 completed in 38ms user=dr.smith6@clinic.org
2026-10-09 14:09:27,182 INFO  [http-nio-8080-exec-9] c.e.api.PatientController - GET /api/v2/encounters/38148 completed in 128ms user=dr.smith2@clinic.org
2026-10-09 14:09:30,143 INFO  [http-nio-8080-exec-14] c.e.api.PatientController - GET /api/v2/encounters/76522 completed in 172ms user=dr.smith2@clinic.org
2026-10-09 14:09:31,508 INFO  [http-nio-8080-exec-23] c.e.api.PatientController - GET /api/v2/encounters/75219 completed in 173ms user=dr.smith5@clinic.org
2026-10-09 14:09:34,341 INFO  [http-nio-8080-exec-29] c.e.api.PatientController - GET /api/v2/encounters/40516 completed in 21ms user=dr.smith4@clinic.org
2026-10-09 14:09:36,594 INFO  [http-nio-8080-exec-4] c.e.api.PatientController - GET /api/v2/encounters/14829 completed in 56ms user=dr.smith2@clinic.org
2026-10-09 14:09:39,696 INFO  [http-nio-8080-exec-5] c.e.api.PatientController - GET /api/v2/encounters/88250 completed in 92ms user=dr.smith9@clinic.org
2026-10-09 14:09:42,332 INFO  [http-nio-8080-exec-6] c.e.api.PatientController - GET /api/v2/encounters/74124 completed in 48ms user=dr.smith9@clinic.org
2026-10-09 14:09:43,299 INFO  [scheduler-1] c.e.jobs.SyncJob - Sync batch 442 done
2026-10-09 14:09:46,275 INFO  [http-nio-8080-exec-18] c.e.api.PatientController - GET /api/v2/encounters/26177 completed in 170ms user=dr.smith1@clinic.org
2026-10-09 14:09:47,066 INFO  [http-nio-8080-exec-14] c.e.api.PatientController - GET /api/v2/encounters/86394 completed in 21ms user=dr.smith8@clinic.org
2026-10-09 14:09:48,826 INFO  [http-nio-8080-exec-5] c.e.api.PatientController - GET /api/v2/encounters/8952 completed in 26ms user=dr.smith1@clinic.org
2026-10-09 14:09:51,383 INFO  [http-nio-8080-exec-6] c.e.api.PatientController - GET /api/v2/encounters/92841 completed in 74ms user=dr.smith9@clinic.org
2026-10-09 14:09:52,039 INFO  [http-nio-8080-exec-8] c.e.api.PatientController - GET /api/v2/encounters/94340 completed in 82ms user=dr.smith1@clinic.org
2026-10-09 14:09:54,632 INFO  [http-nio-8080-exec-18] c.e.api.PatientController - GET /api/v2/encounters/7357 completed in 145ms user=dr.smith6@clinic.org
2026-10-09 14:09:56,270 INFO  [http-nio-8080-exec-27] c.e.api.PatientController - GET /api/v2/encounters/24721 completed in 55ms user=dr.smith9@clinic.org
2026-10-09 14:09:58,830 WARN  [http-nio-8080-exec-23] c.e.api.ReportService - Slow request /api/v2/reports took 1591ms
2026-10-09 14:10:01,800 INFO  [http-nio-8080-exec-17] c.e.api.PatientController - GET /api/v2/encounters/40292 completed in 143ms user=dr.smith9@clinic.org
2026-10-09 14:10:03,860 INFO  [http-nio-8080-exec-39] c.e.api.PatientController - GET /api/v2/encounters/73119 completed in 151ms user=dr.smith4@clinic.org
2026-10-09 14:10:05,361 INFO  [http-nio-8080-exec-29] c.e.api.PatientController - GET /api/v2/encounters/24101 completed in 82ms user=dr.smith2@clinic.org
2026-10-09 14:10:08,400 INFO  [http-nio-8080-exec-25] c.e.api.PatientController - GET /api/v2/encounters/60535 completed in 153ms user=dr.smith3@clinic.org
2026-10-09 14:10:09,912 INFO  [http-nio-8080-exec-34] c.e.api.PatientController - GET /api/v2/encounters/54193 completed in 57ms user=dr.smith1@clinic.org
2026-10-09 14:10:11,434 INFO  [http-nio-8080-exec-34] c.e.api.PatientController - GET /api/v2/encounters/56696 completed in 71ms user=dr.smith5@clinic.org
2026-10-09 14:10:13,313 WARN  [http-nio-8080-exec-13] c.e.api.ReportService - Slow request /api/v2/reports took 2718ms
2026-10-09 14:10:15,640 INFO  [http-nio-8080-exec-8] c.e.api.PatientController - GET /api/v2/encounters/15966 completed in 63ms user=dr.smith2@clinic.org
2026-10-09 14:10:17,624 INFO  [http-nio-8080-exec-16] c.e.api.PatientController - GET /api/v2/encounters/66727 completed in 23ms user=dr.smith6@clinic.org
2026-10-09 14:10:20,605 INFO  [http-nio-8080-exec-11] c.e.api.PatientController - GET /api/v2/encounters/60002 completed in 34ms user=dr.smith3@clinic.org
2026-10-09 14:10:22,018 INFO  [http-nio-8080-exec-11] c.e.api.PatientController - GET /api/v2/encounters/53394 completed in 84ms user=dr.smith4@clinic.org
2026-10-09 14:10:25,278 INFO  [http-nio-8080-exec-40] c.e.api.PatientController - GET /api/v2/encounters/17018 completed in 123ms user=dr.smith6@clinic.org
2026-10-09 14:10:26,014 INFO  [scheduler-1] c.e.jobs.SyncJob - Sync batch 589 done
2026-10-09 14:10:28,186 INFO  [http-nio-8080-exec-19] c.e.api.PatientController - GET /api/v2/encounters/33101 completed in 73ms user=dr.smith4@clinic.org
2026-10-09 14:10:30,279 INFO  [http-nio-8080-exec-35] c.e.api.PatientController - GET /api/v2/encounters/34222 completed in 92ms user=dr.smith5@clinic.org
2026-10-09 14:10:33,231 INFO  [http-nio-8080-exec-12] c.e.api.PatientController - GET /api/v2/encounters/68547 completed in 122ms user=dr.smith8@clinic.org
2026-10-09 14:10:35,904 INFO  [http-nio-8080-exec-8] c.e.api.PatientController - GET /api/v2/encounters/96313 completed in 27ms user=dr.smith9@clinic.org
2026-10-09 14:10:37,201 INFO  [http-nio-8080-exec-35] c.e.api.PatientController - GET /api/v2/encounters/61040 completed in 130ms user=dr.smith5@clinic.org
2026-10-09 14:10:39,917 INFO  [scheduler-1] c.e.jobs.SyncJob - Sync batch 416 done
2026-10-09 14:10:41,002 INFO  [http-nio-8080-exec-39] c.e.api.PatientController - GET /api/v2/encounters/1498 completed in 89ms user=dr.smith1@clinic.org
2026-10-09 14:10:42,310 INFO  [http-nio-8080-exec-25] c.e.api.PatientController - GET /api/v2/encounters/54401 completed in 43ms user=dr.smith3@clinic.org
2026-10-09 14:10:43,646 INFO  [http-nio-8080-exec-34] c.e.api.PatientController - GET /api/v2/encounters/52742 completed in 85ms user=dr.smith3@clinic.org
2026-10-09 14:10:46,651 INFO  [http-nio-8080-exec-34] c.e.api.PatientController - GET /api/v2/encounters/12543 completed in 122ms user=dr.smith4@clinic.org
2026-10-09 14:10:48,992 INFO  [http-nio-8080-exec-20] c.e.api.PatientController - GET /api/v2/encounters/63064 completed in 102ms user=dr.smith2@clinic.org
2026-10-09 14:10:50,423 INFO  [http-nio-8080-exec-13] c.e.api.PatientController - GET /api/v2/encounters/19723 completed in 62ms user=dr.smith4@clinic.org
2026-10-09 14:10:50,423 ERROR [metrics-1] c.e.metrics.StatsdClient - Failed to send metrics to statsd 10.0.0.9:8125: Connection refused
2026-10-09 14:10:52,309 INFO  [http-nio-8080-exec-36] c.e.api.PatientController - GET /api/v2/encounters/51205 completed in 137ms user=dr.smith1@clinic.org
2026-10-09 14:10:54,325 INFO  [http-nio-8080-exec-4] c.e.api.PatientController - GET /api/v2/encounters/58863 completed in 143ms user=dr.smith8@clinic.org
2026-10-09 14:10:57,968 WARN  [http-nio-8080-exec-31] c.e.api.ReportService - Slow request /api/v2/reports took 2511ms
2026-10-09 14:10:59,060 INFO  [http-nio-8080-exec-24] c.e.api.PatientController - GET /api/v2/encounters/44473 completed in 92ms user=dr.smith3@clinic.org
2026-10-09 14:11:01,698 INFO  [http-nio-8080-exec-30] c.e.api.PatientController - GET /api/v2/encounters/17738 completed in 175ms user=dr.smith9@clinic.org
2026-10-09 14:11:02,667 INFO  [http-nio-8080-exec-33] c.e.api.PatientController - GET /api/v2/encounters/10937 completed in 144ms user=dr.smith6@clinic.org
2026-10-09 14:11:05,812 INFO  [http-nio-8080-exec-18] c.e.api.PatientController - GET /api/v2/encounters/58813 completed in 136ms user=dr.smith2@clinic.org
2026-10-09 14:11:07,088 INFO  [http-nio-8080-exec-2] c.e.api.PatientController - GET /api/v2/encounters/70309 completed in 33ms user=dr.smith7@clinic.org
2026-10-09 14:11:08,887 INFO  [http-nio-8080-exec-9] c.e.api.PatientController - GET /api/v2/encounters/72276 completed in 102ms user=dr.smith9@clinic.org
2026-10-09 14:11:10,349 INFO  [http-nio-8080-exec-25] c.e.api.PatientController - GET /api/v2/encounters/7575 completed in 49ms user=dr.smith3@clinic.org
2026-10-09 14:11:12,542 INFO  [http-nio-8080-exec-20] c.e.api.PatientController - GET /api/v2/encounters/27735 completed in 61ms user=dr.smith7@clinic.org
2026-10-09 14:11:15,952 INFO  [http-nio-8080-exec-16] c.e.api.PatientController - GET /api/v2/encounters/71005 completed in 74ms user=dr.smith4@clinic.org
2026-10-09 14:11:18,708 INFO  [http-nio-8080-exec-14] c.e.api.PatientController - GET /api/v2/encounters/32207 completed in 159ms user=dr.smith3@clinic.org
2026-10-09 14:11:20,245 INFO  [http-nio-8080-exec-27] c.e.api.PatientController - GET /api/v2/encounters/5681 completed in 80ms user=dr.smith8@clinic.org
2026-10-09 14:11:22,245 INFO  [http-nio-8080-exec-28] c.e.api.PatientController - GET /api/v2/encounters/55884 completed in 75ms user=dr.smith3@clinic.org
2026-10-09 14:11:24,329 INFO  [http-nio-8080-exec-1] c.e.api.PatientController - GET /api/v2/encounters/28835 completed in 85ms user=dr.smith1@clinic.org
2026-10-09 14:11:25,204 WARN  [http-nio-8080-exec-40] c.e.api.ReportService - Slow request /api/v2/reports took 2127ms
2026-10-09 14:11:28,556 INFO  [http-nio-8080-exec-21] c.e.api.PatientController - GET /api/v2/encounters/69735 completed in 33ms user=dr.smith6@clinic.org
2026-10-09 14:11:29,146 INFO  [http-nio-8080-exec-27] c.e.api.PatientController - GET /api/v2/encounters/44370 completed in 119ms user=dr.smith2@clinic.org
2026-10-09 14:11:32,169 INFO  [http-nio-8080-exec-33] c.e.api.PatientController - GET /api/v2/encounters/64050 completed in 147ms user=dr.smith5@clinic.org
2026-10-09 14:11:34,217 INFO  [http-nio-8080-exec-11] c.e.api.PatientController - GET /api/v2/encounters/91813 completed in 112ms user=dr.smith6@clinic.org
2026-10-09 14:11:37,266 INFO  [http-nio-8080-exec-12] c.e.api.PatientController - GET /api/v2/encounters/79456 completed in 84ms user=dr.smith8@clinic.org
2026-10-09 14:11:38,043 INFO  [http-nio-8080-exec-16] c.e.api.PatientController - GET /api/v2/encounters/24275 completed in 77ms user=dr.smith3@clinic.org
2026-10-09 14:11:41,242 INFO  [http-nio-8080-exec-30] c.e.api.PatientController - GET /api/v2/encounters/36668 completed in 128ms user=dr.smith2@clinic.org
2026-10-09 14:11:44,883 WARN  [http-nio-8080-exec-18] c.e.api.ReportService - Slow request /api/v2/reports took 1958ms
2026-10-09 14:11:46,395 INFO  [http-nio-8080-exec-35] c.e.api.PatientController - GET /api/v2/encounters/72148 completed in 176ms user=dr.smith3@clinic.org
2026-10-09 14:11:49,243 INFO  [http-nio-8080-exec-26] c.e.api.PatientController - GET /api/v2/encounters/36889 completed in 65ms user=dr.smith5@clinic.org
2026-10-09 14:11:51,759 WARN  [http-nio-8080-exec-23] c.e.api.ReportService - Slow request /api/v2/reports took 2487ms
2026-10-09 14:11:52,190 INFO  [http-nio-8080-exec-35] c.e.api.PatientController - GET /api/v2/encounters/48490 completed in 79ms user=dr.smith9@clinic.org
2026-10-09 14:11:55,181 INFO  [http-nio-8080-exec-13] c.e.api.PatientController - GET /api/v2/encounters/96251 completed in 149ms user=dr.smith4@clinic.org
2026-10-09 14:11:57,584 INFO  [http-nio-8080-exec-24] c.e.api.PatientController - GET /api/v2/encounters/40587 completed in 133ms user=dr.smith7@clinic.org
2026-10-09 14:12:00,450 INFO  [http-nio-8080-exec-40] c.e.api.PatientController - GET /api/v2/encounters/93778 completed in 116ms user=dr.smith5@clinic.org
2026-10-09 14:12:02,564 WARN  [http-nio-8080-exec-16] c.e.api.ReportService - Slow request /api/v2/reports took 2294ms
2026-10-09 14:12:04,822 INFO  [http-nio-8080-exec-35] c.e.api.PatientController - GET /api/v2/encounters/1834 completed in 86ms user=dr.smith2@clinic.org
2026-10-09 14:12:06,265 INFO  [http-nio-8080-exec-23] c.e.api.PatientController - GET /api/v2/encounters/29697 completed in 40ms user=dr.smith7@clinic.org
2026-10-09 14:12:08,440 INFO  [http-nio-8080-exec-23] c.e.api.PatientController - GET /api/v2/encounters/40690 completed in 79ms user=dr.smith7@clinic.org
2026-10-09 14:12:11,960 INFO  [http-nio-8080-exec-18] c.e.api.PatientController - GET /api/v2/encounters/88875 completed in 22ms user=dr.smith8@clinic.org
2026-10-09 14:12:12,265 INFO  [http-nio-8080-exec-10] c.e.api.PatientController - GET /api/v2/encounters/25802 completed in 23ms user=dr.smith7@clinic.org
2026-10-09 14:12:15,500 INFO  [http-nio-8080-exec-10] c.e.api.PatientController - GET /api/v2/encounters/50337 completed in 56ms user=dr.smith5@clinic.org
2026-10-09 14:12:15,500 WARN  [gc-monitor] c.e.jvm.GcWatcher - [Full GC (Allocation Failure) 3980M->3975M(4096M), 4.21 secs] heap at 97%
2026-10-09 14:12:17,176 INFO  [http-nio-8080-exec-39] c.e.api.PatientController - GET /api/v2/encounters/50604 completed in 102ms user=dr.smith5@clinic.org
2026-10-09 14:12:19,263 INFO  [http-nio-8080-exec-15] c.e.api.PatientController - GET /api/v2/encounters/7305 completed in 28ms user=dr.smith1@clinic.org
2026-10-09 14:12:21,667 INFO  [http-nio-8080-exec-18] c.e.api.PatientController - GET /api/v2/encounters/38733 completed in 122ms user=dr.smith8@clinic.org
2026-10-09 14:12:23,553 WARN  [http-nio-8080-exec-12] c.e.api.ReportService - Slow request /api/v2/reports took 2779ms
2026-10-09 14:12:24,689 INFO  [http-nio-8080-exec-8] c.e.api.PatientController - GET /api/v2/encounters/72159 completed in 107ms user=dr.smith4@clinic.org
2026-10-09 14:12:26,316 INFO  [http-nio-8080-exec-12] c.e.api.PatientController - GET /api/v2/encounters/13989 completed in 175ms user=dr.smith6@clinic.org
2026-10-09 14:12:29,535 INFO  [http-nio-8080-exec-5] c.e.api.PatientController - GET /api/v2/encounters/44875 completed in 106ms user=dr.smith4@clinic.org
2026-10-09 14:12:32,917 WARN  [http-nio-8080-exec-32] c.e.api.ReportService - Slow request /api/v2/reports took 2716ms
2026-10-09 14:12:33,048 INFO  [http-nio-8080-exec-2] c.e.api.PatientController - GET /api/v2/encounters/79840 completed in 162ms user=dr.smith2@clinic.org
2026-10-09 14:12:35,972 INFO  [http-nio-8080-exec-5] c.e.api.PatientController - GET /api/v2/encounters/27975 completed in 41ms user=dr.smith9@clinic.org
2026-10-09 14:12:37,869 INFO  [http-nio-8080-exec-13] c.e.api.PatientController - GET /api/v2/encounters/24402 completed in 70ms user=dr.smith2@clinic.org
2026-10-09 14:12:39,489 INFO  [http-nio-8080-exec-12] c.e.api.PatientController - GET /api/v2/encounters/80175 completed in 141ms user=dr.smith3@clinic.org
2026-10-09 14:12:41,345 INFO  [http-nio-8080-exec-32] c.e.api.PatientController - GET /api/v2/encounters/51010 completed in 158ms user=dr.smith5@clinic.org
2026-10-09 14:12:42,363 WARN  [http-nio-8080-exec-30] c.e.api.ReportService - Slow request /api/v2/reports took 2631ms
2026-10-09 14:12:44,458 INFO  [scheduler-1] c.e.jobs.SyncJob - Sync batch 666 done
2026-10-09 14:12:47,567 INFO  [http-nio-8080-exec-22] c.e.api.PatientController - GET /api/v2/encounters/12705 completed in 44ms user=dr.smith6@clinic.org
2026-10-09 14:12:48,359 WARN  [http-nio-8080-exec-11] c.e.api.ReportService - Slow request /api/v2/reports took 2568ms
2026-10-09 14:12:50,209 INFO  [http-nio-8080-exec-1] c.e.api.PatientController - GET /api/v2/encounters/85511 completed in 26ms user=dr.smith7@clinic.org
2026-10-09 14:12:51,102 INFO  [http-nio-8080-exec-31] c.e.api.PatientController - GET /api/v2/encounters/45585 completed in 162ms user=dr.smith4@clinic.org
2026-10-09 14:12:54,990 WARN  [http-nio-8080-exec-13] c.e.api.ReportService - Slow request /api/v2/reports took 1863ms
2026-10-09 14:12:57,747 WARN  [http-nio-8080-exec-10] c.e.api.ReportService - Slow request /api/v2/reports took 2536ms
2026-10-09 14:12:58,135 INFO  [http-nio-8080-exec-16] c.e.api.PatientController - GET /api/v2/encounters/48443 completed in 101ms user=dr.smith7@clinic.org
2026-10-09 14:12:59,825 INFO  [http-nio-8080-exec-38] c.e.api.PatientController - GET /api/v2/encounters/34068 completed in 125ms user=dr.smith7@clinic.org
2026-10-09 14:13:01,396 INFO  [http-nio-8080-exec-19] c.e.api.PatientController - GET /api/v2/encounters/90950 completed in 41ms user=dr.smith8@clinic.org
2026-10-09 14:13:01,396 WARN  [gc-monitor] c.e.jvm.GcWatcher - [Full GC (Allocation Failure) 3980M->3975M(4096M), 4.21 secs] heap at 97%
2026-10-09 14:13:03,725 INFO  [http-nio-8080-exec-38] c.e.api.PatientController - GET /api/v2/encounters/89690 completed in 123ms user=dr.smith7@clinic.org
2026-10-09 14:13:05,300 WARN  [http-nio-8080-exec-3] c.e.api.ReportService - Slow request /api/v2/reports took 2381ms
2026-10-09 14:13:08,414 INFO  [http-nio-8080-exec-30] c.e.api.PatientController - GET /api/v2/encounters/49849 completed in 76ms user=dr.smith3@clinic.org
2026-10-09 14:13:10,549 INFO  [http-nio-8080-exec-30] c.e.api.PatientController - GET /api/v2/encounters/2874 completed in 74ms user=dr.smith3@clinic.org
2026-10-09 14:13:13,670 INFO  [http-nio-8080-exec-4] c.e.api.PatientController - GET /api/v2/encounters/43490 completed in 43ms user=dr.smith6@clinic.org
2026-10-09 14:13:14,130 INFO  [http-nio-8080-exec-35] c.e.api.PatientController - GET /api/v2/encounters/36744 completed in 40ms user=dr.smith1@clinic.org
2026-10-09 14:13:16,912 WARN  [http-nio-8080-exec-16] c.e.api.ReportService - Slow request /api/v2/reports took 2857ms
2026-10-09 14:13:18,477 INFO  [http-nio-8080-exec-32] c.e.api.PatientController - GET /api/v2/encounters/7392 completed in 74ms user=dr.smith6@clinic.org
2026-10-09 14:13:21,572 INFO  [http-nio-8080-exec-32] c.e.api.PatientController - GET /api/v2/encounters/7206 completed in 23ms user=dr.smith1@clinic.org
2026-10-09 14:13:23,461 INFO  [http-nio-8080-exec-8] c.e.api.PatientController - GET /api/v2/encounters/67431 completed in 92ms user=dr.smith5@clinic.org
2026-10-09 14:13:24,862 INFO  [http-nio-8080-exec-25] c.e.api.PatientController - GET /api/v2/encounters/76156 completed in 169ms user=dr.smith5@clinic.org
2026-10-09 14:13:27,628 INFO  [http-nio-8080-exec-30] c.e.api.PatientController - GET /api/v2/encounters/7107 completed in 83ms user=dr.smith6@clinic.org
2026-10-09 14:13:29,584 INFO  [http-nio-8080-exec-24] c.e.api.PatientController - GET /api/v2/encounters/81937 completed in 169ms user=dr.smith8@clinic.org
2026-10-09 14:13:30,913 INFO  [http-nio-8080-exec-23] c.e.api.PatientController - GET /api/v2/encounters/90627 completed in 145ms user=dr.smith3@clinic.org
2026-10-09 14:13:33,964 INFO  [scheduler-1] c.e.jobs.SyncJob - Sync batch 681 done
2026-10-09 14:13:35,611 INFO  [http-nio-8080-exec-2] c.e.api.PatientController - GET /api/v2/encounters/48667 completed in 137ms user=dr.smith6@clinic.org
2026-10-09 14:13:38,102 INFO  [http-nio-8080-exec-9] c.e.api.PatientController - GET /api/v2/encounters/72197 completed in 52ms user=dr.smith5@clinic.org
2026-10-09 14:13:40,269 INFO  [http-nio-8080-exec-26] c.e.api.PatientController - GET /api/v2/encounters/43703 completed in 101ms user=dr.smith1@clinic.org
2026-10-09 14:13:41,706 INFO  [http-nio-8080-exec-22] c.e.api.PatientController - GET /api/v2/encounters/19585 completed in 40ms user=dr.smith4@clinic.org
2026-10-09 14:13:44,822 INFO  [http-nio-8080-exec-14] c.e.api.PatientController - GET /api/v2/encounters/44316 completed in 52ms user=dr.smith6@clinic.org
2026-10-09 14:13:45,816 INFO  [http-nio-8080-exec-22] c.e.api.PatientController - GET /api/v2/encounters/88636 completed in 92ms user=dr.smith4@clinic.org
2026-10-09 14:13:48,404 WARN  [http-nio-8080-exec-21] c.e.api.ReportService - Slow request /api/v2/reports took 2080ms
2026-10-09 14:13:48,404 WARN  [gc-monitor] c.e.jvm.GcWatcher - [Full GC (Allocation Failure) 3980M->3975M(4096M), 4.21 secs] heap at 97%
2026-10-09 14:13:50,593 INFO  [http-nio-8080-exec-26] c.e.api.PatientController - GET /api/v2/encounters/30696 completed in 76ms user=dr.smith3@clinic.org
2026-10-09 14:13:53,336 INFO  [scheduler-1] c.e.jobs.SyncJob - Sync batch 815 done
2026-10-09 14:13:55,721 INFO  [http-nio-8080-exec-5] c.e.api.PatientController - GET /api/v2/encounters/35232 completed in 151ms user=dr.smith2@clinic.org
2026-10-09 14:13:55,721 WARN  [gc-monitor] c.e.jvm.GcWatcher - [Full GC (Allocation Failure) 3980M->3975M(4096M), 4.21 secs] heap at 97%
2026-10-09 14:13:58,174 INFO  [http-nio-8080-exec-18] c.e.api.PatientController - GET /api/v2/encounters/21999 completed in 74ms user=dr.smith9@clinic.org
2026-10-09 14:14:00,925 INFO  [http-nio-8080-exec-10] c.e.api.PatientController - GET /api/v2/encounters/62074 completed in 38ms user=dr.smith8@clinic.org
2026-10-09 14:14:02,012 INFO  [http-nio-8080-exec-35] c.e.api.PatientController - GET /api/v2/encounters/26431 completed in 54ms user=dr.smith6@clinic.org
2026-10-09 14:14:04,196 INFO  [http-nio-8080-exec-23] c.e.api.PatientController - GET /api/v2/encounters/5510 completed in 152ms user=dr.smith6@clinic.org
2026-10-09 14:14:05,988 INFO  [http-nio-8080-exec-23] c.e.api.PatientController - GET /api/v2/encounters/75999 completed in 173ms user=dr.smith2@clinic.org
2026-10-09 14:14:08,457 INFO  [http-nio-8080-exec-36] c.e.api.PatientController - GET /api/v2/encounters/57255 completed in 78ms user=dr.smith9@clinic.org
2026-10-09 14:14:10,406 INFO  [http-nio-8080-exec-27] c.e.api.PatientController - GET /api/v2/encounters/30942 completed in 153ms user=dr.smith8@clinic.org
2026-10-09 14:14:11,772 INFO  [http-nio-8080-exec-14] c.e.api.PatientController - GET /api/v2/encounters/76535 completed in 85ms user=dr.smith8@clinic.org
2026-10-09 14:14:13,074 INFO  [http-nio-8080-exec-21] c.e.api.PatientController - GET /api/v2/encounters/51283 completed in 49ms user=dr.smith3@clinic.org
2026-10-09 14:14:15,156 INFO  [http-nio-8080-exec-33] c.e.api.PatientController - GET /api/v2/encounters/84524 completed in 100ms user=dr.smith3@clinic.org
2026-10-09 14:14:17,055 INFO  [http-nio-8080-exec-17] c.e.api.PatientController - GET /api/v2/encounters/38362 completed in 163ms user=dr.smith7@clinic.org
2026-10-09 14:14:19,665 INFO  [http-nio-8080-exec-15] c.e.api.PatientController - GET /api/v2/encounters/99049 completed in 159ms user=dr.smith4@clinic.org
2026-10-09 14:14:21,318 INFO  [http-nio-8080-exec-36] c.e.api.PatientController - GET /api/v2/encounters/56762 completed in 76ms user=dr.smith9@clinic.org
2026-10-09 14:14:23,917 INFO  [scheduler-1] c.e.jobs.SyncJob - Sync batch 307 done
2026-10-09 14:14:25,330 INFO  [http-nio-8080-exec-39] c.e.api.PatientController - GET /api/v2/encounters/81948 completed in 45ms user=dr.smith1@clinic.org
2026-10-09 14:14:26,505 INFO  [http-nio-8080-exec-19] c.e.api.PatientController - GET /api/v2/encounters/42403 completed in 51ms user=dr.smith8@clinic.org
2026-10-09 14:14:26,505 WARN  [gc-monitor] c.e.jvm.GcWatcher - [Full GC (Allocation Failure) 3980M->3975M(4096M), 4.21 secs] heap at 97%
2026-10-09 14:14:29,753 INFO  [http-nio-8080-exec-2] c.e.api.PatientController - GET /api/v2/encounters/70930 completed in 80ms user=dr.smith1@clinic.org
2026-10-09 14:14:29,753 WARN  [gc-monitor] c.e.jvm.GcWatcher - [Full GC (Allocation Failure) 3980M->3975M(4096M), 4.21 secs] heap at 97%
2026-10-09 14:14:32,548 INFO  [http-nio-8080-exec-39] c.e.api.PatientController - GET /api/v2/encounters/12989 completed in 79ms user=dr.smith7@clinic.org
2026-10-09 14:14:32,548 WARN  [gc-monitor] c.e.jvm.GcWatcher - [Full GC (Allocation Failure) 3980M->3975M(4096M), 4.21 secs] heap at 97%
2026-10-09 14:14:34,812 INFO  [http-nio-8080-exec-24] c.e.api.PatientController - GET /api/v2/encounters/66219 completed in 91ms user=dr.smith8@clinic.org
2026-10-09 14:14:35,554 INFO  [scheduler-1] c.e.jobs.SyncJob - Sync batch 256 done
2026-10-09 14:14:37,081 INFO  [http-nio-8080-exec-21] c.e.api.PatientController - GET /api/v2/encounters/88702 completed in 25ms user=dr.smith3@clinic.org
2026-10-09 14:14:39,083 WARN  [http-nio-8080-exec-14] c.e.api.ReportService - Slow request /api/v2/reports took 1763ms
2026-10-09 14:14:42,987 INFO  [http-nio-8080-exec-23] c.e.api.PatientController - GET /api/v2/encounters/10167 completed in 26ms user=dr.smith1@clinic.org
2026-10-09 14:14:42,987 WARN  [gc-monitor] c.e.jvm.GcWatcher - [Full GC (Allocation Failure) 3980M->3975M(4096M), 4.21 secs] heap at 97%
2026-10-09 14:14:44,648 INFO  [http-nio-8080-exec-31] c.e.api.PatientController - GET /api/v2/encounters/59867 completed in 103ms user=dr.smith1@clinic.org
2026-10-09 14:14:45,557 INFO  [http-nio-8080-exec-34] c.e.api.PatientController - GET /api/v2/encounters/10903 completed in 31ms user=dr.smith7@clinic.org
2026-10-09 14:14:47,918 INFO  [http-nio-8080-exec-40] c.e.api.PatientController - GET /api/v2/encounters/61255 completed in 111ms user=dr.smith1@clinic.org
2026-10-09 14:14:48,539 INFO  [http-nio-8080-exec-4] c.e.api.PatientController - GET /api/v2/encounters/3024 completed in 38ms user=dr.smith2@clinic.org
2026-10-09 14:14:50,869 INFO  [http-nio-8080-exec-36] c.e.api.PatientController - GET /api/v2/encounters/71630 completed in 80ms user=dr.smith5@clinic.org
2026-10-09 14:14:53,536 INFO  [http-nio-8080-exec-27] c.e.api.PatientController - GET /api/v2/encounters/86797 completed in 172ms user=dr.smith6@clinic.org
2026-10-09 14:14:55,930 INFO  [http-nio-8080-exec-36] c.e.api.PatientController - GET /api/v2/encounters/75329 completed in 24ms user=dr.smith8@clinic.org
2026-10-09 14:14:58,197 INFO  [http-nio-8080-exec-31] c.e.api.PatientController - GET /api/v2/encounters/77672 completed in 22ms user=dr.smith8@clinic.org
2026-10-09 14:15:00,611 WARN  [http-nio-8080-exec-33] c.e.api.ReportService - Slow request /api/v2/reports took 1734ms
2026-10-09 14:15:00,611 ERROR [metrics-1] c.e.metrics.StatsdClient - Failed to send metrics to statsd 10.0.0.9:8125: Connection refused
2026-10-09 14:15:02,755 INFO  [http-nio-8080-exec-20] c.e.api.PatientController - GET /api/v2/encounters/71032 completed in 59ms user=dr.smith7@clinic.org
2026-10-09 14:15:04,855 INFO  [http-nio-8080-exec-40] c.e.api.PatientController - GET /api/v2/encounters/25856 completed in 135ms user=dr.smith7@clinic.org
2026-10-09 14:15:06,533 INFO  [http-nio-8080-exec-30] c.e.api.PatientController - GET /api/v2/encounters/16853 completed in 115ms user=dr.smith3@clinic.org
2026-10-09 14:15:09,599 WARN  [http-nio-8080-exec-25] c.e.api.ReportService - Slow request /api/v2/reports took 2216ms
2026-10-09 14:15:10,608 INFO  [http-nio-8080-exec-25] c.e.api.PatientController - GET /api/v2/encounters/37633 completed in 94ms user=dr.smith4@clinic.org
2026-10-09 14:15:11,665 INFO  [http-nio-8080-exec-24] c.e.api.PatientController - GET /api/v2/encounters/84504 completed in 152ms user=dr.smith7@clinic.org
2026-10-09 14:15:13,644 INFO  [http-nio-8080-exec-13] c.e.api.PatientController - GET /api/v2/encounters/87191 completed in 76ms user=dr.smith6@clinic.org
2026-10-09 14:15:13,644 WARN  [gc-monitor] c.e.jvm.GcWatcher - [Full GC (Allocation Failure) 3980M->3975M(4096M), 4.21 secs] heap at 97%
2026-10-09 14:15:16,514 WARN  [http-nio-8080-exec-32] c.e.api.ReportService - Slow request /api/v2/reports took 1518ms
2026-10-09 14:15:18,555 INFO  [http-nio-8080-exec-8] c.e.api.PatientController - GET /api/v2/encounters/99685 completed in 36ms user=dr.smith7@clinic.org
2026-10-09 14:15:19,232 WARN  [http-nio-8080-exec-32] c.e.api.ReportService - Slow request /api/v2/reports took 2583ms
2026-10-09 14:15:21,865 INFO  [http-nio-8080-exec-17] c.e.api.PatientController - GET /api/v2/encounters/97859 completed in 54ms user=dr.smith7@clinic.org
2026-10-09 14:15:24,368 INFO  [http-nio-8080-exec-33] c.e.api.PatientController - GET /api/v2/encounters/2669 completed in 92ms user=dr.smith2@clinic.org
2026-10-09 14:15:26,188 INFO  [scheduler-1] c.e.jobs.SyncJob - Sync batch 451 done
2026-10-09 14:15:28,797 INFO  [http-nio-8080-exec-16] c.e.api.PatientController - GET /api/v2/encounters/72143 completed in 77ms user=dr.smith4@clinic.org
2026-10-09 14:15:30,826 INFO  [http-nio-8080-exec-37] c.e.api.PatientController - GET /api/v2/encounters/21440 completed in 112ms user=dr.smith6@clinic.org
2026-10-09 14:15:31,105 INFO  [http-nio-8080-exec-3] c.e.api.PatientController - GET /api/v2/encounters/42561 completed in 21ms user=dr.smith4@clinic.org
2026-10-09 14:15:33,162 INFO  [http-nio-8080-exec-14] c.e.api.PatientController - GET /api/v2/encounters/63678 completed in 34ms user=dr.smith3@clinic.org
2026-10-09 14:15:35,648 INFO  [http-nio-8080-exec-10] c.e.api.PatientController - GET /api/v2/encounters/27762 completed in 164ms user=dr.smith3@clinic.org
2026-10-09 14:15:37,383 INFO  [http-nio-8080-exec-34] c.e.api.PatientController - GET /api/v2/encounters/99692 completed in 50ms user=dr.smith2@clinic.org
2026-10-09 14:15:38,748 INFO  [http-nio-8080-exec-12] c.e.api.PatientController - GET /api/v2/encounters/68119 completed in 67ms user=dr.smith8@clinic.org
2026-10-09 14:15:40,728 INFO  [http-nio-8080-exec-14] c.e.api.PatientController - GET /api/v2/encounters/78262 completed in 100ms user=dr.smith5@clinic.org
2026-10-09 14:15:41,812 INFO  [http-nio-8080-exec-13] c.e.api.PatientController - GET /api/v2/encounters/51641 completed in 88ms user=dr.smith2@clinic.org
2026-10-09 14:15:41,812 WARN  [gc-monitor] c.e.jvm.GcWatcher - [Full GC (Allocation Failure) 3980M->3975M(4096M), 4.21 secs] heap at 97%
2026-10-09 14:15:44,629 WARN  [http-nio-8080-exec-13] c.e.api.ReportService - Slow request /api/v2/reports took 1916ms
2026-10-09 14:15:46,161 INFO  [http-nio-8080-exec-4] c.e.api.PatientController - GET /api/v2/encounters/27214 completed in 39ms user=dr.smith3@clinic.org
2026-10-09 14:15:47,860 INFO  [http-nio-8080-exec-19] c.e.api.PatientController - GET /api/v2/encounters/89068 completed in 57ms user=dr.smith6@clinic.org
2026-10-09 14:15:49,038 INFO  [http-nio-8080-exec-21] c.e.api.PatientController - GET /api/v2/encounters/17194 completed in 116ms user=dr.smith2@clinic.org
2026-10-09 14:15:50,547 WARN  [http-nio-8080-exec-10] c.e.api.ReportService - Slow request /api/v2/reports took 2240ms
2026-10-09 14:15:50,547 ERROR [metrics-1] c.e.metrics.StatsdClient - Failed to send metrics to statsd 10.0.0.9:8125: Connection refused
2026-10-09 14:15:53,523 INFO  [http-nio-8080-exec-22] c.e.api.PatientController - GET /api/v2/encounters/71138 completed in 140ms user=dr.smith2@clinic.org
2026-10-09 14:15:55,455 INFO  [http-nio-8080-exec-20] c.e.api.PatientController - GET /api/v2/encounters/55457 completed in 39ms user=dr.smith6@clinic.org
2026-10-09 14:15:57,783 INFO  [http-nio-8080-exec-36] c.e.api.PatientController - GET /api/v2/encounters/50450 completed in 96ms user=dr.smith9@clinic.org
2026-10-09 14:15:57,783 WARN  [gc-monitor] c.e.jvm.GcWatcher - [Full GC (Allocation Failure) 3980M->3975M(4096M), 4.21 secs] heap at 97%
2026-10-09 14:15:59,337 INFO  [http-nio-8080-exec-28] c.e.api.PatientController - GET /api/v2/encounters/71543 completed in 163ms user=dr.smith9@clinic.org
2026-10-09 14:16:00,539 INFO  [http-nio-8080-exec-37] c.e.api.PatientController - GET /api/v2/encounters/5347 completed in 32ms user=dr.smith3@clinic.org
2026-10-09 14:16:03,769 INFO  [http-nio-8080-exec-9] c.e.api.PatientController - GET /api/v2/encounters/98735 completed in 168ms user=dr.smith3@clinic.org
2026-10-09 14:16:03,769 WARN  [gc-monitor] c.e.jvm.GcWatcher - [Full GC (Allocation Failure) 3980M->3975M(4096M), 4.21 secs] heap at 97%
2026-10-09 14:16:05,228 INFO  [http-nio-8080-exec-36] c.e.api.PatientController - GET /api/v2/encounters/42745 completed in 144ms user=dr.smith1@clinic.org
2026-10-09 14:16:06,273 INFO  [http-nio-8080-exec-17] c.e.api.PatientController - GET /api/v2/encounters/66346 completed in 147ms user=dr.smith1@clinic.org
2026-10-09 14:16:08,344 INFO  [scheduler-1] c.e.jobs.SyncJob - Sync batch 66 done
2026-10-09 14:16:08,344 WARN  [gc-monitor] c.e.jvm.GcWatcher - [Full GC (Allocation Failure) 3980M->3975M(4096M), 4.21 secs] heap at 97%
2026-10-09 14:16:11,672 INFO  [scheduler-1] c.e.jobs.SyncJob - Sync batch 207 done
2026-10-09 14:16:13,158 INFO  [http-nio-8080-exec-30] c.e.api.PatientController - GET /api/v2/encounters/7902 completed in 128ms user=dr.smith3@clinic.org
2026-10-09 14:16:15,562 INFO  [http-nio-8080-exec-21] c.e.api.PatientController - GET /api/v2/encounters/72019 completed in 122ms user=dr.smith9@clinic.org
2026-10-09 14:16:18,983 INFO  [http-nio-8080-exec-7] c.e.api.PatientController - GET /api/v2/encounters/50530 completed in 70ms user=dr.smith2@clinic.org
2026-10-09 14:16:19,317 WARN  [http-nio-8080-exec-5] c.e.api.ReportService - Slow request /api/v2/reports took 2384ms
2026-10-09 14:16:21,728 WARN  [http-nio-8080-exec-28] c.e.api.ReportService - Slow request /api/v2/reports took 1811ms
2026-10-09 14:16:22,962 INFO  [http-nio-8080-exec-30] c.e.api.PatientController - GET /api/v2/encounters/67322 completed in 24ms user=dr.smith3@clinic.org
2026-10-09 14:16:24,903 INFO  [http-nio-8080-exec-27] c.e.api.PatientController - GET /api/v2/encounters/33650 completed in 47ms user=dr.smith9@clinic.org
2026-10-09 14:16:26,171 INFO  [http-nio-8080-exec-11] c.e.api.PatientController - GET /api/v2/encounters/56342 completed in 138ms user=dr.smith3@clinic.org
2026-10-09 14:16:26,171 WARN  [gc-monitor] c.e.jvm.GcWatcher - [Full GC (Allocation Failure) 3980M->3975M(4096M), 4.21 secs] heap at 97%
2026-10-09 14:16:28,376 INFO  [http-nio-8080-exec-35] c.e.api.PatientController - GET /api/v2/encounters/79200 completed in 78ms user=dr.smith8@clinic.org
2026-10-09 14:16:30,828 INFO  [http-nio-8080-exec-4] c.e.api.PatientController - GET /api/v2/encounters/53736 completed in 140ms user=dr.smith4@clinic.org
2026-10-09 14:16:32,343 INFO  [scheduler-1] c.e.jobs.SyncJob - Sync batch 906 done
2026-10-09 14:16:33,900 INFO  [http-nio-8080-exec-14] c.e.api.PatientController - GET /api/v2/encounters/94685 completed in 45ms user=dr.smith9@clinic.org
2026-10-09 14:16:33,900 WARN  [gc-monitor] c.e.jvm.GcWatcher - [Full GC (Allocation Failure) 3980M->3975M(4096M), 4.21 secs] heap at 97%
2026-10-09 14:16:34,224 INFO  [http-nio-8080-exec-23] c.e.api.PatientController - GET /api/v2/encounters/92073 completed in 116ms user=dr.smith6@clinic.org
2026-10-09 14:16:37,495 INFO  [http-nio-8080-exec-29] c.e.api.PatientController - GET /api/v2/encounters/35162 completed in 175ms user=dr.smith3@clinic.org
2026-10-09 14:16:39,331 INFO  [http-nio-8080-exec-23] c.e.api.PatientController - GET /api/v2/encounters/42289 completed in 126ms user=dr.smith9@clinic.org
2026-10-09 14:16:41,980 INFO  [http-nio-8080-exec-6] c.e.api.PatientController - GET /api/v2/encounters/31646 completed in 120ms user=dr.smith9@clinic.org
2026-10-09 14:16:43,232 INFO  [http-nio-8080-exec-10] c.e.api.PatientController - GET /api/v2/encounters/40517 completed in 145ms user=dr.smith7@clinic.org
2026-10-09 14:16:44,149 INFO  [http-nio-8080-exec-38] c.e.api.PatientController - GET /api/v2/encounters/49259 completed in 25ms user=dr.smith9@clinic.org
2026-10-09 14:16:46,548 WARN  [http-nio-8080-exec-8] c.e.api.ReportService - Slow request /api/v2/reports took 1579ms
2026-10-09 14:16:48,478 INFO  [http-nio-8080-exec-19] c.e.api.PatientController - GET /api/v2/encounters/65043 completed in 89ms user=dr.smith7@clinic.org
2026-10-09 14:16:48,478 WARN  [gc-monitor] c.e.jvm.GcWatcher - [Full GC (Allocation Failure) 3980M->3975M(4096M), 4.21 secs] heap at 97%
2026-10-09 14:16:50,337 INFO  [http-nio-8080-exec-28] c.e.api.PatientController - GET /api/v2/encounters/85613 completed in 24ms user=dr.smith4@clinic.org
2026-10-09 14:16:51,348 INFO  [http-nio-8080-exec-36] c.e.api.PatientController - GET /api/v2/encounters/85693 completed in 165ms user=dr.smith3@clinic.org
2026-10-09 14:16:53,966 INFO  [http-nio-8080-exec-23] c.e.api.PatientController - GET /api/v2/encounters/58132 completed in 88ms user=dr.smith4@clinic.org
2026-10-09 14:16:55,664 INFO  [http-nio-8080-exec-4] c.e.api.PatientController - GET /api/v2/encounters/82249 completed in 40ms user=dr.smith3@clinic.org
2026-10-09 14:16:57,549 INFO  [http-nio-8080-exec-18] c.e.api.PatientController - GET /api/v2/encounters/62300 completed in 69ms user=dr.smith3@clinic.org
2026-10-09 14:16:59,599 INFO  [http-nio-8080-exec-4] c.e.api.PatientController - GET /api/v2/encounters/46680 completed in 144ms user=dr.smith7@clinic.org
2026-10-09 14:16:59,599 WARN  [gc-monitor] c.e.jvm.GcWatcher - [Full GC (Allocation Failure) 3980M->3975M(4096M), 4.21 secs] heap at 97%
2026-10-09 14:17:01,634 INFO  [http-nio-8080-exec-9] c.e.api.PatientController - GET /api/v2/encounters/5648 completed in 98ms user=dr.smith9@clinic.org
2026-10-09 14:17:02,650 INFO  [http-nio-8080-exec-11] c.e.api.PatientController - GET /api/v2/encounters/36119 completed in 51ms user=dr.smith9@clinic.org
2026-10-09 14:17:05,464 INFO  [http-nio-8080-exec-23] c.e.api.PatientController - GET /api/v2/encounters/62827 completed in 116ms user=dr.smith5@clinic.org
2026-10-09 14:17:07,214 INFO  [http-nio-8080-exec-5] c.e.api.PatientController - GET /api/v2/encounters/15125 completed in 171ms user=dr.smith8@clinic.org
2026-10-09 14:17:09,882 INFO  [http-nio-8080-exec-28] c.e.api.PatientController - GET /api/v2/encounters/64457 completed in 170ms user=dr.smith9@clinic.org
2026-10-09 14:17:09,882 WARN  [gc-monitor] c.e.jvm.GcWatcher - [Full GC (Allocation Failure) 3980M->3975M(4096M), 4.21 secs] heap at 97%
2026-10-09 14:17:11,079 INFO  [http-nio-8080-exec-40] c.e.api.PatientController - GET /api/v2/encounters/99772 completed in 42ms user=dr.smith6@clinic.org
2026-10-09 14:17:14,169 INFO  [http-nio-8080-exec-38] c.e.api.PatientController - GET /api/v2/encounters/65185 completed in 41ms user=dr.smith2@clinic.org
2026-10-09 14:17:16,842 INFO  [http-nio-8080-exec-39] c.e.api.PatientController - GET /api/v2/encounters/39317 completed in 138ms user=dr.smith9@clinic.org
2026-10-09 14:17:18,058 INFO  [http-nio-8080-exec-34] c.e.api.PatientController - GET /api/v2/encounters/72886 completed in 45ms user=dr.smith9@clinic.org
2026-10-09 14:17:20,355 INFO  [http-nio-8080-exec-24] c.e.api.PatientController - GET /api/v2/encounters/22181 completed in 93ms user=dr.smith1@clinic.org
2026-10-09 14:17:23,190 INFO  [http-nio-8080-exec-13] c.e.api.PatientController - GET /api/v2/encounters/33509 completed in 38ms user=dr.smith4@clinic.org
2026-10-09 14:17:24,143 INFO  [http-nio-8080-exec-5] c.e.api.PatientController - GET /api/v2/encounters/96423 completed in 47ms user=dr.smith3@clinic.org
2026-10-09 14:17:26,611 INFO  [http-nio-8080-exec-1] c.e.api.PatientController - GET /api/v2/encounters/2699 completed in 147ms user=dr.smith3@clinic.org
2026-10-09 14:17:26,611 WARN  [gc-monitor] c.e.jvm.GcWatcher - [Full GC (Allocation Failure) 3980M->3975M(4096M), 4.21 secs] heap at 97%
2026-10-09 14:17:29,053 INFO  [http-nio-8080-exec-13] c.e.api.PatientController - GET /api/v2/encounters/23867 completed in 175ms user=dr.smith2@clinic.org
2026-10-09 14:17:29,053 WARN  [gc-monitor] c.e.jvm.GcWatcher - [Full GC (Allocation Failure) 3980M->3975M(4096M), 4.21 secs] heap at 97%
2026-10-09 14:17:30,727 INFO  [http-nio-8080-exec-9] c.e.api.PatientController - GET /api/v2/encounters/26816 completed in 158ms user=dr.smith5@clinic.org
2026-10-09 14:17:32,020 INFO  [scheduler-1] c.e.jobs.SyncJob - Sync batch 563 done
2026-10-09 14:17:34,758 INFO  [http-nio-8080-exec-38] c.e.api.PatientController - GET /api/v2/encounters/51455 completed in 122ms user=dr.smith2@clinic.org
2026-10-09 14:17:37,343 WARN  [http-nio-8080-exec-16] c.e.api.ReportService - Slow request /api/v2/reports took 1544ms
2026-10-09 14:17:39,389 INFO  [http-nio-8080-exec-30] c.e.api.PatientController - GET /api/v2/encounters/60557 completed in 141ms user=dr.smith3@clinic.org
2026-10-09 14:17:42,699 WARN  [http-nio-8080-exec-9] c.e.api.ReportService - Slow request /api/v2/reports took 1853ms
2026-10-09 14:17:44,786 INFO  [http-nio-8080-exec-19] c.e.api.PatientController - GET /api/v2/encounters/14899 completed in 35ms user=dr.smith4@clinic.org
2026-10-09 14:17:46,514 INFO  [http-nio-8080-exec-37] c.e.api.PatientController - GET /api/v2/encounters/78475 completed in 88ms user=dr.smith4@clinic.org
2026-10-09 14:17:47,009 INFO  [http-nio-8080-exec-26] c.e.api.PatientController - GET /api/v2/encounters/76804 completed in 138ms user=dr.smith9@clinic.org
2026-10-09 14:17:50,025 INFO  [http-nio-8080-exec-26] c.e.api.PatientController - GET /api/v2/encounters/66432 completed in 166ms user=dr.smith9@clinic.org
2026-10-09 14:17:52,062 INFO  [http-nio-8080-exec-4] c.e.api.PatientController - GET /api/v2/encounters/27372 completed in 70ms user=dr.smith8@clinic.org
2026-10-09 14:17:54,162 WARN  [http-nio-8080-exec-12] c.e.api.ReportService - Slow request /api/v2/reports took 2115ms
2026-10-09 14:17:57,377 INFO  [http-nio-8080-exec-21] c.e.api.PatientController - GET /api/v2/encounters/72593 completed in 47ms user=dr.smith8@clinic.org
2026-10-09 14:17:59,437 INFO  [http-nio-8080-exec-3] c.e.api.PatientController - GET /api/v2/encounters/59954 completed in 55ms user=dr.smith4@clinic.org
2026-10-09 14:18:02,308 INFO  [http-nio-8080-exec-40] c.e.api.PatientController - GET /api/v2/encounters/90441 completed in 139ms user=dr.smith6@clinic.org
2026-10-09 14:18:03,603 INFO  [http-nio-8080-exec-27] c.e.api.PatientController - GET /api/v2/encounters/44532 completed in 117ms user=dr.smith7@clinic.org
2026-10-09 14:18:06,999 INFO  [http-nio-8080-exec-31] c.e.api.PatientController - GET /api/v2/encounters/55551 completed in 87ms user=dr.smith3@clinic.org
2026-10-09 14:18:08,305 INFO  [http-nio-8080-exec-24] c.e.api.PatientController - GET /api/v2/encounters/69763 completed in 122ms user=dr.smith8@clinic.org
2026-10-09 14:18:10,134 INFO  [http-nio-8080-exec-3] c.e.api.PatientController - GET /api/v2/encounters/62039 completed in 134ms user=dr.smith8@clinic.org
2026-10-09 14:18:13,941 INFO  [http-nio-8080-exec-20] c.e.api.PatientController - GET /api/v2/encounters/9941 completed in 55ms user=dr.smith7@clinic.org
2026-10-09 14:18:15,855 INFO  [http-nio-8080-exec-7] c.e.api.PatientController - GET /api/v2/encounters/57236 completed in 32ms user=dr.smith8@clinic.org
2026-10-09 14:18:17,548 INFO  [http-nio-8080-exec-15] c.e.api.PatientController - GET /api/v2/encounters/90152 completed in 151ms user=dr.smith7@clinic.org
2026-10-09 14:18:19,515 INFO  [http-nio-8080-exec-18] c.e.api.PatientController - GET /api/v2/encounters/22150 completed in 145ms user=dr.smith5@clinic.org
2026-10-09 14:18:21,218 INFO  [http-nio-8080-exec-40] c.e.api.PatientController - GET /api/v2/encounters/26515 completed in 43ms user=dr.smith5@clinic.org
2026-10-09 14:18:23,572 INFO  [http-nio-8080-exec-36] c.e.api.PatientController - GET /api/v2/encounters/21744 completed in 172ms user=dr.smith6@clinic.org
2026-10-09 14:18:24,683 WARN  [http-nio-8080-exec-3] c.e.api.ReportService - Slow request /api/v2/reports took 2897ms
2026-10-09 14:18:27,927 INFO  [http-nio-8080-exec-37] c.e.api.PatientController - GET /api/v2/encounters/95446 completed in 20ms user=dr.smith9@clinic.org
2026-10-09 14:18:30,801 INFO  [http-nio-8080-exec-17] c.e.api.PatientController - GET /api/v2/encounters/60531 completed in 177ms user=dr.smith9@clinic.org
2026-10-09 14:18:33,007 INFO  [http-nio-8080-exec-13] c.e.api.PatientController - GET /api/v2/encounters/93412 completed in 122ms user=dr.smith4@clinic.org
2026-10-09 14:18:34,053 INFO  [http-nio-8080-exec-7] c.e.api.PatientController - GET /api/v2/encounters/7004 completed in 142ms user=dr.smith5@clinic.org
2026-10-09 14:18:36,144 INFO  [http-nio-8080-exec-11] c.e.api.PatientController - GET /api/v2/encounters/77034 completed in 110ms user=dr.smith8@clinic.org
2026-10-09 14:18:37,428 INFO  [http-nio-8080-exec-35] c.e.api.PatientController - GET /api/v2/encounters/1197 completed in 89ms user=dr.smith3@clinic.org
2026-10-09 14:18:39,505 INFO  [http-nio-8080-exec-12] c.e.api.PatientController - GET /api/v2/encounters/3198 completed in 69ms user=dr.smith2@clinic.org
2026-10-09 14:18:39,505 WARN  [gc-monitor] c.e.jvm.GcWatcher - [Full GC (Allocation Failure) 3980M->3975M(4096M), 4.21 secs] heap at 97%
2026-10-09 14:18:41,686 WARN  [http-nio-8080-exec-20] c.e.api.ReportService - Slow request /api/v2/reports took 1854ms
2026-10-09 14:18:44,194 INFO  [http-nio-8080-exec-5] c.e.api.PatientController - GET /api/v2/encounters/7187 completed in 67ms user=dr.smith6@clinic.org
2026-10-09 14:18:47,307 INFO  [http-nio-8080-exec-17] c.e.api.PatientController - GET /api/v2/encounters/84204 completed in 70ms user=dr.smith2@clinic.org
2026-10-09 14:18:50,795 WARN  [http-nio-8080-exec-28] c.e.api.ReportService - Slow request /api/v2/reports took 2960ms
2026-10-09 14:18:52,013 INFO  [http-nio-8080-exec-9] c.e.api.PatientController - GET /api/v2/encounters/59308 completed in 173ms user=dr.smith8@clinic.org
2026-10-09 14:18:53,775 INFO  [http-nio-8080-exec-1] c.e.api.PatientController - GET /api/v2/encounters/30467 completed in 85ms user=dr.smith8@clinic.org
2026-10-09 14:18:56,643 WARN  [http-nio-8080-exec-4] c.e.api.ReportService - Slow request /api/v2/reports took 2802ms
2026-10-09 14:18:57,058 INFO  [http-nio-8080-exec-36] c.e.api.PatientController - GET /api/v2/encounters/55950 completed in 94ms user=dr.smith6@clinic.org
2026-10-09 14:18:59,172 INFO  [http-nio-8080-exec-38] c.e.api.PatientController - GET /api/v2/encounters/72015 completed in 48ms user=dr.smith4@clinic.org
2026-10-09 14:19:00,748 WARN  [http-nio-8080-exec-37] c.e.api.ReportService - Slow request /api/v2/reports took 1869ms
2026-10-09 14:19:01,707 INFO  [http-nio-8080-exec-28] c.e.api.PatientController - GET /api/v2/encounters/88384 completed in 175ms user=dr.smith8@clinic.org
2026-10-09 14:19:02,495 INFO  [http-nio-8080-exec-13] c.e.api.PatientController - GET /api/v2/encounters/71028 completed in 165ms user=dr.smith8@clinic.org
2026-10-09 14:19:02,495 WARN  [gc-monitor] c.e.jvm.GcWatcher - [Full GC (Allocation Failure) 3980M->3975M(4096M), 4.21 secs] heap at 97%
2026-10-09 14:19:04,441 INFO  [http-nio-8080-exec-34] c.e.api.PatientController - GET /api/v2/encounters/95318 completed in 121ms user=dr.smith6@clinic.org
2026-10-09 14:19:06,755 INFO  [http-nio-8080-exec-39] c.e.api.PatientController - GET /api/v2/encounters/29539 completed in 175ms user=dr.smith3@clinic.org
2026-10-09 14:19:08,226 INFO  [http-nio-8080-exec-37] c.e.api.PatientController - GET /api/v2/encounters/31736 completed in 79ms user=dr.smith3@clinic.org
2026-10-09 14:19:09,831 INFO  [http-nio-8080-exec-3] c.e.api.PatientController - GET /api/v2/encounters/43180 completed in 102ms user=dr.smith5@clinic.org
2026-10-09 14:19:11,137 WARN  [http-nio-8080-exec-31] c.e.api.ReportService - Slow request /api/v2/reports took 2122ms
2026-10-09 14:19:13,435 WARN  [http-nio-8080-exec-5] c.e.api.ReportService - Slow request /api/v2/reports took 2467ms
2026-10-09 14:19:15,967 INFO  [http-nio-8080-exec-8] c.e.api.PatientController - GET /api/v2/encounters/60399 completed in 54ms user=dr.smith3@clinic.org
2026-10-09 14:19:16,302 WARN  [http-nio-8080-exec-25] c.e.api.ReportService - Slow request /api/v2/reports took 1995ms
2026-10-09 14:19:17,673 INFO  [http-nio-8080-exec-35] c.e.api.PatientController - GET /api/v2/encounters/49047 completed in 27ms user=dr.smith8@clinic.org
2026-10-09 14:19:19,103 INFO  [http-nio-8080-exec-37] c.e.api.PatientController - GET /api/v2/encounters/62255 completed in 74ms user=dr.smith5@clinic.org
2026-10-09 14:19:19,103 WARN  [gc-monitor] c.e.jvm.GcWatcher - [Full GC (Allocation Failure) 3980M->3975M(4096M), 4.21 secs] heap at 97%
2026-10-09 14:19:22,730 INFO  [http-nio-8080-exec-3] c.e.api.PatientController - GET /api/v2/encounters/61974 completed in 167ms user=dr.smith5@clinic.org
2026-10-09 14:19:22,730 WARN  [gc-monitor] c.e.jvm.GcWatcher - [Full GC (Allocation Failure) 3980M->3975M(4096M), 4.21 secs] heap at 97%
2026-10-09 14:19:23,410 INFO  [http-nio-8080-exec-8] c.e.api.PatientController - GET /api/v2/encounters/82346 completed in 156ms user=dr.smith2@clinic.org
2026-10-09 14:19:25,665 INFO  [http-nio-8080-exec-21] c.e.api.PatientController - GET /api/v2/encounters/40455 completed in 35ms user=dr.smith5@clinic.org
2026-10-09 14:19:28,609 INFO  [http-nio-8080-exec-2] c.e.api.PatientController - GET /api/v2/encounters/8142 completed in 122ms user=dr.smith5@clinic.org
2026-10-09 14:19:29,430 INFO  [http-nio-8080-exec-33] c.e.api.PatientController - GET /api/v2/encounters/96884 completed in 116ms user=dr.smith3@clinic.org
2026-10-09 14:19:30,648 INFO  [http-nio-8080-exec-27] c.e.api.PatientController - GET /api/v2/encounters/43481 completed in 160ms user=dr.smith9@clinic.org
2026-10-09 14:19:31,841 INFO  [http-nio-8080-exec-32] c.e.api.PatientController - GET /api/v2/encounters/62835 completed in 64ms user=dr.smith5@clinic.org
2026-10-09 14:19:33,759 INFO  [http-nio-8080-exec-39] c.e.api.PatientController - GET /api/v2/encounters/81595 completed in 91ms user=dr.smith9@clinic.org
2026-10-09 14:19:36,617 INFO  [http-nio-8080-exec-23] c.e.api.PatientController - GET /api/v2/encounters/25627 completed in 49ms user=dr.smith8@clinic.org
2026-10-09 14:19:38,694 INFO  [http-nio-8080-exec-12] c.e.api.PatientController - GET /api/v2/encounters/84976 completed in 114ms user=dr.smith7@clinic.org
2026-10-09 14:19:40,726 INFO  [http-nio-8080-exec-31] c.e.api.PatientController - GET /api/v2/encounters/7120 completed in 52ms user=dr.smith1@clinic.org
2026-10-09 14:19:42,547 INFO  [http-nio-8080-exec-23] c.e.api.PatientController - GET /api/v2/encounters/95334 completed in 152ms user=dr.smith2@clinic.org
2026-10-09 14:19:43,083 INFO  [http-nio-8080-exec-12] c.e.api.PatientController - GET /api/v2/encounters/98057 completed in 69ms user=dr.smith9@clinic.org
2026-10-09 14:19:46,713 INFO  [http-nio-8080-exec-6] c.e.api.PatientController - GET /api/v2/encounters/41523 completed in 107ms user=dr.smith8@clinic.org
2026-10-09 14:19:46,713 WARN  [gc-monitor] c.e.jvm.GcWatcher - [Full GC (Allocation Failure) 3980M->3975M(4096M), 4.21 secs] heap at 97%
2026-10-09 14:19:48,386 INFO  [http-nio-8080-exec-14] c.e.api.PatientController - GET /api/v2/encounters/79676 completed in 146ms user=dr.smith3@clinic.org
2026-10-09 14:19:50,471 INFO  [http-nio-8080-exec-34] c.e.api.PatientController - GET /api/v2/encounters/42919 completed in 103ms user=dr.smith1@clinic.org
2026-10-09 14:19:52,060 INFO  [http-nio-8080-exec-19] c.e.api.PatientController - GET /api/v2/encounters/31301 completed in 34ms user=dr.smith5@clinic.org
2026-10-09 14:19:54,172 INFO  [http-nio-8080-exec-25] c.e.api.PatientController - GET /api/v2/encounters/42944 completed in 35ms user=dr.smith2@clinic.org
2026-10-09 14:19:56,804 WARN  [http-nio-8080-exec-39] c.e.api.ReportService - Slow request /api/v2/reports took 1991ms
2026-10-09 14:19:58,618 INFO  [http-nio-8080-exec-2] c.e.api.PatientController - GET /api/v2/encounters/11491 completed in 82ms user=dr.smith9@clinic.org
2026-10-09 14:19:59,845 INFO  [http-nio-8080-exec-21] c.e.api.PatientController - GET /api/v2/encounters/17022 completed in 97ms user=dr.smith4@clinic.org
2026-10-09 14:20:01,931 INFO  [http-nio-8080-exec-17] c.e.api.PatientController - GET /api/v2/encounters/78379 completed in 99ms user=dr.smith9@clinic.org
2026-10-09 14:20:02,062 INFO  [http-nio-8080-exec-37] c.e.api.PatientController - GET /api/v2/encounters/41386 completed in 96ms user=dr.smith3@clinic.org
2026-10-09 14:20:05,163 INFO  [http-nio-8080-exec-2] c.e.api.PatientController - GET /api/v2/encounters/90748 completed in 67ms user=dr.smith2@clinic.org
2026-10-09 14:20:07,351 WARN  [http-nio-8080-exec-5] c.e.api.ReportService - Slow request /api/v2/reports took 1868ms
2026-10-09 14:20:10,976 INFO  [http-nio-8080-exec-10] c.e.api.PatientController - GET /api/v2/encounters/83460 completed in 168ms user=dr.smith5@clinic.org
2026-10-09 14:20:12,814 INFO  [scheduler-1] c.e.jobs.SyncJob - Sync batch 936 done
2026-10-09 14:20:13,634 INFO  [http-nio-8080-exec-28] c.e.api.PatientController - GET /api/v2/encounters/92402 completed in 133ms user=dr.smith3@clinic.org
2026-10-09 14:20:16,989 INFO  [http-nio-8080-exec-3] c.e.api.PatientController - GET /api/v2/encounters/83417 completed in 112ms user=dr.smith2@clinic.org
2026-10-09 14:20:18,872 INFO  [http-nio-8080-exec-15] c.e.api.PatientController - GET /api/v2/encounters/53156 completed in 41ms user=dr.smith2@clinic.org
2026-10-09 14:20:20,941 INFO  [http-nio-8080-exec-32] c.e.api.PatientController - GET /api/v2/encounters/18055 completed in 111ms user=dr.smith6@clinic.org
2026-10-09 14:20:23,027 INFO  [http-nio-8080-exec-32] c.e.api.PatientController - GET /api/v2/encounters/36517 completed in 68ms user=dr.smith9@clinic.org
2026-10-09 14:20:26,394 INFO  [http-nio-8080-exec-9] c.e.api.PatientController - GET /api/v2/encounters/6429 completed in 98ms user=dr.smith6@clinic.org
2026-10-09 14:20:27,034 INFO  [http-nio-8080-exec-31] c.e.api.PatientController - GET /api/v2/encounters/12675 completed in 21ms user=dr.smith3@clinic.org
2026-10-09 14:20:28,631 INFO  [http-nio-8080-exec-28] c.e.api.PatientController - GET /api/v2/encounters/81830 completed in 88ms user=dr.smith5@clinic.org
2026-10-09 14:20:31,849 INFO  [http-nio-8080-exec-14] c.e.api.PatientController - GET /api/v2/encounters/81763 completed in 138ms user=dr.smith8@clinic.org
2026-10-09 14:20:34,599 INFO  [http-nio-8080-exec-29] c.e.api.PatientController - GET /api/v2/encounters/52346 completed in 173ms user=dr.smith3@clinic.org
2026-10-09 14:20:35,154 WARN  [http-nio-8080-exec-39] c.e.api.ReportService - Slow request /api/v2/reports took 2595ms
2026-10-09 14:20:38,815 INFO  [http-nio-8080-exec-11] c.e.api.PatientController - GET /api/v2/encounters/49274 completed in 28ms user=dr.smith6@clinic.org
2026-10-09 14:20:40,846 INFO  [http-nio-8080-exec-37] c.e.api.PatientController - GET /api/v2/encounters/7708 completed in 82ms user=dr.smith1@clinic.org
2026-10-09 14:20:40,846 WARN  [gc-monitor] c.e.jvm.GcWatcher - [Full GC (Allocation Failure) 3980M->3975M(4096M), 4.21 secs] heap at 97%
2026-10-09 14:20:42,847 INFO  [http-nio-8080-exec-9] c.e.api.PatientController - GET /api/v2/encounters/45426 completed in 131ms user=dr.smith8@clinic.org
2026-10-09 14:20:43,206 INFO  [http-nio-8080-exec-26] c.e.api.PatientController - GET /api/v2/encounters/23743 completed in 58ms user=dr.smith9@clinic.org
2026-10-09 14:20:46,918 INFO  [http-nio-8080-exec-5] c.e.api.PatientController - GET /api/v2/encounters/76108 completed in 66ms user=dr.smith7@clinic.org
2026-10-09 14:20:49,183 INFO  [http-nio-8080-exec-2] c.e.api.PatientController - GET /api/v2/encounters/9555 completed in 137ms user=dr.smith5@clinic.org
2026-10-09 14:20:51,644 INFO  [http-nio-8080-exec-9] c.e.api.PatientController - GET /api/v2/encounters/62917 completed in 114ms user=dr.smith6@clinic.org
2026-10-09 14:20:52,519 INFO  [scheduler-1] c.e.jobs.SyncJob - Sync batch 425 done
2026-10-09 14:20:53,331 WARN  [http-nio-8080-exec-28] c.e.api.ReportService - Slow request /api/v2/reports took 1723ms
2026-10-09 14:20:53,331 WARN  [gc-monitor] c.e.jvm.GcWatcher - [Full GC (Allocation Failure) 3980M->3975M(4096M), 4.21 secs] heap at 97%
2026-10-09 14:20:55,232 INFO  [http-nio-8080-exec-34] c.e.api.PatientController - GET /api/v2/encounters/42709 completed in 60ms user=dr.smith5@clinic.org
2026-10-09 14:20:56,149 INFO  [http-nio-8080-exec-15] c.e.api.PatientController - GET /api/v2/encounters/24232 completed in 39ms user=dr.smith6@clinic.org
2026-10-09 14:20:59,863 INFO  [http-nio-8080-exec-4] c.e.api.PatientController - GET /api/v2/encounters/96102 completed in 79ms user=dr.smith7@clinic.org
2026-10-09 14:21:01,630 INFO  [http-nio-8080-exec-22] c.e.api.PatientController - GET /api/v2/encounters/90578 completed in 108ms user=dr.smith3@clinic.org
2026-10-09 14:21:03,084 INFO  [http-nio-8080-exec-28] c.e.api.PatientController - GET /api/v2/encounters/57028 completed in 73ms user=dr.smith6@clinic.org
2026-10-09 14:21:05,552 INFO  [http-nio-8080-exec-34] c.e.api.PatientController - GET /api/v2/encounters/25192 completed in 160ms user=dr.smith6@clinic.org
2026-10-09 14:21:07,931 INFO  [http-nio-8080-exec-37] c.e.api.PatientController - GET /api/v2/encounters/24319 completed in 95ms user=dr.smith3@clinic.org
2026-10-09 14:21:09,958 INFO  [http-nio-8080-exec-4] c.e.api.PatientController - GET /api/v2/encounters/34321 completed in 138ms user=dr.smith6@clinic.org
2026-10-09 14:21:10,131 INFO  [http-nio-8080-exec-24] c.e.api.PatientController - GET /api/v2/encounters/39894 completed in 65ms user=dr.smith7@clinic.org
2026-10-09 14:21:12,241 INFO  [http-nio-8080-exec-15] c.e.api.PatientController - GET /api/v2/encounters/62644 completed in 130ms user=dr.smith3@clinic.org
2026-10-09 14:21:12,241 WARN  [gc-monitor] c.e.jvm.GcWatcher - [Full GC (Allocation Failure) 3980M->3975M(4096M), 4.21 secs] heap at 97%
2026-10-09 14:21:15,630 INFO  [scheduler-1] c.e.jobs.SyncJob - Sync batch 745 done
2026-10-09 14:21:17,460 INFO  [http-nio-8080-exec-25] c.e.api.PatientController - GET /api/v2/encounters/11720 completed in 48ms user=dr.smith6@clinic.org
2026-10-09 14:21:19,010 INFO  [http-nio-8080-exec-32] c.e.api.PatientController - GET /api/v2/encounters/66044 completed in 123ms user=dr.smith9@clinic.org
2026-10-09 14:21:21,267 INFO  [http-nio-8080-exec-26] c.e.api.PatientController - GET /api/v2/encounters/59984 completed in 97ms user=dr.smith7@clinic.org
2026-10-09 14:21:23,790 INFO  [http-nio-8080-exec-3] c.e.api.PatientController - GET /api/v2/encounters/6628 completed in 33ms user=dr.smith5@clinic.org
2026-10-09 14:21:26,205 INFO  [http-nio-8080-exec-21] c.e.api.PatientController - GET /api/v2/encounters/84910 completed in 77ms user=dr.smith7@clinic.org
2026-10-09 14:21:28,058 INFO  [http-nio-8080-exec-28] c.e.api.PatientController - GET /api/v2/encounters/73494 completed in 162ms user=dr.smith4@clinic.org
2026-10-09 14:21:29,907 WARN  [http-nio-8080-exec-36] c.e.api.ReportService - Slow request /api/v2/reports took 2133ms
2026-10-09 14:21:32,607 INFO  [http-nio-8080-exec-22] c.e.api.PatientController - GET /api/v2/encounters/54353 completed in 81ms user=dr.smith1@clinic.org
2026-10-09 14:21:33,556 INFO  [http-nio-8080-exec-22] c.e.api.PatientController - GET /api/v2/encounters/16779 completed in 84ms user=dr.smith5@clinic.org
2026-10-09 14:21:35,748 INFO  [http-nio-8080-exec-27] c.e.api.PatientController - GET /api/v2/encounters/49532 completed in 161ms user=dr.smith7@clinic.org
2026-10-09 14:21:37,307 INFO  [http-nio-8080-exec-34] c.e.api.PatientController - GET /api/v2/encounters/1507 completed in 158ms user=dr.smith1@clinic.org
2026-10-09 14:21:39,423 INFO  [http-nio-8080-exec-24] c.e.api.PatientController - GET /api/v2/encounters/5264 completed in 68ms user=dr.smith9@clinic.org
2026-10-09 14:21:41,625 WARN  [http-nio-8080-exec-17] c.e.api.ReportService - Slow request /api/v2/reports took 2731ms
2026-10-09 14:21:42,689 INFO  [http-nio-8080-exec-27] c.e.api.PatientController - GET /api/v2/encounters/77187 completed in 167ms user=dr.smith7@clinic.org
2026-10-09 14:21:44,204 INFO  [scheduler-1] c.e.jobs.SyncJob - Sync batch 436 done
2026-10-09 14:21:45,067 INFO  [http-nio-8080-exec-21] c.e.api.PatientController - GET /api/v2/encounters/56593 completed in 123ms user=dr.smith2@clinic.org
2026-10-09 14:21:48,264 INFO  [http-nio-8080-exec-3] c.e.api.PatientController - GET /api/v2/encounters/62695 completed in 140ms user=dr.smith7@clinic.org
2026-10-09 14:21:49,132 INFO  [http-nio-8080-exec-13] c.e.api.PatientController - GET /api/v2/encounters/11018 completed in 172ms user=dr.smith4@clinic.org
2026-10-09 14:21:51,491 INFO  [http-nio-8080-exec-4] c.e.api.PatientController - GET /api/v2/encounters/59951 completed in 101ms user=dr.smith1@clinic.org
2026-10-09 14:21:51,491 WARN  [gc-monitor] c.e.jvm.GcWatcher - [Full GC (Allocation Failure) 3980M->3975M(4096M), 4.21 secs] heap at 97%
2026-10-09 14:21:53,411 WARN  [http-nio-8080-exec-34] c.e.api.ReportService - Slow request /api/v2/reports took 2571ms
2026-10-09 14:21:54,392 INFO  [http-nio-8080-exec-2] c.e.api.PatientController - GET /api/v2/encounters/7735 completed in 40ms user=dr.smith6@clinic.org
2026-10-09 14:21:54,392 WARN  [gc-monitor] c.e.jvm.GcWatcher - [Full GC (Allocation Failure) 3980M->3975M(4096M), 4.21 secs] heap at 97%
2026-10-09 14:21:56,444 INFO  [http-nio-8080-exec-11] c.e.api.PatientController - GET /api/v2/encounters/31943 completed in 21ms user=dr.smith3@clinic.org
2026-10-09 14:21:58,141 INFO  [http-nio-8080-exec-25] c.e.api.PatientController - GET /api/v2/encounters/72653 completed in 97ms user=dr.smith2@clinic.org
2026-10-09 14:21:58,141 ERROR [http-nio-8080-exec-37] c.e.api.ReportService - Request failed for /api/v2/reports/export
java.lang.OutOfMemoryError: Java heap space
	at java.util.Arrays.copyOf(Arrays.java:3537)
	at com.ecw.report.PdfExporter.render(PdfExporter.java:211)
	at com.ecw.api.ReportService.export(ReportService.java:88)
	... 42 more
2026-10-09 14:22:00,343 INFO  [http-nio-8080-exec-20] c.e.api.PatientController - GET /api/v2/encounters/11623 completed in 154ms user=dr.smith9@clinic.org
2026-10-09 14:22:00,343 ERROR [http-nio-8080-exec-1] c.e.api.ReportService - Request failed for /api/v2/reports/export
java.lang.OutOfMemoryError: Java heap space
	at java.util.Arrays.copyOf(Arrays.java:3537)
	at com.ecw.report.PdfExporter.render(PdfExporter.java:211)
	at com.ecw.api.ReportService.export(ReportService.java:88)
	... 42 more
2026-10-09 14:22:02,124 INFO  [http-nio-8080-exec-35] c.e.api.PatientController - GET /api/v2/encounters/37556 completed in 62ms user=dr.smith1@clinic.org
2026-10-09 14:22:02,124 ERROR [http-nio-8080-exec-21] c.e.api.ReportService - Request failed for /api/v2/reports/export
java.lang.OutOfMemoryError: Java heap space
	at java.util.Arrays.copyOf(Arrays.java:3537)
	at com.ecw.report.PdfExporter.render(PdfExporter.java:211)
	at com.ecw.api.ReportService.export(ReportService.java:88)
	... 42 more
2026-10-09 14:22:04,506 INFO  [http-nio-8080-exec-1] c.e.api.PatientController - GET /api/v2/encounters/40692 completed in 178ms user=dr.smith4@clinic.org
2026-10-09 14:22:04,506 ERROR [http-nio-8080-exec-17] c.e.api.ReportService - Request failed for /api/v2/reports/export
java.lang.OutOfMemoryError: Java heap space
	at java.util.Arrays.copyOf(Arrays.java:3537)
	at com.ecw.report.PdfExporter.render(PdfExporter.java:211)
	at com.ecw.api.ReportService.export(ReportService.java:88)
	... 42 more
2026-10-09 14:22:05,882 INFO  [http-nio-8080-exec-9] c.e.api.PatientController - GET /api/v2/encounters/25787 completed in 136ms user=dr.smith2@clinic.org
2026-10-09 14:22:05,882 ERROR [http-nio-8080-exec-10] c.e.api.ReportService - Request failed for /api/v2/reports/export
java.lang.OutOfMemoryError: Java heap space
	at java.util.Arrays.copyOf(Arrays.java:3537)
	at com.ecw.report.PdfExporter.render(PdfExporter.java:211)
	at com.ecw.api.ReportService.export(ReportService.java:88)
	... 42 more
2026-10-09 14:26:31,656 INFO  [http-nio-8080-exec-24] c.e.api.PatientController - GET /api/v2/encounters/24117 completed in 40ms user=dr.smith5@clinic.org
2026-10-09 14:26:31,656 INFO  [main] o.a.catalina.startup.Catalina - Server startup in 15234 ms
2026-10-09 14:26:33,011 INFO  [http-nio-8080-exec-12] c.e.api.PatientController - GET /api/v2/encounters/78323 completed in 134ms user=dr.smith2@clinic.org
2026-10-09 14:26:36,471 INFO  [http-nio-8080-exec-34] c.e.api.PatientController - GET /api/v2/encounters/44110 completed in 76ms user=dr.smith7@clinic.org
2026-10-09 14:26:38,688 INFO  [http-nio-8080-exec-20] c.e.api.PatientController - GET /api/v2/encounters/24681 completed in 147ms user=dr.smith4@clinic.org
2026-10-09 14:26:40,293 INFO  [http-nio-8080-exec-16] c.e.api.PatientController - GET /api/v2/encounters/9606 completed in 127ms user=dr.smith9@clinic.org
2026-10-09 14:26:42,983 WARN  [http-nio-8080-exec-9] c.e.api.ReportService - Slow request /api/v2/reports took 1825ms
2026-10-09 14:26:43,318 INFO  [http-nio-8080-exec-16] c.e.api.PatientController - GET /api/v2/encounters/5109 completed in 173ms user=dr.smith9@clinic.org
2026-10-09 14:26:46,159 INFO  [http-nio-8080-exec-36] c.e.api.PatientController - GET /api/v2/encounters/88355 completed in 76ms user=dr.smith4@clinic.org
2026-10-09 14:26:47,627 INFO  [http-nio-8080-exec-25] c.e.api.PatientController - GET /api/v2/encounters/28958 completed in 69ms user=dr.smith2@clinic.org
2026-10-09 14:26:49,333 INFO  [http-nio-8080-exec-31] c.e.api.PatientController - GET /api/v2/encounters/2057 completed in 79ms user=dr.smith1@clinic.org
2026-10-09 14:26:50,829 INFO  [http-nio-8080-exec-1] c.e.api.PatientController - GET /api/v2/encounters/39661 completed in 77ms user=dr.smith1@clinic.org
2026-10-09 14:26:52,890 INFO  [http-nio-8080-exec-38] c.e.api.PatientController - GET /api/v2/encounters/12496 completed in 86ms user=dr.smith3@clinic.org
2026-10-09 14:26:55,812 INFO  [http-nio-8080-exec-37] c.e.api.PatientController - GET /api/v2/encounters/58442 completed in 149ms user=dr.smith7@clinic.org
2026-10-09 14:26:57,548 INFO  [http-nio-8080-exec-24] c.e.api.PatientController - GET /api/v2/encounters/79356 completed in 87ms user=dr.smith2@clinic.org
2026-10-09 14:26:59,192 INFO  [http-nio-8080-exec-27] c.e.api.PatientController - GET /api/v2/encounters/55854 completed in 71ms user=dr.smith2@clinic.org
2026-10-09 14:27:02,472 INFO  [http-nio-8080-exec-21] c.e.api.PatientController - GET /api/v2/encounters/67419 completed in 82ms user=dr.smith6@clinic.org
2026-10-09 14:27:05,302 INFO  [http-nio-8080-exec-29] c.e.api.PatientController - GET /api/v2/encounters/12516 completed in 129ms user=dr.smith7@clinic.org
2026-10-09 14:27:06,589 INFO  [http-nio-8080-exec-26] c.e.api.PatientController - GET /api/v2/encounters/28522 completed in 41ms user=dr.smith2@clinic.org
2026-10-09 14:27:08,378 INFO  [http-nio-8080-exec-14] c.e.api.PatientController - GET /api/v2/encounters/64680 completed in 161ms user=dr.smith9@clinic.org
2026-10-09 14:27:10,965 INFO  [http-nio-8080-exec-15] c.e.api.PatientController - GET /api/v2/encounters/31454 completed in 125ms user=dr.smith1@clinic.org
2026-10-09 14:27:13,336 INFO  [http-nio-8080-exec-1] c.e.api.PatientController - GET /api/v2/encounters/7076 completed in 49ms user=dr.smith1@clinic.org
2026-10-09 14:27:15,467 INFO  [http-nio-8080-exec-32] c.e.api.PatientController - GET /api/v2/encounters/64661 completed in 34ms user=dr.smith2@clinic.org
2026-10-09 14:27:16,980 INFO  [http-nio-8080-exec-20] c.e.api.PatientController - GET /api/v2/encounters/99219 completed in 176ms user=dr.smith4@clinic.org
2026-10-09 14:27:18,797 INFO  [http-nio-8080-exec-28] c.e.api.PatientController - GET /api/v2/encounters/43066 completed in 92ms user=dr.smith8@clinic.org
2026-10-09 14:27:20,027 INFO  [http-nio-8080-exec-12] c.e.api.PatientController - GET /api/v2/encounters/50817 completed in 44ms user=dr.smith4@clinic.org
2026-10-09 14:27:22,543 INFO  [http-nio-8080-exec-22] c.e.api.PatientController - GET /api/v2/encounters/24952 completed in 155ms user=dr.smith3@clinic.org
2026-10-09 14:27:23,493 WARN  [http-nio-8080-exec-13] c.e.api.ReportService - Slow request /api/v2/reports took 1747ms
2026-10-09 14:27:25,951 INFO  [http-nio-8080-exec-20] c.e.api.PatientController - GET /api/v2/encounters/95773 completed in 54ms user=dr.smith3@clinic.org
2026-10-09 14:27:28,743 INFO  [http-nio-8080-exec-29] c.e.api.PatientController - GET /api/v2/encounters/74279 completed in 68ms user=dr.smith4@clinic.org
2026-10-09 14:27:29,906 INFO  [http-nio-8080-exec-27] c.e.api.PatientController - GET /api/v2/encounters/50653 completed in 179ms user=dr.smith4@clinic.org
2026-10-09 14:27:31,633 WARN  [http-nio-8080-exec-23] c.e.api.ReportService - Slow request /api/v2/reports took 2733ms
2026-10-09 14:27:33,411 INFO  [http-nio-8080-exec-39] c.e.api.PatientController - GET /api/v2/encounters/32300 completed in 106ms user=dr.smith4@clinic.org
2026-10-09 14:27:34,302 INFO  [http-nio-8080-exec-18] c.e.api.PatientController - GET /api/v2/encounters/7123 completed in 141ms user=dr.smith8@clinic.org
2026-10-09 14:27:36,774 INFO  [scheduler-1] c.e.jobs.SyncJob - Sync batch 94 done
2026-10-09 14:27:39,391 INFO  [http-nio-8080-exec-39] c.e.api.PatientController - GET /api/v2/encounters/41753 completed in 47ms user=dr.smith4@clinic.org
2026-10-09 14:27:40,496 WARN  [http-nio-8080-exec-2] c.e.api.ReportService - Slow request /api/v2/reports took 1655ms
2026-10-09 14:27:42,727 INFO  [http-nio-8080-exec-17] c.e.api.PatientController - GET /api/v2/encounters/24494 completed in 83ms user=dr.smith2@clinic.org
2026-10-09 14:27:44,508 INFO  [http-nio-8080-exec-35] c.e.api.PatientController - GET /api/v2/encounters/26794 completed in 138ms user=dr.smith7@clinic.org
2026-10-09 14:27:45,615 WARN  [http-nio-8080-exec-5] c.e.api.ReportService - Slow request /api/v2/reports took 2234ms
2026-10-09 14:27:48,472 INFO  [http-nio-8080-exec-9] c.e.api.PatientController - GET /api/v2/encounters/33856 completed in 97ms user=dr.smith4@clinic.org
2026-10-09 14:27:49,060 INFO  [http-nio-8080-exec-4] c.e.api.PatientController - GET /api/v2/encounters/64065 completed in 32ms user=dr.smith3@clinic.org
2026-10-09 14:27:51,357 INFO  [http-nio-8080-exec-32] c.e.api.PatientController - GET /api/v2/encounters/95372 completed in 148ms user=dr.smith5@clinic.org
2026-10-09 14:27:53,891 INFO  [http-nio-8080-exec-39] c.e.api.PatientController - GET /api/v2/encounters/68737 completed in 139ms user=dr.smith2@clinic.org
2026-10-09 14:27:54,741 INFO  [scheduler-1] c.e.jobs.SyncJob - Sync batch 899 done
2026-10-09 14:27:57,542 WARN  [http-nio-8080-exec-32] c.e.api.ReportService - Slow request /api/v2/reports took 2293ms
2026-10-09 14:27:59,712 INFO  [http-nio-8080-exec-5] c.e.api.PatientController - GET /api/v2/encounters/78772 completed in 148ms user=dr.smith7@clinic.org
2026-10-09 14:28:00,509 INFO  [http-nio-8080-exec-16] c.e.api.PatientController - GET /api/v2/encounters/16010 completed in 134ms user=dr.smith9@clinic.org
2026-10-09 14:28:01,552 INFO  [http-nio-8080-exec-30] c.e.api.PatientController - GET /api/v2/encounters/46172 completed in 24ms user=dr.smith5@clinic.org
2026-10-09 14:28:04,229 INFO  [http-nio-8080-exec-10] c.e.api.PatientController - GET /api/v2/encounters/45446 completed in 105ms user=dr.smith4@clinic.org
2026-10-09 14:28:06,312 INFO  [http-nio-8080-exec-18] c.e.api.PatientController - GET /api/v2/encounters/12852 completed in 171ms user=dr.smith9@clinic.org
2026-10-09 14:28:08,271 WARN  [http-nio-8080-exec-16] c.e.api.ReportService - Slow request /api/v2/reports took 1948ms
2026-10-09 14:28:09,794 INFO  [http-nio-8080-exec-29] c.e.api.PatientController - GET /api/v2/encounters/72408 completed in 172ms user=dr.smith2@clinic.org
2026-10-09 14:28:11,698 INFO  [http-nio-8080-exec-31] c.e.api.PatientController - GET /api/v2/encounters/34449 completed in 56ms user=dr.smith5@clinic.org
2026-10-09 14:28:14,388 WARN  [http-nio-8080-exec-27] c.e.api.ReportService - Slow request /api/v2/reports took 2334ms
2026-10-09 14:28:15,372 INFO  [http-nio-8080-exec-9] c.e.api.PatientController - GET /api/v2/encounters/83907 completed in 104ms user=dr.smith5@clinic.org
2026-10-09 14:28:18,838 INFO  [scheduler-1] c.e.jobs.SyncJob - Sync batch 480 done
2026-10-09 14:28:19,603 INFO  [http-nio-8080-exec-25] c.e.api.PatientController - GET /api/v2/encounters/55244 completed in 140ms user=dr.smith7@clinic.org
2026-10-09 14:28:21,353 WARN  [http-nio-8080-exec-32] c.e.api.ReportService - Slow request /api/v2/reports took 2114ms
2026-10-09 14:28:24,095 INFO  [http-nio-8080-exec-4] c.e.api.PatientController - GET /api/v2/encounters/85978 completed in 33ms user=dr.smith5@clinic.org
2026-10-09 14:28:25,334 INFO  [http-nio-8080-exec-33] c.e.api.PatientController - GET /api/v2/encounters/34231 completed in 88ms user=dr.smith2@clinic.org
2026-10-09 14:28:27,378 INFO  [http-nio-8080-exec-1] c.e.api.PatientController - GET /api/v2/encounters/59472 completed in 126ms user=dr.smith8@clinic.org
2026-10-09 14:28:28,257 WARN  [http-nio-8080-exec-39] c.e.api.ReportService - Slow request /api/v2/reports took 1730ms
2026-10-09 14:28:31,440 INFO  [http-nio-8080-exec-26] c.e.api.PatientController - GET /api/v2/encounters/76079 completed in 117ms user=dr.smith7@clinic.org
2026-10-09 14:28:33,024 INFO  [http-nio-8080-exec-8] c.e.api.PatientController - GET /api/v2/encounters/71271 completed in 20ms user=dr.smith3@clinic.org
2026-10-09 14:28:35,577 INFO  [http-nio-8080-exec-10] c.e.api.PatientController - GET /api/v2/encounters/92407 completed in 67ms user=dr.smith8@clinic.org
2026-10-09 14:28:37,449 WARN  [http-nio-8080-exec-34] c.e.api.ReportService - Slow request /api/v2/reports took 2555ms
2026-10-09 14:28:40,811 INFO  [scheduler-1] c.e.jobs.SyncJob - Sync batch 42 done
2026-10-09 14:28:42,436 INFO  [http-nio-8080-exec-36] c.e.api.PatientController - GET /api/v2/encounters/46546 completed in 28ms user=dr.smith9@clinic.org
2026-10-09 14:28:43,219 INFO  [http-nio-8080-exec-36] c.e.api.PatientController - GET /api/v2/encounters/65191 completed in 136ms user=dr.smith7@clinic.org
2026-10-09 14:28:46,499 INFO  [http-nio-8080-exec-34] c.e.api.PatientController - GET /api/v2/encounters/37601 completed in 30ms user=dr.smith3@clinic.org
2026-10-09 14:28:48,823 INFO  [http-nio-8080-exec-39] c.e.api.PatientController - GET /api/v2/encounters/71069 completed in 86ms user=dr.smith7@clinic.org
2026-10-09 14:28:50,919 INFO  [http-nio-8080-exec-11] c.e.api.PatientController - GET /api/v2/encounters/95635 completed in 155ms user=dr.smith1@clinic.org
2026-10-09 14:28:52,587 WARN  [http-nio-8080-exec-9] c.e.api.ReportService - Slow request /api/v2/reports took 2591ms
2026-10-09 14:28:54,332 INFO  [http-nio-8080-exec-12] c.e.api.PatientController - GET /api/v2/encounters/65847 completed in 43ms user=dr.smith6@clinic.org
2026-10-09 14:28:56,774 INFO  [http-nio-8080-exec-34] c.e.api.PatientController - GET /api/v2/encounters/91858 completed in 44ms user=dr.smith1@clinic.org
2026-10-09 14:28:58,716 INFO  [http-nio-8080-exec-16] c.e.api.PatientController - GET /api/v2/encounters/40671 completed in 66ms user=dr.smith8@clinic.org
2026-10-09 14:28:59,559 INFO  [http-nio-8080-exec-9] c.e.api.PatientController - GET /api/v2/encounters/94649 completed in 105ms user=dr.smith6@clinic.org
2026-10-09 14:29:02,022 INFO  [http-nio-8080-exec-2] c.e.api.PatientController - GET /api/v2/encounters/27348 completed in 159ms user=dr.smith8@clinic.org
2026-10-09 14:29:04,968 INFO  [http-nio-8080-exec-37] c.e.api.PatientController - GET /api/v2/encounters/68997 completed in 90ms user=dr.smith9@clinic.org
2026-10-09 14:29:07,567 INFO  [scheduler-1] c.e.jobs.SyncJob - Sync batch 412 done
2026-10-09 14:29:09,498 INFO  [http-nio-8080-exec-23] c.e.api.PatientController - GET /api/v2/encounters/73441 completed in 33ms user=dr.smith1@clinic.org
2026-10-09 14:29:10,764 INFO  [http-nio-8080-exec-33] c.e.api.PatientController - GET /api/v2/encounters/53951 completed in 29ms user=dr.smith3@clinic.org
2026-10-09 14:29:12,644 INFO  [http-nio-8080-exec-16] c.e.api.PatientController - GET /api/v2/encounters/34431 completed in 121ms user=dr.smith7@clinic.org
2026-10-09 14:29:15,555 INFO  [http-nio-8080-exec-18] c.e.api.PatientController - GET /api/v2/encounters/32345 completed in 34ms user=dr.smith3@clinic.org
2026-10-09 14:29:17,534 INFO  [http-nio-8080-exec-26] c.e.api.PatientController - GET /api/v2/encounters/32509 completed in 86ms user=dr.smith9@clinic.org
2026-10-09 14:29:20,870 INFO  [http-nio-8080-exec-18] c.e.api.PatientController - GET /api/v2/encounters/96422 completed in 90ms user=dr.smith5@clinic.org
2026-10-09 14:29:21,446 INFO  [http-nio-8080-exec-15] c.e.api.PatientController - GET /api/v2/encounters/84641 completed in 103ms user=dr.smith7@clinic.org
2026-10-09 14:29:22,584 INFO  [http-nio-8080-exec-13] c.e.api.PatientController - GET /api/v2/encounters/45489 completed in 21ms user=dr.smith9@clinic.org
2026-10-09 14:29:24,197 WARN  [http-nio-8080-exec-14] c.e.api.ReportService - Slow request /api/v2/reports took 2942ms
2026-10-09 14:29:26,726 INFO  [http-nio-8080-exec-16] c.e.api.PatientController - GET /api/v2/encounters/52303 completed in 110ms user=dr.smith9@clinic.org
2026-10-09 14:29:28,006 INFO  [http-nio-8080-exec-8] c.e.api.PatientController - GET /api/v2/encounters/95366 completed in 92ms user=dr.smith2@clinic.org
2026-10-09 14:29:30,014 INFO  [http-nio-8080-exec-30] c.e.api.PatientController - GET /api/v2/encounters/12556 completed in 63ms user=dr.smith4@clinic.org
2026-10-09 14:29:32,140 INFO  [http-nio-8080-exec-7] c.e.api.PatientController - GET /api/v2/encounters/28441 completed in 133ms user=dr.smith2@clinic.org
2026-10-09 14:29:34,690 INFO  [http-nio-8080-exec-25] c.e.api.PatientController - GET /api/v2/encounters/86191 completed in 115ms user=dr.smith4@clinic.org
2026-10-09 14:29:35,440 INFO  [http-nio-8080-exec-3] c.e.api.PatientController - GET /api/v2/encounters/48328 completed in 175ms user=dr.smith5@clinic.org
2026-10-09 14:29:37,997 WARN  [http-nio-8080-exec-4] c.e.api.ReportService - Slow request /api/v2/reports took 2359ms
2026-10-09 14:29:39,989 INFO  [http-nio-8080-exec-12] c.e.api.PatientController - GET /api/v2/encounters/13629 completed in 170ms user=dr.smith7@clinic.org
2026-10-09 14:29:40,171 INFO  [http-nio-8080-exec-19] c.e.api.PatientController - GET /api/v2/encounters/1539 completed in 118ms user=dr.smith1@clinic.org
2026-10-09 14:29:43,689 WARN  [http-nio-8080-exec-10] c.e.api.ReportService - Slow request /api/v2/reports took 2693ms
2026-10-09 14:29:46,151 INFO  [http-nio-8080-exec-12] c.e.api.PatientController - GET /api/v2/encounters/91747 completed in 20ms user=dr.smith1@clinic.org
2026-10-09 14:29:49,033 INFO  [http-nio-8080-exec-25] c.e.api.PatientController - GET /api/v2/encounters/10537 completed in 106ms user=dr.smith5@clinic.org
2026-10-09 14:29:51,139 INFO  [http-nio-8080-exec-30] c.e.api.PatientController - GET /api/v2/encounters/33435 completed in 77ms user=dr.smith7@clinic.org
2026-10-09 14:29:53,515 INFO  [http-nio-8080-exec-1] c.e.api.PatientController - GET /api/v2/encounters/47461 completed in 166ms user=dr.smith9@clinic.org
2026-10-09 14:29:56,345 INFO  [http-nio-8080-exec-8] c.e.api.PatientController - GET /api/v2/encounters/35249 completed in 91ms user=dr.smith3@clinic.org
2026-10-09 14:29:58,166 INFO  [scheduler-1] c.e.jobs.SyncJob - Sync batch 658 done
2026-10-09 14:30:00,627 WARN  [http-nio-8080-exec-10] c.e.api.ReportService - Slow request /api/v2/reports took 2748ms
2026-10-09 14:30:00,627 ERROR [metrics-1] c.e.metrics.StatsdClient - Failed to send metrics to statsd 10.0.0.9:8125: Connection refused
2026-10-09 14:30:01,328 INFO  [http-nio-8080-exec-9] c.e.api.PatientController - GET /api/v2/encounters/2520 completed in 43ms user=dr.smith8@clinic.org
2026-10-09 14:30:03,228 INFO  [http-nio-8080-exec-5] c.e.api.PatientController - GET /api/v2/encounters/23329 completed in 38ms user=dr.smith9@clinic.org
2026-10-09 14:30:04,372 INFO  [http-nio-8080-exec-38] c.e.api.PatientController - GET /api/v2/encounters/68067 completed in 31ms user=dr.smith5@clinic.org
2026-10-09 14:30:05,230 INFO  [http-nio-8080-exec-16] c.e.api.PatientController - GET /api/v2/encounters/39758 completed in 98ms user=dr.smith4@clinic.org
2026-10-09 14:30:08,453 INFO  [http-nio-8080-exec-37] c.e.api.PatientController - GET /api/v2/encounters/73898 completed in 109ms user=dr.smith5@clinic.org
2026-10-09 14:30:10,957 INFO  [http-nio-8080-exec-21] c.e.api.PatientController - GET /api/v2/encounters/69951 completed in 73ms user=dr.smith6@clinic.org
2026-10-09 14:30:11,968 INFO  [http-nio-8080-exec-40] c.e.api.PatientController - GET /api/v2/encounters/94993 completed in 177ms user=dr.smith1@clinic.org
2026-10-09 14:30:13,345 INFO  [http-nio-8080-exec-28] c.e.api.PatientController - GET /api/v2/encounters/97665 completed in 32ms user=dr.smith1@clinic.org
2026-10-09 14:30:15,116 INFO  [http-nio-8080-exec-39] c.e.api.PatientController - GET /api/v2/encounters/50732 completed in 41ms user=dr.smith1@clinic.org
2026-10-09 14:30:17,120 INFO  [http-nio-8080-exec-11] c.e.api.PatientController - GET /api/v2/encounters/18011 completed in 146ms user=dr.smith5@clinic.org
2026-10-09 14:30:19,827 INFO  [http-nio-8080-exec-6] c.e.api.PatientController - GET /api/v2/encounters/43270 completed in 82ms user=dr.smith1@clinic.org
2026-10-09 14:30:21,593 INFO  [scheduler-1] c.e.jobs.SyncJob - Sync batch 316 done
2026-10-09 14:30:23,838 INFO  [http-nio-8080-exec-16] c.e.api.PatientController - GET /api/v2/encounters/25401 completed in 142ms user=dr.smith5@clinic.org
2026-10-09 14:30:25,948 INFO  [http-nio-8080-exec-15] c.e.api.PatientController - GET /api/v2/encounters/84667 completed in 135ms user=dr.smith2@clinic.org
2026-10-09 14:30:26,865 INFO  [http-nio-8080-exec-18] c.e.api.PatientController - GET /api/v2/encounters/17690 completed in 148ms user=dr.smith6@clinic.org
2026-10-09 14:30:28,571 INFO  [http-nio-8080-exec-3] c.e.api.PatientController - GET /api/v2/encounters/20002 completed in 159ms user=dr.smith9@clinic.org
2026-10-09 14:30:30,241 INFO  [http-nio-8080-exec-36] c.e.api.PatientController - GET /api/v2/encounters/57364 completed in 96ms user=dr.smith5@clinic.org
2026-10-09 14:30:31,743 INFO  [http-nio-8080-exec-13] c.e.api.PatientController - GET /api/v2/encounters/65731 completed in 23ms user=dr.smith5@clinic.org
2026-10-09 14:30:32,565 INFO  [http-nio-8080-exec-40] c.e.api.PatientController - GET /api/v2/encounters/18459 completed in 132ms user=dr.smith1@clinic.org
2026-10-09 14:30:34,464 INFO  [http-nio-8080-exec-10] c.e.api.PatientController - GET /api/v2/encounters/63194 completed in 169ms user=dr.smith9@clinic.org
2026-10-09 14:30:35,021 INFO  [http-nio-8080-exec-24] c.e.api.PatientController - GET /api/v2/encounters/39658 completed in 176ms user=dr.smith1@clinic.org
2026-10-09 14:30:38,427 INFO  [http-nio-8080-exec-39] c.e.api.PatientController - GET /api/v2/encounters/27885 completed in 37ms user=dr.smith4@clinic.org
2026-10-09 14:30:41,796 INFO  [http-nio-8080-exec-14] c.e.api.PatientController - GET /api/v2/encounters/24532 completed in 33ms user=dr.smith8@clinic.org
2026-10-09 14:30:43,876 INFO  [http-nio-8080-exec-21] c.e.api.PatientController - GET /api/v2/encounters/54987 completed in 71ms user=dr.smith3@clinic.org
2026-10-09 14:30:46,482 WARN  [http-nio-8080-exec-17] c.e.api.ReportService - Slow request /api/v2/reports took 1751ms
2026-10-09 14:30:48,764 INFO  [http-nio-8080-exec-18] c.e.api.PatientController - GET /api/v2/encounters/80096 completed in 41ms user=dr.smith7@clinic.org
2026-10-09 14:30:50,783 INFO  [http-nio-8080-exec-21] c.e.api.PatientController - GET /api/v2/encounters/88775 completed in 51ms user=dr.smith2@clinic.org
2026-10-09 14:30:50,783 ERROR [metrics-1] c.e.metrics.StatsdClient - Failed to send metrics to statsd 10.0.0.9:8125: Connection refused
2026-10-09 14:30:52,158 INFO  [http-nio-8080-exec-24] c.e.api.PatientController - GET /api/v2/encounters/32089 completed in 74ms user=dr.smith7@clinic.org
2026-10-09 14:30:55,961 INFO  [http-nio-8080-exec-13] c.e.api.PatientController - GET /api/v2/encounters/83527 completed in 170ms user=dr.smith9@clinic.org
2026-10-09 14:30:56,648 INFO  [http-nio-8080-exec-5] c.e.api.PatientController - GET /api/v2/encounters/49644 completed in 136ms user=dr.smith8@clinic.org
2026-10-09 14:30:57,007 INFO  [http-nio-8080-exec-31] c.e.api.PatientController - GET /api/v2/encounters/89989 completed in 28ms user=dr.smith5@clinic.org
2026-10-09 14:31:00,144 INFO  [http-nio-8080-exec-2] c.e.api.PatientController - GET /api/v2/encounters/14211 completed in 66ms user=dr.smith2@clinic.org
2026-10-09 14:31:02,783 INFO  [http-nio-8080-exec-13] c.e.api.PatientController - GET /api/v2/encounters/42976 completed in 148ms user=dr.smith6@clinic.org
2026-10-09 14:31:04,772 INFO  [http-nio-8080-exec-35] c.e.api.PatientController - GET /api/v2/encounters/96453 completed in 166ms user=dr.smith6@clinic.org
2026-10-09 14:31:05,956 INFO  [http-nio-8080-exec-16] c.e.api.PatientController - GET /api/v2/encounters/9459 completed in 111ms user=dr.smith1@clinic.org
2026-10-09 14:31:07,893 INFO  [http-nio-8080-exec-29] c.e.api.PatientController - GET /api/v2/encounters/25575 completed in 55ms user=dr.smith2@clinic.org
2026-10-09 14:31:08,397 INFO  [http-nio-8080-exec-26] c.e.api.PatientController - GET /api/v2/encounters/78021 completed in 143ms user=dr.smith8@clinic.org
2026-10-09 14:31:10,172 INFO  [http-nio-8080-exec-13] c.e.api.PatientController - GET /api/v2/encounters/55424 completed in 158ms user=dr.smith6@clinic.org
2026-10-09 14:31:12,191 WARN  [http-nio-8080-exec-2] c.e.api.ReportService - Slow request /api/v2/reports took 3000ms
2026-10-09 14:31:15,442 INFO  [http-nio-8080-exec-17] c.e.api.PatientController - GET /api/v2/encounters/24178 completed in 124ms user=dr.smith5@clinic.org
2026-10-09 14:31:17,529 WARN  [http-nio-8080-exec-34] c.e.api.ReportService - Slow request /api/v2/reports took 2017ms
2026-10-09 14:31:19,641 INFO  [http-nio-8080-exec-24] c.e.api.PatientController - GET /api/v2/encounters/24579 completed in 132ms user=dr.smith2@clinic.org
2026-10-09 14:31:20,730 INFO  [http-nio-8080-exec-39] c.e.api.PatientController - GET /api/v2/encounters/57710 completed in 88ms user=dr.smith2@clinic.org
2026-10-09 14:31:22,136 INFO  [http-nio-8080-exec-1] c.e.api.PatientController - GET /api/v2/encounters/43480 completed in 114ms user=dr.smith2@clinic.org
2026-10-09 14:31:23,788 INFO  [http-nio-8080-exec-2] c.e.api.PatientController - GET /api/v2/encounters/83344 completed in 76ms user=dr.smith1@clinic.org
2026-10-09 14:31:26,693 INFO  [http-nio-8080-exec-29] c.e.api.PatientController - GET /api/v2/encounters/4105 completed in 166ms user=dr.smith9@clinic.org
2026-10-09 14:31:27,227 INFO  [http-nio-8080-exec-26] c.e.api.PatientController - GET /api/v2/encounters/16406 completed in 143ms user=dr.smith4@clinic.org
2026-10-09 14:31:29,858 INFO  [http-nio-8080-exec-15] c.e.api.PatientController - GET /api/v2/encounters/55619 completed in 149ms user=dr.smith4@clinic.org
2026-10-09 14:31:31,042 INFO  [http-nio-8080-exec-16] c.e.api.PatientController - GET /api/v2/encounters/26546 completed in 75ms user=dr.smith9@clinic.org
2026-10-09 14:31:33,366 INFO  [http-nio-8080-exec-1] c.e.api.PatientController - GET /api/v2/encounters/88486 completed in 131ms user=dr.smith6@clinic.org
2026-10-09 14:31:35,767 INFO  [http-nio-8080-exec-28] c.e.api.PatientController - GET /api/v2/encounters/31335 completed in 57ms user=dr.smith8@clinic.org
2026-10-09 14:31:37,303 INFO  [http-nio-8080-exec-4] c.e.api.PatientController - GET /api/v2/encounters/99307 completed in 99ms user=dr.smith4@clinic.org
2026-10-09 14:31:38,548 INFO  [http-nio-8080-exec-27] c.e.api.PatientController - GET /api/v2/encounters/9271 completed in 150ms user=dr.smith6@clinic.org
2026-10-09 14:31:40,210 INFO  [http-nio-8080-exec-26] c.e.api.PatientController - GET /api/v2/encounters/58205 completed in 170ms user=dr.smith6@clinic.org
2026-10-09 14:31:42,049 INFO  [http-nio-8080-exec-4] c.e.api.PatientController - GET /api/v2/encounters/86093 completed in 24ms user=dr.smith4@clinic.org
2026-10-09 14:31:43,040 INFO  [http-nio-8080-exec-25] c.e.api.PatientController - GET /api/v2/encounters/93899 completed in 34ms user=dr.smith6@clinic.org
2026-10-09 14:31:45,808 INFO  [http-nio-8080-exec-40] c.e.api.PatientController - GET /api/v2/encounters/84565 completed in 20ms user=dr.smith5@clinic.org
2026-10-09 14:31:46,614 INFO  [http-nio-8080-exec-9] c.e.api.PatientController - GET /api/v2/encounters/97424 completed in 150ms user=dr.smith6@clinic.org
2026-10-09 14:31:48,128 INFO  [http-nio-8080-exec-25] c.e.api.PatientController - GET /api/v2/encounters/30761 completed in 102ms user=dr.smith1@clinic.org
2026-10-09 14:31:51,951 INFO  [http-nio-8080-exec-12] c.e.api.PatientController - GET /api/v2/encounters/15487 completed in 159ms user=dr.smith3@clinic.org
2026-10-09 14:31:52,508 INFO  [http-nio-8080-exec-9] c.e.api.PatientController - GET /api/v2/encounters/99247 completed in 56ms user=dr.smith1@clinic.org
2026-10-09 14:31:54,914 INFO  [http-nio-8080-exec-2] c.e.api.PatientController - GET /api/v2/encounters/17943 completed in 44ms user=dr.smith3@clinic.org
2026-10-09 14:31:55,824 WARN  [http-nio-8080-exec-24] c.e.api.ReportService - Slow request /api/v2/reports took 2356ms
2026-10-09 14:31:56,868 INFO  [http-nio-8080-exec-10] c.e.api.PatientController - GET /api/v2/encounters/94246 completed in 142ms user=dr.smith7@clinic.org
2026-10-09 14:31:58,069 INFO  [http-nio-8080-exec-38] c.e.api.PatientController - GET /api/v2/encounters/76043 completed in 126ms user=dr.smith9@clinic.org
2026-10-09 14:31:59,277 INFO  [http-nio-8080-exec-21] c.e.api.PatientController - GET /api/v2/encounters/40269 completed in 153ms user=dr.smith2@clinic.org
2026-10-09 14:32:01,598 INFO  [http-nio-8080-exec-27] c.e.api.PatientController - GET /api/v2/encounters/66318 completed in 83ms user=dr.smith6@clinic.org
2026-10-09 14:32:03,182 INFO  [http-nio-8080-exec-12] c.e.api.PatientController - GET /api/v2/encounters/66574 completed in 148ms user=dr.smith7@clinic.org
2026-10-09 14:32:05,349 INFO  [http-nio-8080-exec-9] c.e.api.PatientController - GET /api/v2/encounters/23400 completed in 50ms user=dr.smith3@clinic.org
2026-10-09 14:32:08,165 INFO  [http-nio-8080-exec-28] c.e.api.PatientController - GET /api/v2/encounters/17797 completed in 148ms user=dr.smith4@clinic.org
2026-10-09 14:32:10,366 WARN  [http-nio-8080-exec-40] c.e.api.ReportService - Slow request /api/v2/reports took 2799ms
2026-10-09 14:32:11,653 WARN  [http-nio-8080-exec-17] c.e.api.ReportService - Slow request /api/v2/reports took 1504ms
2026-10-09 14:32:13,318 INFO  [http-nio-8080-exec-20] c.e.api.PatientController - GET /api/v2/encounters/2992 completed in 24ms user=dr.smith9@clinic.org
2026-10-09 14:32:15,042 INFO  [http-nio-8080-exec-28] c.e.api.PatientController - GET /api/v2/encounters/94860 completed in 159ms user=dr.smith4@clinic.org
2026-10-09 14:32:18,597 INFO  [http-nio-8080-exec-9] c.e.api.PatientController - GET /api/v2/encounters/14260 completed in 136ms user=dr.smith7@clinic.org
2026-10-09 14:32:20,026 INFO  [http-nio-8080-exec-39] c.e.api.PatientController - GET /api/v2/encounters/18823 completed in 168ms user=dr.smith9@clinic.org
2026-10-09 14:32:23,385 INFO  [http-nio-8080-exec-34] c.e.api.PatientController - GET /api/v2/encounters/3731 completed in 127ms user=dr.smith1@clinic.org
2026-10-09 14:32:25,031 INFO  [http-nio-8080-exec-24] c.e.api.PatientController - GET /api/v2/encounters/82685 completed in 86ms user=dr.smith5@clinic.org
2026-10-09 14:32:27,214 INFO  [http-nio-8080-exec-12] c.e.api.PatientController - GET /api/v2/encounters/89409 completed in 41ms user=dr.smith2@clinic.org
2026-10-09 14:32:29,844 INFO  [scheduler-1] c.e.jobs.SyncJob - Sync batch 936 done
2026-10-09 14:32:31,413 WARN  [http-nio-8080-exec-19] c.e.api.ReportService - Slow request /api/v2/reports took 1710ms
2026-10-09 14:32:32,684 INFO  [http-nio-8080-exec-17] c.e.api.PatientController - GET /api/v2/encounters/48096 completed in 62ms user=dr.smith4@clinic.org
2026-10-09 14:32:35,915 INFO  [http-nio-8080-exec-26] c.e.api.PatientController - GET /api/v2/encounters/66439 completed in 21ms user=dr.smith6@clinic.org
2026-10-09 14:32:38,954 INFO  [http-nio-8080-exec-31] c.e.api.PatientController - GET /api/v2/encounters/83425 completed in 61ms user=dr.smith6@clinic.org
2026-10-09 14:32:40,972 INFO  [http-nio-8080-exec-39] c.e.api.PatientController - GET /api/v2/encounters/88968 completed in 30ms user=dr.smith6@clinic.org
2026-10-09 14:32:42,910 INFO  [http-nio-8080-exec-22] c.e.api.PatientController - GET /api/v2/encounters/32569 completed in 154ms user=dr.smith6@clinic.org
2026-10-09 14:32:44,947 INFO  [http-nio-8080-exec-12] c.e.api.PatientController - GET /api/v2/encounters/56022 completed in 133ms user=dr.smith3@clinic.org
2026-10-09 14:32:46,808 INFO  [http-nio-8080-exec-20] c.e.api.PatientController - GET /api/v2/encounters/81775 completed in 79ms user=dr.smith1@clinic.org
2026-10-09 14:32:49,844 INFO  [http-nio-8080-exec-24] c.e.api.PatientController - GET /api/v2/encounters/67804 completed in 84ms user=dr.smith6@clinic.org
2026-10-09 14:32:51,877 INFO  [http-nio-8080-exec-12] c.e.api.PatientController - GET /api/v2/encounters/25242 completed in 160ms user=dr.smith8@clinic.org
2026-10-09 14:32:53,067 WARN  [http-nio-8080-exec-31] c.e.api.ReportService - Slow request /api/v2/reports took 2922ms
2026-10-09 14:32:55,438 INFO  [http-nio-8080-exec-3] c.e.api.PatientController - GET /api/v2/encounters/30161 completed in 99ms user=dr.smith5@clinic.org
2026-10-09 14:32:57,405 INFO  [http-nio-8080-exec-31] c.e.api.PatientController - GET /api/v2/encounters/75194 completed in 144ms user=dr.smith6@clinic.org
2026-10-09 14:32:58,814 INFO  [http-nio-8080-exec-4] c.e.api.PatientController - GET /api/v2/encounters/53324 completed in 120ms user=dr.smith6@clinic.org
2026-10-09 14:33:01,812 INFO  [http-nio-8080-exec-26] c.e.api.PatientController - GET /api/v2/encounters/46438 completed in 104ms user=dr.smith9@clinic.org
2026-10-09 14:33:03,752 INFO  [http-nio-8080-exec-15] c.e.api.PatientController - GET /api/v2/encounters/63237 completed in 161ms user=dr.smith9@clinic.org
2026-10-09 14:33:06,423 INFO  [http-nio-8080-exec-16] c.e.api.PatientController - GET /api/v2/encounters/48965 completed in 73ms user=dr.smith6@clinic.org
2026-10-09 14:33:08,719 INFO  [http-nio-8080-exec-37] c.e.api.PatientController - GET /api/v2/encounters/97621 completed in 40ms user=dr.smith8@clinic.org
2026-10-09 14:33:11,540 INFO  [scheduler-1] c.e.jobs.SyncJob - Sync batch 707 done
2026-10-09 14:33:13,488 INFO  [http-nio-8080-exec-20] c.e.api.PatientController - GET /api/v2/encounters/87348 completed in 105ms user=dr.smith9@clinic.org
2026-10-09 14:33:16,752 INFO  [http-nio-8080-exec-38] c.e.api.PatientController - GET /api/v2/encounters/72869 completed in 101ms user=dr.smith9@clinic.org
2026-10-09 14:33:18,595 INFO  [http-nio-8080-exec-30] c.e.api.PatientController - GET /api/v2/encounters/31975 completed in 166ms user=dr.smith9@clinic.org
2026-10-09 14:33:19,825 WARN  [http-nio-8080-exec-31] c.e.api.ReportService - Slow request /api/v2/reports took 2209ms
2026-10-09 14:33:21,046 WARN  [http-nio-8080-exec-22] c.e.api.ReportService - Slow request /api/v2/reports took 2477ms
2026-10-09 14:33:23,425 INFO  [http-nio-8080-exec-36] c.e.api.PatientController - GET /api/v2/encounters/77634 completed in 156ms user=dr.smith5@clinic.org
2026-10-09 14:33:24,026 INFO  [scheduler-1] c.e.jobs.SyncJob - Sync batch 831 done
2026-10-09 14:33:25,531 INFO  [http-nio-8080-exec-13] c.e.api.PatientController - GET /api/v2/encounters/98172 completed in 45ms user=dr.smith6@clinic.org
2026-10-09 14:33:27,688 INFO  [http-nio-8080-exec-22] c.e.api.PatientController - GET /api/v2/encounters/46404 completed in 112ms user=dr.smith8@clinic.org
2026-10-09 14:33:30,570 INFO  [http-nio-8080-exec-40] c.e.api.PatientController - GET /api/v2/encounters/47450 completed in 59ms user=dr.smith3@clinic.org
2026-10-09 14:33:32,279 INFO  [http-nio-8080-exec-8] c.e.api.PatientController - GET /api/v2/encounters/49206 completed in 58ms user=dr.smith9@clinic.org
2026-10-09 14:33:34,653 INFO  [http-nio-8080-exec-23] c.e.api.PatientController - GET /api/v2/encounters/48543 completed in 88ms user=dr.smith5@clinic.org
2026-10-09 14:33:36,852 INFO  [http-nio-8080-exec-36] c.e.api.PatientController - GET /api/v2/encounters/70951 completed in 102ms user=dr.smith6@clinic.org
2026-10-09 14:33:38,658 INFO  [http-nio-8080-exec-4] c.e.api.PatientController - GET /api/v2/encounters/23722 completed in 67ms user=dr.smith4@clinic.org
2026-10-09 14:33:41,377 INFO  [http-nio-8080-exec-11] c.e.api.PatientController - GET /api/v2/encounters/18606 completed in 64ms user=dr.smith6@clinic.org
2026-10-09 14:33:43,590 INFO  [http-nio-8080-exec-32] c.e.api.PatientController - GET /api/v2/encounters/19489 completed in 120ms user=dr.smith8@clinic.org
2026-10-09 14:33:44,840 INFO  [http-nio-8080-exec-35] c.e.api.PatientController - GET /api/v2/encounters/51089 completed in 157ms user=dr.smith4@clinic.org
2026-10-09 14:33:46,601 INFO  [http-nio-8080-exec-19] c.e.api.PatientController - GET /api/v2/encounters/95678 completed in 74ms user=dr.smith8@clinic.org
2026-10-09 14:33:48,614 INFO  [http-nio-8080-exec-25] c.e.api.PatientController - GET /api/v2/encounters/37844 completed in 74ms user=dr.smith8@clinic.org
2026-10-09 14:33:50,707 INFO  [http-nio-8080-exec-20] c.e.api.PatientController - GET /api/v2/encounters/80561 completed in 51ms user=dr.smith5@clinic.org
2026-10-09 14:33:52,128 INFO  [http-nio-8080-exec-2] c.e.api.PatientController - GET /api/v2/encounters/17632 completed in 69ms user=dr.smith5@clinic.org
2026-10-09 14:33:54,911 INFO  [http-nio-8080-exec-29] c.e.api.PatientController - GET /api/v2/encounters/89121 completed in 86ms user=dr.smith2@clinic.org
2026-10-09 14:33:56,358 INFO  [http-nio-8080-exec-29] c.e.api.PatientController - GET /api/v2/encounters/92953 completed in 117ms user=dr.smith7@clinic.org
2026-10-09 14:33:58,881 INFO  [http-nio-8080-exec-5] c.e.api.PatientController - GET /api/v2/encounters/55607 completed in 22ms user=dr.smith6@clinic.org
2026-10-09 14:34:00,817 INFO  [http-nio-8080-exec-34] c.e.api.PatientController - GET /api/v2/encounters/71988 completed in 102ms user=dr.smith9@clinic.org
2026-10-09 14:34:02,090 WARN  [http-nio-8080-exec-7] c.e.api.ReportService - Slow request /api/v2/reports took 1612ms
2026-10-09 14:34:04,712 INFO  [http-nio-8080-exec-40] c.e.api.PatientController - GET /api/v2/encounters/4544 completed in 76ms user=dr.smith1@clinic.org
2026-10-09 14:34:06,952 INFO  [http-nio-8080-exec-15] c.e.api.PatientController - GET /api/v2/encounters/31471 completed in 86ms user=dr.smith6@clinic.org
2026-10-09 14:34:08,400 INFO  [http-nio-8080-exec-10] c.e.api.PatientController - GET /api/v2/encounters/76236 completed in 59ms user=dr.smith9@clinic.org
2026-10-09 14:34:09,838 INFO  [http-nio-8080-exec-34] c.e.api.PatientController - GET /api/v2/encounters/36883 completed in 126ms user=dr.smith6@clinic.org
2026-10-09 14:34:11,514 INFO  [http-nio-8080-exec-26] c.e.api.PatientController - GET /api/v2/encounters/80996 completed in 37ms user=dr.smith1@clinic.org
2026-10-09 14:34:12,279 INFO  [http-nio-8080-exec-33] c.e.api.PatientController - GET /api/v2/encounters/64322 completed in 112ms user=dr.smith2@clinic.org
2026-10-09 14:34:14,114 INFO  [http-nio-8080-exec-16] c.e.api.PatientController - GET /api/v2/encounters/95564 completed in 20ms user=dr.smith1@clinic.org
2026-10-09 14:34:17,971 WARN  [http-nio-8080-exec-2] c.e.api.ReportService - Slow request /api/v2/reports took 2961ms
2026-10-09 14:34:20,515 INFO  [http-nio-8080-exec-29] c.e.api.PatientController - GET /api/v2/encounters/3301 completed in 86ms user=dr.smith1@clinic.org
2026-10-09 14:34:22,604 INFO  [http-nio-8080-exec-21] c.e.api.PatientController - GET /api/v2/encounters/6676 completed in 60ms user=dr.smith5@clinic.org
2026-10-09 14:34:24,796 INFO  [http-nio-8080-exec-18] c.e.api.PatientController - GET /api/v2/encounters/95065 completed in 107ms user=dr.smith1@clinic.org
2026-10-09 14:34:26,567 INFO  [http-nio-8080-exec-29] c.e.api.PatientController - GET /api/v2/encounters/62202 completed in 41ms user=dr.smith2@clinic.org
2026-10-09 14:34:28,287 WARN  [http-nio-8080-exec-4] c.e.api.ReportService - Slow request /api/v2/reports took 1990ms
2026-10-09 14:34:30,428 INFO  [http-nio-8080-exec-27] c.e.api.PatientController - GET /api/v2/encounters/74297 completed in 31ms user=dr.smith4@clinic.org
2026-10-09 14:34:32,110 INFO  [http-nio-8080-exec-10] c.e.api.PatientController - GET /api/v2/encounters/56904 completed in 64ms user=dr.smith1@clinic.org
2026-10-09 14:34:33,032 INFO  [http-nio-8080-exec-30] c.e.api.PatientController - GET /api/v2/encounters/23134 completed in 89ms user=dr.smith6@clinic.org
2026-10-09 14:34:35,349 INFO  [http-nio-8080-exec-9] c.e.api.PatientController - GET /api/v2/encounters/40826 completed in 155ms user=dr.smith8@clinic.org
2026-10-09 14:34:38,558 INFO  [http-nio-8080-exec-9] c.e.api.PatientController - GET /api/v2/encounters/48617 completed in 116ms user=dr.smith1@clinic.org
2026-10-09 14:34:39,107 INFO  [http-nio-8080-exec-38] c.e.api.PatientController - GET /api/v2/encounters/82924 completed in 99ms user=dr.smith5@clinic.org
2026-10-09 14:34:41,404 INFO  [scheduler-1] c.e.jobs.SyncJob - Sync batch 345 done
2026-10-09 14:34:44,600 INFO  [http-nio-8080-exec-10] c.e.api.PatientController - GET /api/v2/encounters/87150 completed in 106ms user=dr.smith5@clinic.org
2026-10-09 14:34:45,093 INFO  [http-nio-8080-exec-26] c.e.api.PatientController - GET /api/v2/encounters/33182 completed in 64ms user=dr.smith4@clinic.org
2026-10-09 14:34:47,642 WARN  [http-nio-8080-exec-36] c.e.api.ReportService - Slow request /api/v2/reports took 2577ms
2026-10-09 14:34:48,954 INFO  [http-nio-8080-exec-25] c.e.api.PatientController - GET /api/v2/encounters/64497 completed in 130ms user=dr.smith4@clinic.org
2026-10-09 14:34:50,572 INFO  [http-nio-8080-exec-32] c.e.api.PatientController - GET /api/v2/encounters/89484 completed in 109ms user=dr.smith8@clinic.org
2026-10-09 14:34:51,693 INFO  [http-nio-8080-exec-38] c.e.api.PatientController - GET /api/v2/encounters/93311 completed in 107ms user=dr.smith4@clinic.org
2026-10-09 14:34:54,061 INFO  [http-nio-8080-exec-20] c.e.api.PatientController - GET /api/v2/encounters/45595 completed in 107ms user=dr.smith3@clinic.org
2026-10-09 14:34:56,852 WARN  [http-nio-8080-exec-6] c.e.api.ReportService - Slow request /api/v2/reports took 2626ms
2026-10-09 14:34:58,569 INFO  [http-nio-8080-exec-15] c.e.api.PatientController - GET /api/v2/encounters/17265 completed in 106ms user=dr.smith6@clinic.org
2026-10-09 14:35:00,565 INFO  [http-nio-8080-exec-2] c.e.api.PatientController - GET /api/v2/encounters/69991 completed in 119ms user=dr.smith1@clinic.org
2026-10-09 14:35:00,565 ERROR [metrics-1] c.e.metrics.StatsdClient - Failed to send metrics to statsd 10.0.0.9:8125: Connection refused
2026-10-09 14:35:01,813 WARN  [http-nio-8080-exec-29] c.e.api.ReportService - Slow request /api/v2/reports took 2731ms
2026-10-09 14:35:03,637 INFO  [http-nio-8080-exec-16] c.e.api.PatientController - GET /api/v2/encounters/35163 completed in 52ms user=dr.smith8@clinic.org
2026-10-09 14:35:05,426 INFO  [http-nio-8080-exec-7] c.e.api.PatientController - GET /api/v2/encounters/37872 completed in 99ms user=dr.smith7@clinic.org
2026-10-09 14:35:06,085 INFO  [http-nio-8080-exec-8] c.e.api.PatientController - GET /api/v2/encounters/90656 completed in 53ms user=dr.smith6@clinic.org
2026-10-09 14:35:08,436 INFO  [http-nio-8080-exec-17] c.e.api.PatientController - GET /api/v2/encounters/31075 completed in 126ms user=dr.smith8@clinic.org
2026-10-09 14:35:09,435 INFO  [http-nio-8080-exec-31] c.e.api.PatientController - GET /api/v2/encounters/79460 completed in 149ms user=dr.smith3@clinic.org
2026-10-09 14:35:12,331 INFO  [http-nio-8080-exec-2] c.e.api.PatientController - GET /api/v2/encounters/98088 completed in 102ms user=dr.smith4@clinic.org
2026-10-09 14:35:14,319 WARN  [http-nio-8080-exec-24] c.e.api.ReportService - Slow request /api/v2/reports took 2592ms
2026-10-09 14:35:16,201 INFO  [scheduler-1] c.e.jobs.SyncJob - Sync batch 188 done
2026-10-09 14:35:18,154 INFO  [http-nio-8080-exec-34] c.e.api.PatientController - GET /api/v2/encounters/1133 completed in 148ms user=dr.smith6@clinic.org
2026-10-09 14:35:21,730 INFO  [http-nio-8080-exec-10] c.e.api.PatientController - GET /api/v2/encounters/63792 completed in 96ms user=dr.smith9@clinic.org
2026-10-09 14:35:24,441 INFO  [http-nio-8080-exec-23] c.e.api.PatientController - GET /api/v2/encounters/7124 completed in 93ms user=dr.smith9@clinic.org
2026-10-09 14:35:25,846 INFO  [http-nio-8080-exec-20] c.e.api.PatientController - GET /api/v2/encounters/31034 completed in 110ms user=dr.smith9@clinic.org
2026-10-09 14:35:27,225 INFO  [http-nio-8080-exec-37] c.e.api.PatientController - GET /api/v2/encounters/70768 completed in 163ms user=dr.smith6@clinic.org
2026-10-09 14:35:29,415 INFO  [http-nio-8080-exec-35] c.e.api.PatientController - GET /api/v2/encounters/30945 completed in 178ms user=dr.smith8@clinic.org
2026-10-09 14:35:31,185 INFO  [http-nio-8080-exec-37] c.e.api.PatientController - GET /api/v2/encounters/5850 completed in 81ms user=dr.smith3@clinic.org
2026-10-09 14:35:33,047 INFO  [http-nio-8080-exec-13] c.e.api.PatientController - GET /api/v2/encounters/51461 completed in 168ms user=dr.smith2@clinic.org
2026-10-09 14:35:35,228 WARN  [http-nio-8080-exec-39] c.e.api.ReportService - Slow request /api/v2/reports took 2810ms
2026-10-09 14:35:37,812 INFO  [http-nio-8080-exec-27] c.e.api.PatientController - GET /api/v2/encounters/82717 completed in 149ms user=dr.smith7@clinic.org
2026-10-09 14:35:38,315 INFO  [http-nio-8080-exec-3] c.e.api.PatientController - GET /api/v2/encounters/49017 completed in 45ms user=dr.smith8@clinic.org
2026-10-09 14:35:39,573 INFO  [http-nio-8080-exec-34] c.e.api.PatientController - GET /api/v2/encounters/40982 completed in 120ms user=dr.smith8@clinic.org
2026-10-09 14:35:41,467 INFO  [http-nio-8080-exec-28] c.e.api.PatientController - GET /api/v2/encounters/61314 completed in 152ms user=dr.smith3@clinic.org
2026-10-09 14:35:42,549 INFO  [http-nio-8080-exec-35] c.e.api.PatientController - GET /api/v2/encounters/25055 completed in 152ms user=dr.smith6@clinic.org
2026-10-09 14:35:44,810 INFO  [http-nio-8080-exec-33] c.e.api.PatientController - GET /api/v2/encounters/80348 completed in 117ms user=dr.smith9@clinic.org
2026-10-09 14:35:46,860 INFO  [http-nio-8080-exec-11] c.e.api.PatientController - GET /api/v2/encounters/50462 completed in 32ms user=dr.smith2@clinic.org
2026-10-09 14:35:49,346 INFO  [http-nio-8080-exec-26] c.e.api.PatientController - GET /api/v2/encounters/39005 completed in 71ms user=dr.smith8@clinic.org
2026-10-09 14:35:50,400 INFO  [http-nio-8080-exec-32] c.e.api.PatientController - GET /api/v2/encounters/25991 completed in 38ms user=dr.smith3@clinic.org
2026-10-09 14:35:50,400 ERROR [metrics-1] c.e.metrics.StatsdClient - Failed to send metrics to statsd 10.0.0.9:8125: Connection refused
2026-10-09 14:35:53,784 INFO  [http-nio-8080-exec-26] c.e.api.PatientController - GET /api/v2/encounters/9293 completed in 72ms user=dr.smith6@clinic.org
2026-10-09 14:35:55,505 INFO  [scheduler-1] c.e.jobs.SyncJob - Sync batch 868 done
2026-10-09 14:35:56,863 INFO  [http-nio-8080-exec-12] c.e.api.PatientController - GET /api/v2/encounters/2063 completed in 180ms user=dr.smith7@clinic.org
2026-10-09 14:35:58,867 INFO  [http-nio-8080-exec-10] c.e.api.PatientController - GET /api/v2/encounters/83291 completed in 130ms user=dr.smith5@clinic.org
2026-10-09 14:35:59,440 INFO  [http-nio-8080-exec-31] c.e.api.PatientController - GET /api/v2/encounters/32978 completed in 123ms user=dr.smith8@clinic.org
2026-10-09 14:36:01,758 INFO  [http-nio-8080-exec-28] c.e.api.PatientController - GET /api/v2/encounters/6321 completed in 93ms user=dr.smith8@clinic.org
2026-10-09 14:36:03,536 INFO  [http-nio-8080-exec-38] c.e.api.PatientController - GET /api/v2/encounters/74027 completed in 125ms user=dr.smith7@clinic.org
2026-10-09 14:36:05,497 INFO  [http-nio-8080-exec-13] c.e.api.PatientController - GET /api/v2/encounters/67113 completed in 169ms user=dr.smith7@clinic.org
2026-10-09 14:36:08,309 INFO  [http-nio-8080-exec-8] c.e.api.PatientController - GET /api/v2/encounters/42229 completed in 55ms user=dr.smith9@clinic.org
2026-10-09 14:36:10,938 INFO  [http-nio-8080-exec-29] c.e.api.PatientController - GET /api/v2/encounters/29665 completed in 53ms user=dr.smith2@clinic.org
2026-10-09 14:36:12,149 INFO  [http-nio-8080-exec-1] c.e.api.PatientController - GET /api/v2/encounters/99710 completed in 164ms user=dr.smith4@clinic.org
2026-10-09 14:36:15,966 INFO  [http-nio-8080-exec-34] c.e.api.PatientController - GET /api/v2/encounters/46446 completed in 126ms user=dr.smith9@clinic.org
2026-10-09 14:36:17,786 INFO  [http-nio-8080-exec-18] c.e.api.PatientController - GET /api/v2/encounters/24740 completed in 141ms user=dr.smith1@clinic.org
2026-10-09 14:36:19,896 INFO  [http-nio-8080-exec-13] c.e.api.PatientController - GET /api/v2/encounters/15457 completed in 118ms user=dr.smith5@clinic.org
2026-10-09 14:36:22,123 INFO  [http-nio-8080-exec-16] c.e.api.PatientController - GET /api/v2/encounters/4343 completed in 98ms user=dr.smith5@clinic.org
2026-10-09 14:36:24,954 INFO  [http-nio-8080-exec-9] c.e.api.PatientController - GET /api/v2/encounters/8400 completed in 42ms user=dr.smith7@clinic.org
2026-10-09 14:36:26,952 INFO  [http-nio-8080-exec-8] c.e.api.PatientController - GET /api/v2/encounters/17655 completed in 40ms user=dr.smith2@clinic.org
2026-10-09 14:36:28,514 INFO  [scheduler-1] c.e.jobs.SyncJob - Sync batch 452 done
2026-10-09 14:36:29,185 WARN  [http-nio-8080-exec-9] c.e.api.ReportService - Slow request /api/v2/reports took 2388ms
2026-10-09 14:36:32,601 INFO  [http-nio-8080-exec-16] c.e.api.PatientController - GET /api/v2/encounters/51824 completed in 100ms user=dr.smith9@clinic.org
2026-10-09 14:36:34,565 INFO  [http-nio-8080-exec-2] c.e.api.PatientController - GET /api/v2/encounters/96817 completed in 136ms user=dr.smith4@clinic.org
2026-10-09 14:36:35,509 INFO  [http-nio-8080-exec-25] c.e.api.PatientController - GET /api/v2/encounters/11910 completed in 42ms user=dr.smith8@clinic.org
2026-10-09 14:36:37,438 INFO  [http-nio-8080-exec-18] c.e.api.PatientController - GET /api/v2/encounters/18227 completed in 22ms user=dr.smith9@clinic.org
2026-10-09 14:36:38,182 INFO  [http-nio-8080-exec-25] c.e.api.PatientController - GET /api/v2/encounters/48718 completed in 74ms user=dr.smith1@clinic.org
2026-10-09 14:36:41,178 INFO  [http-nio-8080-exec-20] c.e.api.PatientController - GET /api/v2/encounters/78424 completed in 119ms user=dr.smith9@clinic.org
2026-10-09 14:36:42,323 INFO  [http-nio-8080-exec-37] c.e.api.PatientController - GET /api/v2/encounters/21169 completed in 146ms user=dr.smith9@clinic.org
2026-10-09 14:36:43,776 INFO  [http-nio-8080-exec-1] c.e.api.PatientController - GET /api/v2/encounters/75402 completed in 132ms user=dr.smith5@clinic.org
2026-10-09 14:36:45,025 INFO  [http-nio-8080-exec-11] c.e.api.PatientController - GET /api/v2/encounters/22737 completed in 144ms user=dr.smith2@clinic.org
2026-10-09 14:36:46,921 INFO  [http-nio-8080-exec-26] c.e.api.PatientController - GET /api/v2/encounters/67883 completed in 73ms user=dr.smith6@clinic.org
2026-10-09 14:36:48,323 INFO  [http-nio-8080-exec-6] c.e.api.PatientController - GET /api/v2/encounters/60698 completed in 35ms user=dr.smith2@clinic.org
2026-10-09 14:36:49,345 INFO  [http-nio-8080-exec-28] c.e.api.PatientController - GET /api/v2/encounters/72686 completed in 134ms user=dr.smith3@clinic.org
2026-10-09 14:36:50,450 INFO  [http-nio-8080-exec-27] c.e.api.PatientController - GET /api/v2/encounters/93313 completed in 62ms user=dr.smith4@clinic.org
2026-10-09 14:36:51,614 INFO  [http-nio-8080-exec-33] c.e.api.PatientController - GET /api/v2/encounters/62697 completed in 84ms user=dr.smith6@clinic.org
2026-10-09 14:36:53,069 INFO  [http-nio-8080-exec-31] c.e.api.PatientController - GET /api/v2/encounters/84421 completed in 177ms user=dr.smith3@clinic.org
2026-10-09 14:36:54,198 INFO  [http-nio-8080-exec-16] c.e.api.PatientController - GET /api/v2/encounters/5458 completed in 177ms user=dr.smith6@clinic.org
2026-10-09 14:36:55,431 INFO  [http-nio-8080-exec-36] c.e.api.PatientController - GET /api/v2/encounters/84122 completed in 39ms user=dr.smith5@clinic.org
2026-10-09 14:36:57,706 INFO  [http-nio-8080-exec-24] c.e.api.PatientController - GET /api/v2/encounters/51323 completed in 45ms user=dr.smith7@clinic.org
2026-10-09 14:37:00,629 INFO  [http-nio-8080-exec-28] c.e.api.PatientController - GET /api/v2/encounters/63288 completed in 125ms user=dr.smith6@clinic.org
2026-10-09 14:37:01,570 INFO  [http-nio-8080-exec-11] c.e.api.PatientController - GET /api/v2/encounters/77999 completed in 68ms user=dr.smith1@clinic.org
2026-10-09 14:37:03,542 INFO  [http-nio-8080-exec-11] c.e.api.PatientController - GET /api/v2/encounters/78333 completed in 131ms user=dr.smith5@clinic.org
2026-10-09 14:37:05,887 WARN  [http-nio-8080-exec-34] c.e.api.ReportService - Slow request /api/v2/reports took 2239ms
2026-10-09 14:37:06,363 INFO  [http-nio-8080-exec-7] c.e.api.PatientController - GET /api/v2/encounters/93027 completed in 121ms user=dr.smith1@clinic.org
2026-10-09 14:37:08,274 INFO  [http-nio-8080-exec-3] c.e.api.PatientController - GET /api/v2/encounters/23836 completed in 155ms user=dr.smith9@clinic.org
2026-10-09 14:37:09,570 INFO  [http-nio-8080-exec-26] c.e.api.PatientController - GET /api/v2/encounters/59719 completed in 99ms user=dr.smith3@clinic.org
2026-10-09 14:37:11,376 WARN  [http-nio-8080-exec-17] c.e.api.ReportService - Slow request /api/v2/reports took 2962ms
2026-10-09 14:37:13,257 INFO  [http-nio-8080-exec-1] c.e.api.PatientController - GET /api/v2/encounters/70649 completed in 130ms user=dr.smith7@clinic.org
2026-10-09 14:37:15,419 INFO  [http-nio-8080-exec-38] c.e.api.PatientController - GET /api/v2/encounters/89592 completed in 180ms user=dr.smith5@clinic.org
2026-10-09 14:37:17,523 INFO  [http-nio-8080-exec-17] c.e.api.PatientController - GET /api/v2/encounters/15542 completed in 100ms user=dr.smith2@clinic.org
2026-10-09 14:37:19,663 INFO  [http-nio-8080-exec-33] c.e.api.PatientController - GET /api/v2/encounters/37389 completed in 146ms user=dr.smith9@clinic.org
2026-10-09 14:37:20,605 INFO  [http-nio-8080-exec-14] c.e.api.PatientController - GET /api/v2/encounters/34382 completed in 81ms user=dr.smith3@clinic.org
2026-10-09 14:37:22,670 INFO  [http-nio-8080-exec-8] c.e.api.PatientController - GET /api/v2/encounters/42886 completed in 159ms user=dr.smith6@clinic.org
2026-10-09 14:37:23,663 WARN  [http-nio-8080-exec-3] c.e.api.ReportService - Slow request /api/v2/reports took 2881ms
2026-10-09 14:37:25,615 WARN  [http-nio-8080-exec-9] c.e.api.ReportService - Slow request /api/v2/reports took 2515ms
2026-10-09 14:37:26,499 INFO  [scheduler-1] c.e.jobs.SyncJob - Sync batch 202 done
2026-10-09 14:37:28,125 INFO  [http-nio-8080-exec-35] c.e.api.PatientController - GET /api/v2/encounters/61866 completed in 128ms user=dr.smith8@clinic.org
2026-10-09 14:37:31,146 INFO  [http-nio-8080-exec-38] c.e.api.PatientController - GET /api/v2/encounters/26633 completed in 119ms user=dr.smith1@clinic.org
2026-10-09 14:37:32,214 INFO  [http-nio-8080-exec-32] c.e.api.PatientController - GET /api/v2/encounters/37195 completed in 24ms user=dr.smith4@clinic.org
2026-10-09 14:37:34,171 WARN  [http-nio-8080-exec-13] c.e.api.ReportService - Slow request /api/v2/reports took 1858ms
2026-10-09 14:37:37,563 INFO  [http-nio-8080-exec-31] c.e.api.PatientController - GET /api/v2/encounters/71913 completed in 166ms user=dr.smith2@clinic.org
2026-10-09 14:37:39,357 INFO  [http-nio-8080-exec-31] c.e.api.PatientController - GET /api/v2/encounters/32044 completed in 125ms user=dr.smith7@clinic.org
2026-10-09 14:37:41,858 INFO  [http-nio-8080-exec-40] c.e.api.PatientController - GET /api/v2/encounters/21351 completed in 169ms user=dr.smith9@clinic.org
2026-10-09 14:37:44,053 INFO  [http-nio-8080-exec-10] c.e.api.PatientController - GET /api/v2/encounters/44996 completed in 97ms user=dr.smith9@clinic.org
2026-10-09 14:37:46,168 INFO  [http-nio-8080-exec-35] c.e.api.PatientController - GET /api/v2/encounters/16448 completed in 76ms user=dr.smith5@clinic.org
2026-10-09 14:37:49,809 INFO  [http-nio-8080-exec-28] c.e.api.PatientController - GET /api/v2/encounters/62134 completed in 79ms user=dr.smith7@clinic.org
2026-10-09 14:37:51,868 INFO  [http-nio-8080-exec-2] c.e.api.PatientController - GET /api/v2/encounters/94185 completed in 35ms user=dr.smith8@clinic.org
2026-10-09 14:37:53,034 INFO  [http-nio-8080-exec-39] c.e.api.PatientController - GET /api/v2/encounters/1362 completed in 121ms user=dr.smith5@clinic.org
2026-10-09 14:37:56,090 INFO  [http-nio-8080-exec-19] c.e.api.PatientController - GET /api/v2/encounters/51804 completed in 69ms user=dr.smith4@clinic.org
2026-10-09 14:37:57,502 INFO  [http-nio-8080-exec-14] c.e.api.PatientController - GET /api/v2/encounters/7906 completed in 28ms user=dr.smith2@clinic.org
2026-10-09 14:37:58,646 INFO  [http-nio-8080-exec-12] c.e.api.PatientController - GET /api/v2/encounters/22927 completed in 55ms user=dr.smith5@clinic.org
2026-10-09 14:38:00,458 INFO  [http-nio-8080-exec-7] c.e.api.PatientController - GET /api/v2/encounters/84292 completed in 27ms user=dr.smith4@clinic.org
2026-10-09 14:38:03,598 INFO  [http-nio-8080-exec-22] c.e.api.PatientController - GET /api/v2/encounters/20949 completed in 167ms user=dr.smith8@clinic.org
2026-10-09 14:38:05,836 INFO  [http-nio-8080-exec-7] c.e.api.PatientController - GET /api/v2/encounters/61768 completed in 166ms user=dr.smith2@clinic.org
2026-10-09 14:38:06,498 INFO  [http-nio-8080-exec-25] c.e.api.PatientController - GET /api/v2/encounters/26456 completed in 65ms user=dr.smith1@clinic.org
2026-10-09 14:38:08,041 INFO  [http-nio-8080-exec-20] c.e.api.PatientController - GET /api/v2/encounters/50712 completed in 131ms user=dr.smith5@clinic.org
2026-10-09 14:38:10,869 INFO  [http-nio-8080-exec-7] c.e.api.PatientController - GET /api/v2/encounters/21460 completed in 84ms user=dr.smith1@clinic.org
2026-10-09 14:38:13,529 INFO  [http-nio-8080-exec-1] c.e.api.PatientController - GET /api/v2/encounters/29242 completed in 126ms user=dr.smith3@clinic.org
2026-10-09 14:38:15,314 INFO  [http-nio-8080-exec-28] c.e.api.PatientController - GET /api/v2/encounters/43146 completed in 58ms user=dr.smith1@clinic.org
2026-10-09 14:38:17,470 INFO  [http-nio-8080-exec-19] c.e.api.PatientController - GET /api/v2/encounters/59065 completed in 50ms user=dr.smith9@clinic.org
2026-10-09 14:38:19,075 INFO  [http-nio-8080-exec-37] c.e.api.PatientController - GET /api/v2/encounters/64934 completed in 121ms user=dr.smith5@clinic.org
2026-10-09 14:38:21,542 INFO  [http-nio-8080-exec-10] c.e.api.PatientController - GET /api/v2/encounters/62971 completed in 121ms user=dr.smith4@clinic.org
2026-10-09 14:38:24,331 INFO  [http-nio-8080-exec-23] c.e.api.PatientController - GET /api/v2/encounters/37504 completed in 144ms user=dr.smith7@clinic.org
2026-10-09 14:38:26,752 INFO  [http-nio-8080-exec-34] c.e.api.PatientController - GET /api/v2/encounters/13315 completed in 46ms user=dr.smith9@clinic.org
2026-10-09 14:38:27,292 INFO  [http-nio-8080-exec-6] c.e.api.PatientController - GET /api/v2/encounters/73136 completed in 122ms user=dr.smith6@clinic.org
2026-10-09 14:38:30,787 INFO  [http-nio-8080-exec-15] c.e.api.PatientController - GET /api/v2/encounters/78446 completed in 88ms user=dr.smith7@clinic.org
2026-10-09 14:38:33,851 INFO  [http-nio-8080-exec-3] c.e.api.PatientController - GET /api/v2/encounters/97236 completed in 100ms user=dr.smith7@clinic.org
2026-10-09 14:38:35,571 INFO  [http-nio-8080-exec-14] c.e.api.PatientController - GET /api/v2/encounters/14936 completed in 127ms user=dr.smith7@clinic.org
2026-10-09 14:38:37,234 INFO  [http-nio-8080-exec-22] c.e.api.PatientController - GET /api/v2/encounters/21758 completed in 166ms user=dr.smith4@clinic.org
2026-10-09 14:38:38,920 INFO  [http-nio-8080-exec-29] c.e.api.PatientController - GET /api/v2/encounters/48124 completed in 151ms user=dr.smith1@clinic.org
2026-10-09 14:38:40,730 INFO  [http-nio-8080-exec-34] c.e.api.PatientController - GET /api/v2/encounters/20866 completed in 167ms user=dr.smith1@clinic.org
2026-10-09 14:38:42,379 INFO  [http-nio-8080-exec-23] c.e.api.PatientController - GET /api/v2/encounters/28241 completed in 160ms user=dr.smith7@clinic.org
2026-10-09 14:38:44,646 INFO  [http-nio-8080-exec-13] c.e.api.PatientController - GET /api/v2/encounters/32905 completed in 107ms user=dr.smith5@clinic.org
2026-10-09 14:38:47,693 INFO  [http-nio-8080-exec-4] c.e.api.PatientController - GET /api/v2/encounters/10071 completed in 85ms user=dr.smith9@clinic.org
2026-10-09 14:38:49,038 INFO  [http-nio-8080-exec-13] c.e.api.PatientController - GET /api/v2/encounters/77137 completed in 60ms user=dr.smith6@clinic.org
2026-10-09 14:38:50,107 INFO  [http-nio-8080-exec-21] c.e.api.PatientController - GET /api/v2/encounters/5543 completed in 38ms user=dr.smith3@clinic.org
2026-10-09 14:38:53,503 INFO  [http-nio-8080-exec-3] c.e.api.PatientController - GET /api/v2/encounters/43644 completed in 131ms user=dr.smith1@clinic.org
2026-10-09 14:38:55,568 WARN  [http-nio-8080-exec-4] c.e.api.ReportService - Slow request /api/v2/reports took 2010ms
2026-10-09 14:38:57,427 INFO  [http-nio-8080-exec-4] c.e.api.PatientController - GET /api/v2/encounters/89309 completed in 146ms user=dr.smith2@clinic.org
2026-10-09 14:38:59,526 INFO  [http-nio-8080-exec-8] c.e.api.PatientController - GET /api/v2/encounters/2646 completed in 74ms user=dr.smith3@clinic.org
2026-10-09 14:39:01,415 INFO  [http-nio-8080-exec-15] c.e.api.PatientController - GET /api/v2/encounters/54703 completed in 144ms user=dr.smith1@clinic.org
2026-10-09 14:39:04,815 INFO  [http-nio-8080-exec-2] c.e.api.PatientController - GET /api/v2/encounters/94869 completed in 81ms user=dr.smith4@clinic.org
2026-10-09 14:39:05,606 INFO  [http-nio-8080-exec-25] c.e.api.PatientController - GET /api/v2/encounters/93351 completed in 124ms user=dr.smith9@clinic.org
2026-10-09 14:39:07,919 INFO  [http-nio-8080-exec-1] c.e.api.PatientController - GET /api/v2/encounters/78034 completed in 113ms user=dr.smith3@clinic.org
2026-10-09 14:39:08,702 INFO  [http-nio-8080-exec-22] c.e.api.PatientController - GET /api/v2/encounters/57870 completed in 59ms user=dr.smith4@clinic.org
2026-10-09 14:39:10,143 INFO  [http-nio-8080-exec-21] c.e.api.PatientController - GET /api/v2/encounters/7505 completed in 68ms user=dr.smith7@clinic.org
2026-10-09 14:39:11,887 WARN  [http-nio-8080-exec-8] c.e.api.ReportService - Slow request /api/v2/reports took 2239ms
2026-10-09 14:39:14,361 INFO  [http-nio-8080-exec-12] c.e.api.PatientController - GET /api/v2/encounters/1729 completed in 80ms user=dr.smith4@clinic.org
2026-10-09 14:39:16,246 INFO  [http-nio-8080-exec-8] c.e.api.PatientController - GET /api/v2/encounters/25024 completed in 88ms user=dr.smith4@clinic.org
2026-10-09 14:39:17,810 INFO  [http-nio-8080-exec-36] c.e.api.PatientController - GET /api/v2/encounters/46829 completed in 164ms user=dr.smith8@clinic.org
2026-10-09 14:39:19,267 WARN  [http-nio-8080-exec-10] c.e.api.ReportService - Slow request /api/v2/reports took 1515ms
2026-10-09 14:39:22,598 INFO  [scheduler-1] c.e.jobs.SyncJob - Sync batch 169 done
2026-10-09 14:39:23,680 INFO  [http-nio-8080-exec-20] c.e.api.PatientController - GET /api/v2/encounters/99899 completed in 104ms user=dr.smith6@clinic.org
2026-10-09 14:39:26,079 INFO  [http-nio-8080-exec-37] c.e.api.PatientController - GET /api/v2/encounters/8077 completed in 141ms user=dr.smith3@clinic.org
2026-10-09 14:39:27,555 INFO  [http-nio-8080-exec-4] c.e.api.PatientController - GET /api/v2/encounters/61194 completed in 70ms user=dr.smith3@clinic.org
2026-10-09 14:39:28,138 INFO  [scheduler-1] c.e.jobs.SyncJob - Sync batch 420 done
2026-10-09 14:39:31,336 WARN  [http-nio-8080-exec-8] c.e.api.ReportService - Slow request /api/v2/reports took 2230ms
2026-10-09 14:39:34,188 INFO  [http-nio-8080-exec-19] c.e.api.PatientController - GET /api/v2/encounters/78721 completed in 101ms user=dr.smith8@clinic.org
2026-10-09 14:39:35,173 INFO  [http-nio-8080-exec-37] c.e.api.PatientController - GET /api/v2/encounters/39748 completed in 65ms user=dr.smith5@clinic.org
2026-10-09 14:39:38,479 INFO  [http-nio-8080-exec-27] c.e.api.PatientController - GET /api/v2/encounters/66230 completed in 21ms user=dr.smith8@clinic.org
2026-10-09 14:39:40,916 INFO  [scheduler-1] c.e.jobs.SyncJob - Sync batch 291 done
2026-10-09 14:39:42,291 INFO  [http-nio-8080-exec-22] c.e.api.PatientController - GET /api/v2/encounters/56932 completed in 64ms user=dr.smith4@clinic.org
2026-10-09 14:39:44,066 INFO  [http-nio-8080-exec-20] c.e.api.PatientController - GET /api/v2/encounters/62806 completed in 75ms user=dr.smith5@clinic.org
2026-10-09 14:39:46,805 INFO  [http-nio-8080-exec-9] c.e.api.PatientController - GET /api/v2/encounters/78029 completed in 77ms user=dr.smith2@clinic.org
2026-10-09 14:39:48,766 INFO  [http-nio-8080-exec-2] c.e.api.PatientController - GET /api/v2/encounters/82063 completed in 84ms user=dr.smith9@clinic.org
2026-10-09 14:39:50,447 INFO  [http-nio-8080-exec-22] c.e.api.PatientController - GET /api/v2/encounters/24303 completed in 157ms user=dr.smith1@clinic.org
2026-10-09 14:39:52,220 INFO  [http-nio-8080-exec-6] c.e.api.PatientController - GET /api/v2/encounters/84172 completed in 140ms user=dr.smith1@clinic.org
2026-10-09 14:39:54,208 INFO  [http-nio-8080-exec-27] c.e.api.PatientController - GET /api/v2/encounters/63161 completed in 128ms user=dr.smith5@clinic.org
2026-10-09 14:39:57,449 INFO  [http-nio-8080-exec-14] c.e.api.PatientController - GET /api/v2/encounters/6716 completed in 39ms user=dr.smith1@clinic.org
2026-10-09 14:39:58,523 INFO  [http-nio-8080-exec-29] c.e.api.PatientController - GET /api/v2/encounters/76113 completed in 22ms user=dr.smith9@clinic.org
2026-10-09 14:40:00,768 INFO  [http-nio-8080-exec-6] c.e.api.PatientController - GET /api/v2/encounters/88079 completed in 138ms user=dr.smith8@clinic.org
2026-10-09 14:40:00,768 ERROR [metrics-1] c.e.metrics.StatsdClient - Failed to send metrics to statsd 10.0.0.9:8125: Connection refused
2026-10-09 14:40:02,719 INFO  [http-nio-8080-exec-20] c.e.api.PatientController - GET /api/v2/encounters/43867 completed in 122ms user=dr.smith4@clinic.org
2026-10-09 14:40:05,335 INFO  [http-nio-8080-exec-2] c.e.api.PatientController - GET /api/v2/encounters/5147 completed in 139ms user=dr.smith8@clinic.org
2026-10-09 14:40:06,061 INFO  [http-nio-8080-exec-18] c.e.api.PatientController - GET /api/v2/encounters/80549 completed in 118ms user=dr.smith5@clinic.org
2026-10-09 14:40:09,597 INFO  [http-nio-8080-exec-31] c.e.api.PatientController - GET /api/v2/encounters/91464 completed in 43ms user=dr.smith2@clinic.org
2026-10-09 14:40:12,672 INFO  [http-nio-8080-exec-33] c.e.api.PatientController - GET /api/v2/encounters/88125 completed in 146ms user=dr.smith9@clinic.org
2026-10-09 14:40:14,947 INFO  [http-nio-8080-exec-7] c.e.api.PatientController - GET /api/v2/encounters/4101 completed in 64ms user=dr.smith2@clinic.org
2026-10-09 14:40:17,806 WARN  [http-nio-8080-exec-40] c.e.api.ReportService - Slow request /api/v2/reports took 2781ms
2026-10-09 14:40:19,584 INFO  [http-nio-8080-exec-24] c.e.api.PatientController - GET /api/v2/encounters/60433 completed in 60ms user=dr.smith2@clinic.org
2026-10-09 14:40:22,598 INFO  [http-nio-8080-exec-20] c.e.api.PatientController - GET /api/v2/encounters/64186 completed in 75ms user=dr.smith5@clinic.org
2026-10-09 14:40:23,719 WARN  [http-nio-8080-exec-18] c.e.api.ReportService - Slow request /api/v2/reports took 1653ms
2026-10-09 14:40:25,116 INFO  [http-nio-8080-exec-9] c.e.api.PatientController - GET /api/v2/encounters/99140 completed in 96ms user=dr.smith9@clinic.org
2026-10-09 14:40:28,271 INFO  [http-nio-8080-exec-40] c.e.api.PatientController - GET /api/v2/encounters/47695 completed in 127ms user=dr.smith7@clinic.org
2026-10-09 14:40:29,748 INFO  [http-nio-8080-exec-27] c.e.api.PatientController - GET /api/v2/encounters/36054 completed in 46ms user=dr.smith9@clinic.org
2026-10-09 14:40:31,342 INFO  [http-nio-8080-exec-5] c.e.api.PatientController - GET /api/v2/encounters/19173 completed in 28ms user=dr.smith7@clinic.org
2026-10-09 14:40:32,908 INFO  [http-nio-8080-exec-23] c.e.api.PatientController - GET /api/v2/encounters/42933 completed in 101ms user=dr.smith3@clinic.org
2026-10-09 14:40:34,138 INFO  [http-nio-8080-exec-35] c.e.api.PatientController - GET /api/v2/encounters/84613 completed in 69ms user=dr.smith9@clinic.org
2026-10-09 14:40:37,901 INFO  [http-nio-8080-exec-18] c.e.api.PatientController - GET /api/v2/encounters/46764 completed in 121ms user=dr.smith7@clinic.org
2026-10-09 14:40:38,316 INFO  [http-nio-8080-exec-21] c.e.api.PatientController - GET /api/v2/encounters/3944 completed in 124ms user=dr.smith9@clinic.org
2026-10-09 14:40:39,668 INFO  [scheduler-1] c.e.jobs.SyncJob - Sync batch 802 done
2026-10-09 14:40:42,996 INFO  [http-nio-8080-exec-24] c.e.api.PatientController - GET /api/v2/encounters/90713 completed in 38ms user=dr.smith8@clinic.org
2026-10-09 14:40:45,890 INFO  [http-nio-8080-exec-5] c.e.api.PatientController - GET /api/v2/encounters/32241 completed in 110ms user=dr.smith5@clinic.org
2026-10-09 14:40:48,444 INFO  [http-nio-8080-exec-24] c.e.api.PatientController - GET /api/v2/encounters/80662 completed in 140ms user=dr.smith5@clinic.org
2026-10-09 14:40:49,194 INFO  [http-nio-8080-exec-2] c.e.api.PatientController - GET /api/v2/encounters/40407 completed in 50ms user=dr.smith3@clinic.org
2026-10-09 14:40:51,281 WARN  [http-nio-8080-exec-17] c.e.api.ReportService - Slow request /api/v2/reports took 1676ms
2026-10-09 14:40:54,952 INFO  [http-nio-8080-exec-25] c.e.api.PatientController - GET /api/v2/encounters/65831 completed in 78ms user=dr.smith1@clinic.org
2026-10-09 14:40:55,755 WARN  [http-nio-8080-exec-28] c.e.api.ReportService - Slow request /api/v2/reports took 2253ms
2026-10-09 14:40:57,154 INFO  [scheduler-1] c.e.jobs.SyncJob - Sync batch 614 done
2026-10-09 14:41:00,747 INFO  [http-nio-8080-exec-15] c.e.api.PatientController - GET /api/v2/encounters/40077 completed in 100ms user=dr.smith7@clinic.org
2026-10-09 14:41:03,504 INFO  [http-nio-8080-exec-30] c.e.api.PatientController - GET /api/v2/encounters/35726 completed in 169ms user=dr.smith2@clinic.org
2026-10-09 14:41:04,205 INFO  [http-nio-8080-exec-36] c.e.api.PatientController - GET /api/v2/encounters/9200 completed in 102ms user=dr.smith9@clinic.org
2026-10-09 14:41:06,345 WARN  [http-nio-8080-exec-33] c.e.api.ReportService - Slow request /api/v2/reports took 1822ms
2026-10-09 14:41:07,652 INFO  [http-nio-8080-exec-25] c.e.api.PatientController - GET /api/v2/encounters/31685 completed in 113ms user=dr.smith2@clinic.org
2026-10-09 14:41:08,905 INFO  [http-nio-8080-exec-17] c.e.api.PatientController - GET /api/v2/encounters/98997 completed in 73ms user=dr.smith7@clinic.org
2026-10-09 14:41:10,357 INFO  [http-nio-8080-exec-37] c.e.api.PatientController - GET /api/v2/encounters/90307 completed in 156ms user=dr.smith5@clinic.org
2026-10-09 14:41:11,319 INFO  [http-nio-8080-exec-19] c.e.api.PatientController - GET /api/v2/encounters/86594 completed in 98ms user=dr.smith7@clinic.org
2026-10-09 14:41:14,546 INFO  [http-nio-8080-exec-16] c.e.api.PatientController - GET /api/v2/encounters/70024 completed in 109ms user=dr.smith2@clinic.org
2026-10-09 14:41:16,370 INFO  [http-nio-8080-exec-13] c.e.api.PatientController - GET /api/v2/encounters/87581 completed in 36ms user=dr.smith9@clinic.org
2026-10-09 14:41:18,543 INFO  [http-nio-8080-exec-15] c.e.api.PatientController - GET /api/v2/encounters/39274 completed in 74ms user=dr.smith1@clinic.org
2026-10-09 14:41:20,221 INFO  [http-nio-8080-exec-22] c.e.api.PatientController - GET /api/v2/encounters/20276 completed in 91ms user=dr.smith6@clinic.org
2026-10-09 14:41:22,327 INFO  [http-nio-8080-exec-40] c.e.api.PatientController - GET /api/v2/encounters/22421 completed in 35ms user=dr.smith6@clinic.org
2026-10-09 14:41:24,409 INFO  [http-nio-8080-exec-32] c.e.api.PatientController - GET /api/v2/encounters/92868 completed in 75ms user=dr.smith3@clinic.org
2026-10-09 14:41:26,406 INFO  [http-nio-8080-exec-6] c.e.api.PatientController - GET /api/v2/encounters/44838 completed in 115ms user=dr.smith8@clinic.org
2026-10-09 14:41:28,942 INFO  [http-nio-8080-exec-10] c.e.api.PatientController - GET /api/v2/encounters/53402 completed in 75ms user=dr.smith1@clinic.org
2026-10-09 14:41:30,035 INFO  [scheduler-1] c.e.jobs.SyncJob - Sync batch 945 done
2026-10-09 14:41:33,655 INFO  [http-nio-8080-exec-23] c.e.api.PatientController - GET /api/v2/encounters/77277 completed in 106ms user=dr.smith1@clinic.org
2026-10-09 14:41:35,026 INFO  [http-nio-8080-exec-30] c.e.api.PatientController - GET /api/v2/encounters/79879 completed in 76ms user=dr.smith2@clinic.org
2026-10-09 14:41:36,506 INFO  [http-nio-8080-exec-8] c.e.api.PatientController - GET /api/v2/encounters/69761 completed in 67ms user=dr.smith9@clinic.org
2026-10-09 14:41:39,343 INFO  [http-nio-8080-exec-38] c.e.api.PatientController - GET /api/v2/encounters/76745 completed in 100ms user=dr.smith4@clinic.org
2026-10-09 14:41:41,879 INFO  [http-nio-8080-exec-38] c.e.api.PatientController - GET /api/v2/encounters/51598 completed in 148ms user=dr.smith9@clinic.org
2026-10-09 14:41:43,861 INFO  [http-nio-8080-exec-18] c.e.api.PatientController - GET /api/v2/encounters/9245 completed in 168ms user=dr.smith6@clinic.org
2026-10-09 14:41:46,502 INFO  [http-nio-8080-exec-17] c.e.api.PatientController - GET /api/v2/encounters/77785 completed in 63ms user=dr.smith7@clinic.org
2026-10-09 14:41:47,058 INFO  [http-nio-8080-exec-9] c.e.api.PatientController - GET /api/v2/encounters/9309 completed in 68ms user=dr.smith6@clinic.org
2026-10-09 14:41:50,508 INFO  [http-nio-8080-exec-22] c.e.api.PatientController - GET /api/v2/encounters/13715 completed in 53ms user=dr.smith4@clinic.org
2026-10-09 14:41:51,702 INFO  [http-nio-8080-exec-18] c.e.api.PatientController - GET /api/v2/encounters/31875 completed in 35ms user=dr.smith1@clinic.org
2026-10-09 14:41:54,761 WARN  [http-nio-8080-exec-40] c.e.api.ReportService - Slow request /api/v2/reports took 1587ms
2026-10-09 14:41:56,501 INFO  [http-nio-8080-exec-28] c.e.api.PatientController - GET /api/v2/encounters/78289 completed in 154ms user=dr.smith9@clinic.org
2026-10-09 14:41:58,813 INFO  [scheduler-1] c.e.jobs.SyncJob - Sync batch 249 done
2026-10-09 14:42:01,844 INFO  [http-nio-8080-exec-3] c.e.api.PatientController - GET /api/v2/encounters/27683 completed in 106ms user=dr.smith2@clinic.org
2026-10-09 14:42:03,679 INFO  [http-nio-8080-exec-35] c.e.api.PatientController - GET /api/v2/encounters/17266 completed in 97ms user=dr.smith2@clinic.org
2026-10-09 14:42:05,351 INFO  [scheduler-1] c.e.jobs.SyncJob - Sync batch 416 done
2026-10-09 14:42:06,994 INFO  [http-nio-8080-exec-15] c.e.api.PatientController - GET /api/v2/encounters/69137 completed in 116ms user=dr.smith3@clinic.org
2026-10-09 14:42:09,843 INFO  [http-nio-8080-exec-12] c.e.api.PatientController - GET /api/v2/encounters/3677 completed in 150ms user=dr.smith6@clinic.org
2026-10-09 14:42:12,470 INFO  [http-nio-8080-exec-3] c.e.api.PatientController - GET /api/v2/encounters/65062 completed in 160ms user=dr.smith6@clinic.org
2026-10-09 14:42:14,162 INFO  [http-nio-8080-exec-13] c.e.api.PatientController - GET /api/v2/encounters/68546 completed in 76ms user=dr.smith9@clinic.org
2026-10-09 14:42:15,838 INFO  [http-nio-8080-exec-40] c.e.api.PatientController - GET /api/v2/encounters/72585 completed in 106ms user=dr.smith8@clinic.org
2026-10-09 14:42:17,252 INFO  [http-nio-8080-exec-36] c.e.api.PatientController - GET /api/v2/encounters/40829 completed in 117ms user=dr.smith4@clinic.org
2026-10-09 14:42:20,419 WARN  [http-nio-8080-exec-8] c.e.api.ReportService - Slow request /api/v2/reports took 1939ms
2026-10-09 14:42:21,180 INFO  [http-nio-8080-exec-12] c.e.api.PatientController - GET /api/v2/encounters/22789 completed in 147ms user=dr.smith9@clinic.org
2026-10-09 14:42:22,059 INFO  [http-nio-8080-exec-19] c.e.api.PatientController - GET /api/v2/encounters/24987 completed in 143ms user=dr.smith8@clinic.org
2026-10-09 14:42:24,557 INFO  [scheduler-1] c.e.jobs.SyncJob - Sync batch 81 done
2026-10-09 14:42:25,041 INFO  [http-nio-8080-exec-35] c.e.api.PatientController - GET /api/v2/encounters/94960 completed in 113ms user=dr.smith6@clinic.org
2026-10-09 14:42:27,296 INFO  [http-nio-8080-exec-12] c.e.api.PatientController - GET /api/v2/encounters/70966 completed in 124ms user=dr.smith7@clinic.org
2026-10-09 14:42:28,078 INFO  [http-nio-8080-exec-23] c.e.api.PatientController - GET /api/v2/encounters/57374 completed in 133ms user=dr.smith9@clinic.org
2026-10-09 14:42:30,055 INFO  [http-nio-8080-exec-26] c.e.api.PatientController - GET /api/v2/encounters/53404 completed in 52ms user=dr.smith9@clinic.org
2026-10-09 14:42:31,508 INFO  [http-nio-8080-exec-25] c.e.api.PatientController - GET /api/v2/encounters/95004 completed in 126ms user=dr.smith1@clinic.org
2026-10-09 14:42:34,176 INFO  [http-nio-8080-exec-17] c.e.api.PatientController - GET /api/v2/encounters/90810 completed in 177ms user=dr.smith9@clinic.org
2026-10-09 14:42:37,709 INFO  [http-nio-8080-exec-25] c.e.api.PatientController - GET /api/v2/encounters/30998 completed in 76ms user=dr.smith5@clinic.org
2026-10-09 14:42:39,244 INFO  [http-nio-8080-exec-16] c.e.api.PatientController - GET /api/v2/encounters/1632 completed in 63ms user=dr.smith2@clinic.org
2026-10-09 14:42:41,691 INFO  [http-nio-8080-exec-2] c.e.api.PatientController - GET /api/v2/encounters/32769 completed in 20ms user=dr.smith6@clinic.org
2026-10-09 14:42:44,194 INFO  [http-nio-8080-exec-25] c.e.api.PatientController - GET /api/v2/encounters/55511 completed in 44ms user=dr.smith5@clinic.org
2026-10-09 14:42:46,178 INFO  [http-nio-8080-exec-29] c.e.api.PatientController - GET /api/v2/encounters/62703 completed in 40ms user=dr.smith1@clinic.org
2026-10-09 14:42:48,309 INFO  [http-nio-8080-exec-1] c.e.api.PatientController - GET /api/v2/encounters/41943 completed in 118ms user=dr.smith5@clinic.org
2026-10-09 14:42:50,195 INFO  [http-nio-8080-exec-31] c.e.api.PatientController - GET /api/v2/encounters/9932 completed in 133ms user=dr.smith9@clinic.org
2026-10-09 14:42:52,776 INFO  [http-nio-8080-exec-16] c.e.api.PatientController - GET /api/v2/encounters/5868 completed in 127ms user=dr.smith1@clinic.org
2026-10-09 14:42:54,703 INFO  [http-nio-8080-exec-34] c.e.api.PatientController - GET /api/v2/encounters/34294 completed in 33ms user=dr.smith5@clinic.org
2026-10-09 14:42:56,770 INFO  [http-nio-8080-exec-17] c.e.api.PatientController - GET /api/v2/encounters/76256 completed in 43ms user=dr.smith1@clinic.org
2026-10-09 14:42:57,131 INFO  [http-nio-8080-exec-36] c.e.api.PatientController - GET /api/v2/encounters/28361 completed in 62ms user=dr.smith6@clinic.org
2026-10-09 14:42:58,081 INFO  [http-nio-8080-exec-31] c.e.api.PatientController - GET /api/v2/encounters/12188 completed in 168ms user=dr.smith6@clinic.org
2026-10-09 14:42:59,116 INFO  [http-nio-8080-exec-27] c.e.api.PatientController - GET /api/v2/encounters/44118 completed in 163ms user=dr.smith8@clinic.org
2026-10-09 14:43:02,686 INFO  [http-nio-8080-exec-26] c.e.api.PatientController - GET /api/v2/encounters/52709 completed in 170ms user=dr.smith1@clinic.org
2026-10-09 14:43:05,108 WARN  [http-nio-8080-exec-29] c.e.api.ReportService - Slow request /api/v2/reports took 1548ms
2026-10-09 14:43:07,127 INFO  [http-nio-8080-exec-30] c.e.api.PatientController - GET /api/v2/encounters/43047 completed in 66ms user=dr.smith2@clinic.org
2026-10-09 14:43:08,205 WARN  [http-nio-8080-exec-36] c.e.api.ReportService - Slow request /api/v2/reports took 2649ms
2026-10-09 14:43:10,211 INFO  [http-nio-8080-exec-28] c.e.api.PatientController - GET /api/v2/encounters/61354 completed in 145ms user=dr.smith2@clinic.org
2026-10-09 14:43:11,637 INFO  [http-nio-8080-exec-4] c.e.api.PatientController - GET /api/v2/encounters/14123 completed in 53ms user=dr.smith1@clinic.org
2026-10-09 14:43:12,841 INFO  [http-nio-8080-exec-13] c.e.api.PatientController - GET /api/v2/encounters/29634 completed in 120ms user=dr.smith4@clinic.org
2026-10-09 14:43:15,606 INFO  [http-nio-8080-exec-16] c.e.api.PatientController - GET /api/v2/encounters/66360 completed in 117ms user=dr.smith3@clinic.org
2026-10-09 14:43:16,241 INFO  [scheduler-1] c.e.jobs.SyncJob - Sync batch 839 done
2026-10-09 14:43:18,405 INFO  [http-nio-8080-exec-9] c.e.api.PatientController - GET /api/v2/encounters/36628 completed in 76ms user=dr.smith2@clinic.org
2026-10-09 14:43:19,891 INFO  [http-nio-8080-exec-33] c.e.api.PatientController - GET /api/v2/encounters/72583 completed in 113ms user=dr.smith3@clinic.org
2026-10-09 14:43:21,936 INFO  [http-nio-8080-exec-13] c.e.api.PatientController - GET /api/v2/encounters/29913 completed in 94ms user=dr.smith4@clinic.org
2026-10-09 14:43:23,759 INFO  [http-nio-8080-exec-30] c.e.api.PatientController - GET /api/v2/encounters/67191 completed in 78ms user=dr.smith4@clinic.org
2026-10-09 14:43:24,523 INFO  [http-nio-8080-exec-27] c.e.api.PatientController - GET /api/v2/encounters/55496 completed in 152ms user=dr.smith3@clinic.org
2026-10-09 14:43:27,697 INFO  [http-nio-8080-exec-23] c.e.api.PatientController - GET /api/v2/encounters/54246 completed in 39ms user=dr.smith8@clinic.org
2026-10-09 14:43:29,123 INFO  [http-nio-8080-exec-17] c.e.api.PatientController - GET /api/v2/encounters/53060 completed in 110ms user=dr.smith6@clinic.org
2026-10-09 14:43:31,086 INFO  [http-nio-8080-exec-16] c.e.api.PatientController - GET /api/v2/encounters/12476 completed in 114ms user=dr.smith4@clinic.org
2026-10-09 14:43:33,303 INFO  [http-nio-8080-exec-15] c.e.api.PatientController - GET /api/v2/encounters/74165 completed in 55ms user=dr.smith4@clinic.org
2026-10-09 14:43:36,316 INFO  [http-nio-8080-exec-36] c.e.api.PatientController - GET /api/v2/encounters/75874 completed in 150ms user=dr.smith2@clinic.org
2026-10-09 14:43:38,742 INFO  [http-nio-8080-exec-34] c.e.api.PatientController - GET /api/v2/encounters/66448 completed in 40ms user=dr.smith2@clinic.org
2026-10-09 14:43:40,860 INFO  [http-nio-8080-exec-27] c.e.api.PatientController - GET /api/v2/encounters/82675 completed in 160ms user=dr.smith6@clinic.org
2026-10-09 14:43:42,851 INFO  [http-nio-8080-exec-3] c.e.api.PatientController - GET /api/v2/encounters/31330 completed in 167ms user=dr.smith1@clinic.org
2026-10-09 14:43:45,549 INFO  [http-nio-8080-exec-34] c.e.api.PatientController - GET /api/v2/encounters/91707 completed in 110ms user=dr.smith3@clinic.org
2026-10-09 14:43:46,321 WARN  [http-nio-8080-exec-18] c.e.api.ReportService - Slow request /api/v2/reports took 2771ms
2026-10-09 14:43:49,287 INFO  [http-nio-8080-exec-30] c.e.api.PatientController - GET /api/v2/encounters/89245 completed in 95ms user=dr.smith5@clinic.org
2026-10-09 14:43:51,836 INFO  [scheduler-1] c.e.jobs.SyncJob - Sync batch 792 done
2026-10-09 14:43:53,049 INFO  [http-nio-8080-exec-40] c.e.api.PatientController - GET /api/v2/encounters/37597 completed in 21ms user=dr.smith7@clinic.org
2026-10-09 14:43:55,126 INFO  [http-nio-8080-exec-31] c.e.api.PatientController - GET /api/v2/encounters/3184 completed in 124ms user=dr.smith7@clinic.org
2026-10-09 14:43:56,839 INFO  [http-nio-8080-exec-16] c.e.api.PatientController - GET /api/v2/encounters/15546 completed in 96ms user=dr.smith4@clinic.org
2026-10-09 14:43:58,135 INFO  [http-nio-8080-exec-23] c.e.api.PatientController - GET /api/v2/encounters/19707 completed in 145ms user=dr.smith3@clinic.org
2026-10-09 14:44:00,889 WARN  [http-nio-8080-exec-2] c.e.api.ReportService - Slow request /api/v2/reports took 2638ms
2026-10-09 14:44:03,903 INFO  [http-nio-8080-exec-4] c.e.api.PatientController - GET /api/v2/encounters/29669 completed in 31ms user=dr.smith7@clinic.org
2026-10-09 14:44:05,440 INFO  [http-nio-8080-exec-21] c.e.api.PatientController - GET /api/v2/encounters/31463 completed in 109ms user=dr.smith5@clinic.org
2026-10-09 14:44:06,524 INFO  [http-nio-8080-exec-7] c.e.api.PatientController - GET /api/v2/encounters/51546 completed in 163ms user=dr.smith4@clinic.org
2026-10-09 14:44:09,168 INFO  [http-nio-8080-exec-29] c.e.api.PatientController - GET /api/v2/encounters/64639 completed in 49ms user=dr.smith4@clinic.org
2026-10-09 14:44:10,436 WARN  [http-nio-8080-exec-39] c.e.api.ReportService - Slow request /api/v2/reports took 2378ms
2026-10-09 14:44:11,355 INFO  [http-nio-8080-exec-12] c.e.api.PatientController - GET /api/v2/encounters/21205 completed in 126ms user=dr.smith6@clinic.org
2026-10-09 14:44:14,530 INFO  [http-nio-8080-exec-2] c.e.api.PatientController - GET /api/v2/encounters/5137 completed in 79ms user=dr.smith7@clinic.org
2026-10-09 14:44:15,504 INFO  [http-nio-8080-exec-37] c.e.api.PatientController - GET /api/v2/encounters/4957 completed in 87ms user=dr.smith3@clinic.org
2026-10-09 14:44:18,253 INFO  [http-nio-8080-exec-13] c.e.api.PatientController - GET /api/v2/encounters/26245 completed in 154ms user=dr.smith7@clinic.org
2026-10-09 14:44:20,349 INFO  [http-nio-8080-exec-21] c.e.api.PatientController - GET /api/v2/encounters/61698 completed in 100ms user=dr.smith4@clinic.org
2026-10-09 14:44:22,110 INFO  [http-nio-8080-exec-11] c.e.api.PatientController - GET /api/v2/encounters/20161 completed in 168ms user=dr.smith7@clinic.org
2026-10-09 14:44:25,832 INFO  [http-nio-8080-exec-11] c.e.api.PatientController - GET /api/v2/encounters/25309 completed in 91ms user=dr.smith1@clinic.org
2026-10-09 14:44:28,853 INFO  [http-nio-8080-exec-13] c.e.api.PatientController - GET /api/v2/encounters/28918 completed in 145ms user=dr.smith8@clinic.org
2026-10-09 14:44:30,741 INFO  [http-nio-8080-exec-38] c.e.api.PatientController - GET /api/v2/encounters/40346 completed in 65ms user=dr.smith8@clinic.org
2026-10-09 14:44:32,746 INFO  [http-nio-8080-exec-30] c.e.api.PatientController - GET /api/v2/encounters/88931 completed in 130ms user=dr.smith6@clinic.org
2026-10-09 14:44:35,506 INFO  [scheduler-1] c.e.jobs.SyncJob - Sync batch 673 done
2026-10-09 14:44:37,448 INFO  [http-nio-8080-exec-23] c.e.api.PatientController - GET /api/v2/encounters/3727 completed in 37ms user=dr.smith9@clinic.org
2026-10-09 14:44:39,430 INFO  [http-nio-8080-exec-19] c.e.api.PatientController - GET /api/v2/encounters/67713 completed in 21ms user=dr.smith4@clinic.org
2026-10-09 14:44:41,558 WARN  [http-nio-8080-exec-18] c.e.api.ReportService - Slow request /api/v2/reports took 1598ms
2026-10-09 14:44:43,679 WARN  [http-nio-8080-exec-5] c.e.api.ReportService - Slow request /api/v2/reports took 2887ms
2026-10-09 14:44:45,843 INFO  [http-nio-8080-exec-20] c.e.api.PatientController - GET /api/v2/encounters/2171 completed in 146ms user=dr.smith3@clinic.org
2026-10-09 14:44:46,727 INFO  [http-nio-8080-exec-28] c.e.api.PatientController - GET /api/v2/encounters/99076 completed in 100ms user=dr.smith7@clinic.org
2026-10-09 14:44:48,960 WARN  [http-nio-8080-exec-30] c.e.api.ReportService - Slow request /api/v2/reports took 2040ms
2026-10-09 14:44:50,577 INFO  [http-nio-8080-exec-12] c.e.api.PatientController - GET /api/v2/encounters/2730 completed in 120ms user=dr.smith9@clinic.org
2026-10-09 14:44:53,469 INFO  [http-nio-8080-exec-23] c.e.api.PatientController - GET /api/v2/encounters/53300 completed in 40ms user=dr.smith3@clinic.org
2026-10-09 14:44:55,408 INFO  [scheduler-1] c.e.jobs.SyncJob - Sync batch 479 done
2026-10-09 14:44:56,847 INFO  [http-nio-8080-exec-15] c.e.api.PatientController - GET /api/v2/encounters/55246 completed in 39ms user=dr.smith5@clinic.org
2026-10-09 14:44:58,962 INFO  [http-nio-8080-exec-16] c.e.api.PatientController - GET /api/v2/encounters/22632 completed in 74ms user=dr.smith7@clinic.org
2026-10-09 14:45:01,272 INFO  [http-nio-8080-exec-28] c.e.api.PatientController - GET /api/v2/encounters/32210 completed in 45ms user=dr.smith9@clinic.org
2026-10-09 14:45:03,756 INFO  [http-nio-8080-exec-24] c.e.api.PatientController - GET /api/v2/encounters/2335 completed in 114ms user=dr.smith8@clinic.org
2026-10-09 14:45:05,936 INFO  [http-nio-8080-exec-2] c.e.api.PatientController - GET /api/v2/encounters/57494 completed in 109ms user=dr.smith5@clinic.org
2026-10-09 14:45:08,462 INFO  [http-nio-8080-exec-11] c.e.api.PatientController - GET /api/v2/encounters/64412 completed in 159ms user=dr.smith3@clinic.org
2026-10-09 14:45:09,327 INFO  [http-nio-8080-exec-20] c.e.api.PatientController - GET /api/v2/encounters/37347 completed in 111ms user=dr.smith4@clinic.org
2026-10-09 14:45:10,375 INFO  [http-nio-8080-exec-7] c.e.api.PatientController - GET /api/v2/encounters/31628 completed in 116ms user=dr.smith6@clinic.org
2026-10-09 14:45:12,301 INFO  [http-nio-8080-exec-26] c.e.api.PatientController - GET /api/v2/encounters/86712 completed in 98ms user=dr.smith9@clinic.org
2026-10-09 14:45:13,731 INFO  [http-nio-8080-exec-15] c.e.api.PatientController - GET /api/v2/encounters/20856 completed in 67ms user=dr.smith4@clinic.org
2026-10-09 14:45:15,942 WARN  [http-nio-8080-exec-7] c.e.api.ReportService - Slow request /api/v2/reports took 1657ms
2026-10-09 14:45:17,291 INFO  [http-nio-8080-exec-29] c.e.api.PatientController - GET /api/v2/encounters/48172 completed in 154ms user=dr.smith1@clinic.org
2026-10-09 14:45:19,213 INFO  [http-nio-8080-exec-8] c.e.api.PatientController - GET /api/v2/encounters/68793 completed in 78ms user=dr.smith2@clinic.org
2026-10-09 14:45:20,706 INFO  [http-nio-8080-exec-23] c.e.api.PatientController - GET /api/v2/encounters/36878 completed in 39ms user=dr.smith3@clinic.org
2026-10-09 14:45:22,478 INFO  [http-nio-8080-exec-37] c.e.api.PatientController - GET /api/v2/encounters/68722 completed in 109ms user=dr.smith6@clinic.org
2026-10-09 14:45:23,659 INFO  [http-nio-8080-exec-31] c.e.api.PatientController - GET /api/v2/encounters/43076 completed in 76ms user=dr.smith4@clinic.org
2026-10-09 14:45:25,288 INFO  [scheduler-1] c.e.jobs.SyncJob - Sync batch 260 done
2026-10-09 14:45:26,226 INFO  [http-nio-8080-exec-28] c.e.api.PatientController - GET /api/v2/encounters/82328 completed in 41ms user=dr.smith9@clinic.org
2026-10-09 14:45:28,371 INFO  [http-nio-8080-exec-20] c.e.api.PatientController - GET /api/v2/encounters/20321 completed in 66ms user=dr.smith6@clinic.org
2026-10-09 14:45:29,561 INFO  [http-nio-8080-exec-39] c.e.api.PatientController - GET /api/v2/encounters/45318 completed in 86ms user=dr.smith3@clinic.org
2026-10-09 14:45:32,765 INFO  [http-nio-8080-exec-10] c.e.api.PatientController - GET /api/v2/encounters/26868 completed in 71ms user=dr.smith3@clinic.org
2026-10-09 14:45:35,764 INFO  [http-nio-8080-exec-16] c.e.api.PatientController - GET /api/v2/encounters/16656 completed in 61ms user=dr.smith3@clinic.org
2026-10-09 14:45:37,966 INFO  [http-nio-8080-exec-18] c.e.api.PatientController - GET /api/v2/encounters/38423 completed in 69ms user=dr.smith5@clinic.org
2026-10-09 14:45:39,321 INFO  [http-nio-8080-exec-17] c.e.api.PatientController - GET /api/v2/encounters/26218 completed in 53ms user=dr.smith7@clinic.org
2026-10-09 14:45:41,403 INFO  [http-nio-8080-exec-31] c.e.api.PatientController - GET /api/v2/encounters/46675 completed in 137ms user=dr.smith8@clinic.org
2026-10-09 14:45:42,270 INFO  [http-nio-8080-exec-20] c.e.api.PatientController - GET /api/v2/encounters/60381 completed in 125ms user=dr.smith6@clinic.org
2026-10-09 14:45:45,312 INFO  [http-nio-8080-exec-8] c.e.api.PatientController - GET /api/v2/encounters/75235 completed in 120ms user=dr.smith7@clinic.org
2026-10-09 14:45:46,010 INFO  [http-nio-8080-exec-22] c.e.api.PatientController - GET /api/v2/encounters/81498 completed in 119ms user=dr.smith3@clinic.org
2026-10-09 14:45:49,141 INFO  [http-nio-8080-exec-35] c.e.api.PatientController - GET /api/v2/encounters/25602 completed in 29ms user=dr.smith8@clinic.org
2026-10-09 14:45:50,510 WARN  [http-nio-8080-exec-11] c.e.api.ReportService - Slow request /api/v2/reports took 2903ms
2026-10-09 14:45:50,510 ERROR [metrics-1] c.e.metrics.StatsdClient - Failed to send metrics to statsd 10.0.0.9:8125: Connection refused
2026-10-09 14:45:52,075 INFO  [http-nio-8080-exec-28] c.e.api.PatientController - GET /api/v2/encounters/26640 completed in 168ms user=dr.smith4@clinic.org
2026-10-09 14:45:55,987 INFO  [http-nio-8080-exec-2] c.e.api.PatientController - GET /api/v2/encounters/61352 completed in 109ms user=dr.smith5@clinic.org
2026-10-09 14:45:57,825 WARN  [http-nio-8080-exec-2] c.e.api.ReportService - Slow request /api/v2/reports took 2712ms
2026-10-09 14:45:58,807 INFO  [http-nio-8080-exec-36] c.e.api.PatientController - GET /api/v2/encounters/3797 completed in 120ms user=dr.smith1@clinic.org
2026-10-09 14:46:00,549 WARN  [http-nio-8080-exec-32] c.e.api.ReportService - Slow request /api/v2/reports took 2192ms
2026-10-09 14:46:02,543 INFO  [http-nio-8080-exec-5] c.e.api.PatientController - GET /api/v2/encounters/28449 completed in 92ms user=dr.smith3@clinic.org
2026-10-09 14:46:04,891 INFO  [http-nio-8080-exec-13] c.e.api.PatientController - GET /api/v2/encounters/38483 completed in 83ms user=dr.smith2@clinic.org
2026-10-09 14:46:06,726 INFO  [http-nio-8080-exec-17] c.e.api.PatientController - GET /api/v2/encounters/60216 completed in 120ms user=dr.smith8@clinic.org
2026-10-09 14:46:07,615 INFO  [http-nio-8080-exec-3] c.e.api.PatientController - GET /api/v2/encounters/37602 completed in 30ms user=dr.smith7@clinic.org
2026-10-09 14:46:10,295 INFO  [http-nio-8080-exec-31] c.e.api.PatientController - GET /api/v2/encounters/41634 completed in 86ms user=dr.smith2@clinic.org
2026-10-09 14:46:12,988 INFO  [http-nio-8080-exec-24] c.e.api.PatientController - GET /api/v2/encounters/40093 completed in 172ms user=dr.smith3@clinic.org
2026-10-09 14:46:13,261 INFO  [http-nio-8080-exec-35] c.e.api.PatientController - GET /api/v2/encounters/56651 completed in 91ms user=dr.smith7@clinic.org
2026-10-09 14:46:16,696 INFO  [http-nio-8080-exec-34] c.e.api.PatientController - GET /api/v2/encounters/25117 completed in 159ms user=dr.smith7@clinic.org
2026-10-09 14:46:17,531 INFO  [http-nio-8080-exec-7] c.e.api.PatientController - GET /api/v2/encounters/17887 completed in 54ms user=dr.smith4@clinic.org
2026-10-09 14:46:19,792 INFO  [http-nio-8080-exec-17] c.e.api.PatientController - GET /api/v2/encounters/5986 completed in 154ms user=dr.smith2@clinic.org
2026-10-09 14:46:21,948 INFO  [http-nio-8080-exec-29] c.e.api.PatientController - GET /api/v2/encounters/34000 completed in 48ms user=dr.smith7@clinic.org
2026-10-09 14:46:24,528 INFO  [http-nio-8080-exec-3] c.e.api.PatientController - GET /api/v2/encounters/33016 completed in 143ms user=dr.smith1@clinic.org
2026-10-09 14:46:25,611 INFO  [http-nio-8080-exec-39] c.e.api.PatientController - GET /api/v2/encounters/87600 completed in 92ms user=dr.smith4@clinic.org
2026-10-09 14:46:27,561 INFO  [http-nio-8080-exec-16] c.e.api.PatientController - GET /api/v2/encounters/61017 completed in 38ms user=dr.smith9@clinic.org
2026-10-09 14:46:30,537 INFO  [http-nio-8080-exec-17] c.e.api.PatientController - GET /api/v2/encounters/26871 completed in 74ms user=dr.smith6@clinic.org
2026-10-09 14:46:31,445 INFO  [http-nio-8080-exec-22] c.e.api.PatientController - GET /api/v2/encounters/88714 completed in 98ms user=dr.smith2@clinic.org
2026-10-09 14:46:33,491 INFO  [http-nio-8080-exec-18] c.e.api.PatientController - GET /api/v2/encounters/40352 completed in 142ms user=dr.smith1@clinic.org
2026-10-09 14:46:35,455 INFO  [http-nio-8080-exec-8] c.e.api.PatientController - GET /api/v2/encounters/24389 completed in 115ms user=dr.smith2@clinic.org
2026-10-09 14:46:36,107 INFO  [http-nio-8080-exec-20] c.e.api.PatientController - GET /api/v2/encounters/65475 completed in 23ms user=dr.smith3@clinic.org
2026-10-09 14:46:37,215 INFO  [http-nio-8080-exec-21] c.e.api.PatientController - GET /api/v2/encounters/58049 completed in 74ms user=dr.smith1@clinic.org
2026-10-09 14:46:40,596 INFO  [http-nio-8080-exec-16] c.e.api.PatientController - GET /api/v2/encounters/82309 completed in 33ms user=dr.smith9@clinic.org
2026-10-09 14:46:42,854 INFO  [http-nio-8080-exec-18] c.e.api.PatientController - GET /api/v2/encounters/20658 completed in 68ms user=dr.smith4@clinic.org
2026-10-09 14:46:45,281 INFO  [http-nio-8080-exec-17] c.e.api.PatientController - GET /api/v2/encounters/4017 completed in 155ms user=dr.smith8@clinic.org
2026-10-09 14:46:47,322 INFO  [http-nio-8080-exec-29] c.e.api.PatientController - GET /api/v2/encounters/56001 completed in 87ms user=dr.smith4@clinic.org
2026-10-09 14:46:49,802 INFO  [http-nio-8080-exec-19] c.e.api.PatientController - GET /api/v2/encounters/41382 completed in 56ms user=dr.smith3@clinic.org
2026-10-09 14:46:50,714 INFO  [http-nio-8080-exec-30] c.e.api.PatientController - GET /api/v2/encounters/86236 completed in 60ms user=dr.smith9@clinic.org
2026-10-09 14:46:51,631 INFO  [http-nio-8080-exec-26] c.e.api.PatientController - GET /api/v2/encounters/60261 completed in 50ms user=dr.smith4@clinic.org
2026-10-09 14:46:53,450 INFO  [http-nio-8080-exec-4] c.e.api.PatientController - GET /api/v2/encounters/45035 completed in 96ms user=dr.smith8@clinic.org
2026-10-09 14:46:55,315 INFO  [http-nio-8080-exec-18] c.e.api.PatientController - GET /api/v2/encounters/93595 completed in 79ms user=dr.smith7@clinic.org
2026-10-09 14:46:57,009 INFO  [http-nio-8080-exec-34] c.e.api.PatientController - GET /api/v2/encounters/42606 completed in 101ms user=dr.smith4@clinic.org
2026-10-09 14:46:59,084 INFO  [http-nio-8080-exec-24] c.e.api.PatientController - GET /api/v2/encounters/90645 completed in 172ms user=dr.smith2@clinic.org
2026-10-09 14:47:01,665 INFO  [http-nio-8080-exec-32] c.e.api.PatientController - GET /api/v2/encounters/71049 completed in 81ms user=dr.smith7@clinic.org
2026-10-09 14:47:04,573 WARN  [http-nio-8080-exec-40] c.e.api.ReportService - Slow request /api/v2/reports took 1858ms
2026-10-09 14:47:06,331 INFO  [http-nio-8080-exec-33] c.e.api.PatientController - GET /api/v2/encounters/10981 completed in 34ms user=dr.smith3@clinic.org
2026-10-09 14:47:09,570 INFO  [http-nio-8080-exec-26] c.e.api.PatientController - GET /api/v2/encounters/3856 completed in 81ms user=dr.smith3@clinic.org
2026-10-09 14:47:12,784 WARN  [http-nio-8080-exec-13] c.e.api.ReportService - Slow request /api/v2/reports took 2191ms
2026-10-09 14:47:13,729 WARN  [http-nio-8080-exec-20] c.e.api.ReportService - Slow request /api/v2/reports took 1851ms
2026-10-09 14:47:15,704 INFO  [http-nio-8080-exec-40] c.e.api.PatientController - GET /api/v2/encounters/66512 completed in 113ms user=dr.smith7@clinic.org
2026-10-09 14:47:17,202 INFO  [http-nio-8080-exec-3] c.e.api.PatientController - GET /api/v2/encounters/31038 completed in 154ms user=dr.smith6@clinic.org
2026-10-09 14:47:19,840 INFO  [http-nio-8080-exec-38] c.e.api.PatientController - GET /api/v2/encounters/81906 completed in 160ms user=dr.smith8@clinic.org
2026-10-09 14:47:21,827 INFO  [http-nio-8080-exec-24] c.e.api.PatientController - GET /api/v2/encounters/43478 completed in 147ms user=dr.smith7@clinic.org
2026-10-09 14:47:22,975 INFO  [http-nio-8080-exec-12] c.e.api.PatientController - GET /api/v2/encounters/51539 completed in 172ms user=dr.smith1@clinic.org
2026-10-09 14:47:24,186 INFO  [scheduler-1] c.e.jobs.SyncJob - Sync batch 782 done
2026-10-09 14:47:25,361 INFO  [http-nio-8080-exec-39] c.e.api.PatientController - GET /api/v2/encounters/49234 completed in 153ms user=dr.smith3@clinic.org
2026-10-09 14:47:28,352 INFO  [http-nio-8080-exec-28] c.e.api.PatientController - GET /api/v2/encounters/35216 completed in 135ms user=dr.smith2@clinic.org
2026-10-09 14:47:30,119 INFO  [http-nio-8080-exec-24] c.e.api.PatientController - GET /api/v2/encounters/84062 completed in 87ms user=dr.smith1@clinic.org
2026-10-09 14:47:33,997 INFO  [http-nio-8080-exec-21] c.e.api.PatientController - GET /api/v2/encounters/4468 completed in 129ms user=dr.smith2@clinic.org
2026-10-09 14:47:34,707 INFO  [http-nio-8080-exec-37] c.e.api.PatientController - GET /api/v2/encounters/77787 completed in 136ms user=dr.smith8@clinic.org
2026-10-09 14:47:37,480 WARN  [http-nio-8080-exec-24] c.e.api.ReportService - Slow request /api/v2/reports took 2347ms
2026-10-09 14:47:38,551 INFO  [http-nio-8080-exec-20] c.e.api.PatientController - GET /api/v2/encounters/33035 completed in 178ms user=dr.smith4@clinic.org
2026-10-09 14:47:40,181 INFO  [http-nio-8080-exec-32] c.e.api.PatientController - GET /api/v2/encounters/84351 completed in 163ms user=dr.smith8@clinic.org
2026-10-09 14:47:41,042 INFO  [scheduler-1] c.e.jobs.SyncJob - Sync batch 971 done
2026-10-09 14:47:43,161 INFO  [http-nio-8080-exec-26] c.e.api.PatientController - GET /api/v2/encounters/31304 completed in 146ms user=dr.smith3@clinic.org
2026-10-09 14:47:45,332 INFO  [scheduler-1] c.e.jobs.SyncJob - Sync batch 192 done
2026-10-09 14:47:47,945 WARN  [http-nio-8080-exec-1] c.e.api.ReportService - Slow request /api/v2/reports took 2334ms
2026-10-09 14:47:49,947 INFO  [http-nio-8080-exec-2] c.e.api.PatientController - GET /api/v2/encounters/37680 completed in 27ms user=dr.smith9@clinic.org
2026-10-09 14:47:52,888 INFO  [http-nio-8080-exec-4] c.e.api.PatientController - GET /api/v2/encounters/35073 completed in 177ms user=dr.smith3@clinic.org
2026-10-09 14:47:55,666 INFO  [http-nio-8080-exec-8] c.e.api.PatientController - GET /api/v2/encounters/86708 completed in 133ms user=dr.smith2@clinic.org
2026-10-09 14:47:56,895 INFO  [http-nio-8080-exec-38] c.e.api.PatientController - GET /api/v2/encounters/31971 completed in 72ms user=dr.smith6@clinic.org
2026-10-09 14:47:58,050 INFO  [http-nio-8080-exec-8] c.e.api.PatientController - GET /api/v2/encounters/80462 completed in 96ms user=dr.smith2@clinic.org
2026-10-09 14:48:00,739 INFO  [http-nio-8080-exec-11] c.e.api.PatientController - GET /api/v2/encounters/94116 completed in 84ms user=dr.smith3@clinic.org
2026-10-09 14:48:02,969 INFO  [http-nio-8080-exec-21] c.e.api.PatientController - GET /api/v2/encounters/6182 completed in 180ms user=dr.smith8@clinic.org
2026-10-09 14:48:04,039 INFO  [http-nio-8080-exec-5] c.e.api.PatientController - GET /api/v2/encounters/71237 completed in 75ms user=dr.smith9@clinic.org
2026-10-09 14:48:05,445 WARN  [http-nio-8080-exec-8] c.e.api.ReportService - Slow request /api/v2/reports took 1864ms
2026-10-09 14:48:08,386 INFO  [scheduler-1] c.e.jobs.SyncJob - Sync batch 925 done
2026-10-09 14:48:09,257 INFO  [http-nio-8080-exec-32] c.e.api.PatientController - GET /api/v2/encounters/1355 completed in 161ms user=dr.smith9@clinic.org
2026-10-09 14:48:11,293 INFO  [http-nio-8080-exec-17] c.e.api.PatientController - GET /api/v2/encounters/40589 completed in 83ms user=dr.smith5@clinic.org
2026-10-09 14:48:14,172 INFO  [http-nio-8080-exec-17] c.e.api.PatientController - GET /api/v2/encounters/6878 completed in 52ms user=dr.smith1@clinic.org
2026-10-09 14:48:16,376 INFO  [http-nio-8080-exec-35] c.e.api.PatientController - GET /api/v2/encounters/2893 completed in 77ms user=dr.smith2@clinic.org
2026-10-09 14:48:17,624 INFO  [http-nio-8080-exec-30] c.e.api.PatientController - GET /api/v2/encounters/16914 completed in 158ms user=dr.smith7@clinic.org
2026-10-09 14:48:20,418 WARN  [http-nio-8080-exec-5] c.e.api.ReportService - Slow request /api/v2/reports took 1653ms
2026-10-09 14:48:22,110 INFO  [http-nio-8080-exec-2] c.e.api.PatientController - GET /api/v2/encounters/11881 completed in 150ms user=dr.smith8@clinic.org
2026-10-09 14:48:23,554 INFO  [http-nio-8080-exec-35] c.e.api.PatientController - GET /api/v2/encounters/25544 completed in 132ms user=dr.smith2@clinic.org
2026-10-09 14:48:26,483 INFO  [http-nio-8080-exec-13] c.e.api.PatientController - GET /api/v2/encounters/4498 completed in 121ms user=dr.smith2@clinic.org
2026-10-09 14:48:28,032 INFO  [http-nio-8080-exec-24] c.e.api.PatientController - GET /api/v2/encounters/73389 completed in 85ms user=dr.smith9@clinic.org
2026-10-09 14:48:30,954 INFO  [http-nio-8080-exec-40] c.e.api.PatientController - GET /api/v2/encounters/28015 completed in 105ms user=dr.smith3@clinic.org
2026-10-09 14:48:32,619 INFO  [http-nio-8080-exec-14] c.e.api.PatientController - GET /api/v2/encounters/20941 completed in 127ms user=dr.smith3@clinic.org
2026-10-09 14:48:35,606 INFO  [http-nio-8080-exec-22] c.e.api.PatientController - GET /api/v2/encounters/36679 completed in 116ms user=dr.smith2@clinic.org
2026-10-09 14:48:37,789 INFO  [http-nio-8080-exec-25] c.e.api.PatientController - GET /api/v2/encounters/58763 completed in 137ms user=dr.smith7@clinic.org
2026-10-09 14:48:39,346 INFO  [http-nio-8080-exec-6] c.e.api.PatientController - GET /api/v2/encounters/71812 completed in 57ms user=dr.smith7@clinic.org
2026-10-09 14:48:41,692 INFO  [http-nio-8080-exec-4] c.e.api.PatientController - GET /api/v2/encounters/89041 completed in 28ms user=dr.smith6@clinic.org
2026-10-09 14:48:43,329 INFO  [http-nio-8080-exec-33] c.e.api.PatientController - GET /api/v2/encounters/11889 completed in 55ms user=dr.smith6@clinic.org
2026-10-09 14:48:44,571 INFO  [http-nio-8080-exec-11] c.e.api.PatientController - GET /api/v2/encounters/7050 completed in 158ms user=dr.smith5@clinic.org
2026-10-09 14:48:46,594 INFO  [http-nio-8080-exec-1] c.e.api.PatientController - GET /api/v2/encounters/58886 completed in 179ms user=dr.smith1@clinic.org
2026-10-09 14:48:49,101 INFO  [http-nio-8080-exec-34] c.e.api.PatientController - GET /api/v2/encounters/20283 completed in 71ms user=dr.smith3@clinic.org
2026-10-09 14:48:50,322 INFO  [http-nio-8080-exec-39] c.e.api.PatientController - GET /api/v2/encounters/57372 completed in 109ms user=dr.smith1@clinic.org
2026-10-09 14:48:52,375 INFO  [http-nio-8080-exec-3] c.e.api.PatientController - GET /api/v2/encounters/48243 completed in 180ms user=dr.smith6@clinic.org
2026-10-09 14:48:53,435 INFO  [http-nio-8080-exec-25] c.e.api.PatientController - GET /api/v2/encounters/75617 completed in 105ms user=dr.smith7@clinic.org
2026-10-09 14:48:54,002 INFO  [http-nio-8080-exec-21] c.e.api.PatientController - GET /api/v2/encounters/41366 completed in 70ms user=dr.smith5@clinic.org
2026-10-09 14:48:57,395 INFO  [http-nio-8080-exec-27] c.e.api.PatientController - GET /api/v2/encounters/19756 completed in 148ms user=dr.smith3@clinic.org
2026-10-09 14:48:59,958 INFO  [http-nio-8080-exec-4] c.e.api.PatientController - GET /api/v2/encounters/79753 completed in 146ms user=dr.smith7@clinic.org
2026-10-09 14:49:02,939 INFO  [http-nio-8080-exec-14] c.e.api.PatientController - GET /api/v2/encounters/58497 completed in 57ms user=dr.smith8@clinic.org
2026-10-09 14:49:03,441 INFO  [http-nio-8080-exec-22] c.e.api.PatientController - GET /api/v2/encounters/15761 completed in 156ms user=dr.smith8@clinic.org
2026-10-09 14:49:05,287 WARN  [http-nio-8080-exec-26] c.e.api.ReportService - Slow request /api/v2/reports took 2643ms
2026-10-09 14:49:08,735 INFO  [http-nio-8080-exec-25] c.e.api.PatientController - GET /api/v2/encounters/64800 completed in 128ms user=dr.smith2@clinic.org
2026-10-09 14:49:11,697 INFO  [http-nio-8080-exec-23] c.e.api.PatientController - GET /api/v2/encounters/49899 completed in 39ms user=dr.smith6@clinic.org
2026-10-09 14:49:13,177 INFO  [http-nio-8080-exec-39] c.e.api.PatientController - GET /api/v2/encounters/89628 completed in 25ms user=dr.smith2@clinic.org
2026-10-09 14:49:16,171 INFO  [http-nio-8080-exec-11] c.e.api.PatientController - GET /api/v2/encounters/71173 completed in 90ms user=dr.smith5@clinic.org
2026-10-09 14:49:18,993 INFO  [http-nio-8080-exec-18] c.e.api.PatientController - GET /api/v2/encounters/84394 completed in 156ms user=dr.smith8@clinic.org
2026-10-09 14:49:21,883 INFO  [http-nio-8080-exec-40] c.e.api.PatientController - GET /api/v2/encounters/28591 completed in 108ms user=dr.smith2@clinic.org
2026-10-09 14:49:24,025 INFO  [http-nio-8080-exec-32] c.e.api.PatientController - GET /api/v2/encounters/97881 completed in 41ms user=dr.smith5@clinic.org
2026-10-09 14:49:26,516 INFO  [http-nio-8080-exec-34] c.e.api.PatientController - GET /api/v2/encounters/82974 completed in 179ms user=dr.smith9@clinic.org
2026-10-09 14:49:28,123 INFO  [http-nio-8080-exec-17] c.e.api.PatientController - GET /api/v2/encounters/89646 completed in 26ms user=dr.smith2@clinic.org
2026-10-09 14:49:30,387 INFO  [http-nio-8080-exec-29] c.e.api.PatientController - GET /api/v2/encounters/68943 completed in 74ms user=dr.smith5@clinic.org
2026-10-09 14:49:32,836 INFO  [http-nio-8080-exec-8] c.e.api.PatientController - GET /api/v2/encounters/7998 completed in 84ms user=dr.smith2@clinic.org
2026-10-09 14:49:34,471 INFO  [http-nio-8080-exec-30] c.e.api.PatientController - GET /api/v2/encounters/97885 completed in 40ms user=dr.smith9@clinic.org
2026-10-09 14:49:35,826 INFO  [http-nio-8080-exec-1] c.e.api.PatientController - GET /api/v2/encounters/75736 completed in 155ms user=dr.smith2@clinic.org
2026-10-09 14:49:37,807 INFO  [http-nio-8080-exec-6] c.e.api.PatientController - GET /api/v2/encounters/78082 completed in 87ms user=dr.smith5@clinic.org
2026-10-09 14:49:40,706 INFO  [http-nio-8080-exec-16] c.e.api.PatientController - GET /api/v2/encounters/18881 completed in 115ms user=dr.smith7@clinic.org
2026-10-09 14:49:42,394 INFO  [http-nio-8080-exec-37] c.e.api.PatientController - GET /api/v2/encounters/8662 completed in 62ms user=dr.smith8@clinic.org
2026-10-09 14:49:45,974 INFO  [http-nio-8080-exec-11] c.e.api.PatientController - GET /api/v2/encounters/98973 completed in 44ms user=dr.smith6@clinic.org
2026-10-09 14:49:47,471 INFO  [http-nio-8080-exec-28] c.e.api.PatientController - GET /api/v2/encounters/67592 completed in 140ms user=dr.smith6@clinic.org
2026-10-09 14:49:48,070 INFO  [http-nio-8080-exec-15] c.e.api.PatientController - GET /api/v2/encounters/67283 completed in 162ms user=dr.smith4@clinic.org
2026-10-09 14:49:50,984 WARN  [http-nio-8080-exec-30] c.e.api.ReportService - Slow request /api/v2/reports took 2082ms
2026-10-09 14:49:53,730 INFO  [http-nio-8080-exec-26] c.e.api.PatientController - GET /api/v2/encounters/16863 completed in 37ms user=dr.smith2@clinic.org
2026-10-09 14:49:55,149 WARN  [http-nio-8080-exec-20] c.e.api.ReportService - Slow request /api/v2/reports took 1821ms
2026-10-09 14:49:56,265 INFO  [http-nio-8080-exec-3] c.e.api.PatientController - GET /api/v2/encounters/22729 completed in 122ms user=dr.smith6@clinic.org
2026-10-09 14:49:59,004 INFO  [http-nio-8080-exec-32] c.e.api.PatientController - GET /api/v2/encounters/6129 completed in 98ms user=dr.smith4@clinic.org
2026-10-09 14:50:02,715 INFO  [http-nio-8080-exec-22] c.e.api.PatientController - GET /api/v2/encounters/21251 completed in 65ms user=dr.smith1@clinic.org
