10-09-2026 13:30:00.284 +0000 INFO  TailReader - Batch input finished reading file='/var/log/app/app.log.7'
10-09-2026 13:30:02.180 +0000 INFO  TailReader - Batch input finished reading file='/var/log/app/app.log.4'
10-09-2026 13:30:04.619 +0000 INFO  TailReader - Batch input finished reading file='/var/log/app/app.log.5'
10-09-2026 13:30:06.074 +0000 INFO  TailReader - Batch input finished reading file='/var/log/app/app.log.7'
10-09-2026 13:30:06.369 +0000 ERROR ExecProcessor - message from "/opt/splunk/bin/python3 /opt/splunk/etc/apps/TA-x/bin/poll.py" requests.exceptions.ConnectionError: timeout
10-09-2026 13:30:08.934 +0000 INFO  TailReader - Batch input finished reading file='/var/log/app/app.log.9'
10-09-2026 13:30:11.573 +0000 INFO  TailReader - Batch input finished reading file='/var/log/app/app.log.7'
10-09-2026 13:30:11.608 +0000 INFO  TailReader - Batch input finished reading file='/var/log/app/app.log.3'
10-09-2026 13:30:13.836 +0000 INFO  TailReader - Batch input finished reading file='/var/log/app/app.log.6'
10-09-2026 13:30:14.558 +0000 WARN  DateParserVerbose - Failed to parse timestamp in first MAX_TIMESTAMP_LOOKAHEAD (128) characters of event. Defaulting to timestamp of previous event. Context: source=/var/log/app/batch.log|host=web01
10-09-2026 13:30:15.033 +0000 INFO  IndexProcessor - indexing bucket hot_v1_109 for index=main
10-09-2026 13:30:16.578 +0000 INFO  IndexProcessor - indexing bucket hot_v1_120 for index=main
10-09-2026 13:30:17.005 +0000 INFO  TailReader - Batch input finished reading file='/var/log/app/app.log.5'
10-09-2026 13:30:18.936 +0000 INFO  TailReader - Batch input finished reading file='/var/log/app/app.log.1'
10-09-2026 13:30:18.322 +0000 INFO  TailReader - Batch input finished reading file='/var/log/app/app.log.6'
10-09-2026 13:30:19.995 +0000 INFO  IndexProcessor - indexing bucket hot_v1_112 for index=main
10-09-2026 13:30:21.505 +0000 INFO  IndexProcessor - indexing bucket hot_v1_114 for index=main
10-09-2026 13:30:23.097 +0000 INFO  TailReader - Batch input finished reading file='/var/log/app/app.log.3'
10-09-2026 13:30:25.971 +0000 WARN  DateParserVerbose - Failed to parse timestamp in first MAX_TIMESTAMP_LOOKAHEAD (128) characters of event. Defaulting to timestamp of previous event. Context: source=/var/log/app/batch.log|host=web03
10-09-2026 13:30:26.099 +0000 INFO  TailReader - Batch input finished reading file='/var/log/app/app.log.8'
10-09-2026 13:30:28.540 +0000 INFO  TailReader - Batch input finished reading file='/var/log/app/app.log.4'
10-09-2026 13:30:29.990 +0000 INFO  TailReader - Batch input finished reading file='/var/log/app/app.log.3'
10-09-2026 13:30:30.453 +0000 INFO  IndexProcessor - indexing bucket hot_v1_118 for index=main
10-09-2026 13:30:31.167 +0000 INFO  TailReader - Batch input finished reading file='/var/log/app/app.log.5'
10-09-2026 13:30:33.081 +0000 WARN  DateParserVerbose - Failed to parse timestamp in first MAX_TIMESTAMP_LOOKAHEAD (128) characters of event. Defaulting to timestamp of previous event. Context: source=/var/log/app/batch.log|host=web01
10-09-2026 13:30:35.739 +0000 INFO  TailReader - Batch input finished reading file='/var/log/app/app.log.7'
10-09-2026 13:30:36.312 +0000 WARN  DateParserVerbose - Failed to parse timestamp in first MAX_TIMESTAMP_LOOKAHEAD (128) characters of event. Defaulting to timestamp of previous event. Context: source=/var/log/app/batch.log|host=web02
10-09-2026 13:30:38.852 +0000 ERROR ExecProcessor - message from "/opt/splunk/bin/python3 /opt/splunk/etc/apps/TA-x/bin/poll.py" requests.exceptions.ConnectionError: timeout
10-09-2026 13:30:40.496 +0000 INFO  TailReader - Batch input finished reading file='/var/log/app/app.log.5'
10-09-2026 13:30:42.585 +0000 INFO  TailReader - Batch input finished reading file='/var/log/app/app.log.2'
10-09-2026 13:30:43.576 +0000 INFO  TailReader - Batch input finished reading file='/var/log/app/app.log.7'
10-09-2026 13:30:44.821 +0000 ERROR ExecProcessor - message from "/opt/splunk/bin/python3 /opt/splunk/etc/apps/TA-x/bin/poll.py" requests.exceptions.ConnectionError: timeout
10-09-2026 13:30:47.222 +0000 INFO  IndexProcessor - indexing bucket hot_v1_100 for index=main
10-09-2026 13:30:49.895 +0000 INFO  TailReader - Batch input finished reading file='/var/log/app/app.log.9'
10-09-2026 13:30:50.197 +0000 WARN  DateParserVerbose - Failed to parse timestamp in first MAX_TIMESTAMP_LOOKAHEAD (128) characters of event. Defaulting to timestamp of previous event. Context: source=/var/log/app/batch.log|host=web04
10-09-2026 13:30:51.113 +0000 INFO  IndexProcessor - indexing bucket hot_v1_109 for index=main
10-09-2026 13:30:52.442 +0000 INFO  TailReader - Batch input finished reading file='/var/log/app/app.log.6'
10-09-2026 13:30:54.000 +0000 INFO  TailReader - Batch input finished reading file='/var/log/app/app.log.4'
10-09-2026 13:30:54.209 +0000 INFO  TailReader - Batch input finished reading file='/var/log/app/app.log.5'
10-09-2026 13:30:55.000 +0000 INFO  IndexProcessor - indexing bucket hot_v1_107 for index=main
10-09-2026 13:30:58.303 +0000 INFO  TailReader - Batch input finished reading file='/var/log/app/app.log.1'
10-09-2026 13:30:59.385 +0000 INFO  TailReader - Batch input finished reading file='/var/log/app/app.log.8'
10-09-2026 13:31:00.236 +0000 INFO  TailReader - Batch input finished reading file='/var/log/app/app.log.4'
10-09-2026 13:31:01.560 +0000 INFO  TailReader - Batch input finished reading file='/var/log/app/app.log.5'
10-09-2026 13:31:03.947 +0000 WARN  DateParserVerbose - Failed to parse timestamp in first MAX_TIMESTAMP_LOOKAHEAD (128) characters of event. Defaulting to timestamp of previous event. Context: source=/var/log/app/batch.log|host=web02
10-09-2026 13:31:05.152 +0000 INFO  TailReader - Batch input finished reading file='/var/log/app/app.log.1'
10-09-2026 13:31:07.401 +0000 INFO  IndexProcessor - indexing bucket hot_v1_106 for index=main
10-09-2026 13:31:09.664 +0000 INFO  TailReader - Batch input finished reading file='/var/log/app/app.log.1'
10-09-2026 13:31:11.672 +0000 INFO  IndexProcessor - indexing bucket hot_v1_109 for index=main
10-09-2026 13:31:12.494 +0000 ERROR ExecProcessor - message from "/opt/splunk/bin/python3 /opt/splunk/etc/apps/TA-x/bin/poll.py" requests.exceptions.ConnectionError: timeout
10-09-2026 13:31:14.144 +0000 INFO  TailReader - Batch input finished reading file='/var/log/app/app.log.5'
10-09-2026 13:31:16.429 +0000 INFO  TailReader - Batch input finished reading file='/var/log/app/app.log.1'
10-09-2026 13:31:17.998 +0000 INFO  TailReader - Batch input finished reading file='/var/log/app/app.log.3'
10-09-2026 13:31:18.620 +0000 INFO  TailReader - Batch input finished reading file='/var/log/app/app.log.9'
10-09-2026 13:31:19.386 +0000 INFO  TailReader - Batch input finished reading file='/var/log/app/app.log.3'
10-09-2026 13:31:22.716 +0000 INFO  TailReader - Batch input finished reading file='/var/log/app/app.log.2'
10-09-2026 13:31:23.962 +0000 WARN  DateParserVerbose - Failed to parse timestamp in first MAX_TIMESTAMP_LOOKAHEAD (128) characters of event. Defaulting to timestamp of previous event. Context: source=/var/log/app/batch.log|host=web03
10-09-2026 13:31:24.890 +0000 INFO  TailReader - Batch input finished reading file='/var/log/app/app.log.6'
10-09-2026 13:31:25.364 +0000 WARN  DateParserVerbose - Failed to parse timestamp in first MAX_TIMESTAMP_LOOKAHEAD (128) characters of event. Defaulting to timestamp of previous event. Context: source=/var/log/app/batch.log|host=web02
10-09-2026 13:31:26.967 +0000 INFO  TailReader - Batch input finished reading file='/var/log/app/app.log.2'
10-09-2026 13:31:26.334 +0000 INFO  TailReader - Batch input finished reading file='/var/log/app/app.log.7'
10-09-2026 13:31:27.357 +0000 INFO  IndexProcessor - indexing bucket hot_v1_109 for index=main
10-09-2026 13:31:30.140 +0000 INFO  TailReader - Batch input finished reading file='/var/log/app/app.log.3'
10-09-2026 13:31:32.112 +0000 INFO  TailReader - Batch input finished reading file='/var/log/app/app.log.3'
10-09-2026 13:31:32.031 +0000 WARN  DateParserVerbose - Failed to parse timestamp in first MAX_TIMESTAMP_LOOKAHEAD (128) characters of event. Defaulting to timestamp of previous event. Context: source=/var/log/app/batch.log|host=web02
10-09-2026 13:31:35.376 +0000 INFO  TailReader - Batch input finished reading file='/var/log/app/app.log.6'
10-09-2026 13:31:37.453 +0000 INFO  TailReader - Batch input finished reading file='/var/log/app/app.log.5'
10-09-2026 13:31:38.147 +0000 INFO  TailReader - Batch input finished reading file='/var/log/app/app.log.9'
10-09-2026 13:31:39.529 +0000 INFO  IndexProcessor - indexing bucket hot_v1_119 for index=main
10-09-2026 13:31:41.307 +0000 WARN  DateParserVerbose - Failed to parse timestamp in first MAX_TIMESTAMP_LOOKAHEAD (128) characters of event. Defaulting to timestamp of previous event. Context: source=/var/log/app/batch.log|host=web03
10-09-2026 13:31:41.408 +0000 INFO  IndexProcessor - indexing bucket hot_v1_119 for index=main
10-09-2026 13:31:44.994 +0000 INFO  TailReader - Batch input finished reading file='/var/log/app/app.log.4'
10-09-2026 13:31:45.106 +0000 INFO  TailReader - Batch input finished reading file='/var/log/app/app.log.7'
10-09-2026 13:31:46.496 +0000 ERROR ExecProcessor - message from "/opt/splunk/bin/python3 /opt/splunk/etc/apps/TA-x/bin/poll.py" requests.exceptions.ConnectionError: timeout
10-09-2026 13:31:47.623 +0000 ERROR ExecProcessor - message from "/opt/splunk/bin/python3 /opt/splunk/etc/apps/TA-x/bin/poll.py" requests.exceptions.ConnectionError: timeout
10-09-2026 13:31:49.565 +0000 INFO  TailReader - Batch input finished reading file='/var/log/app/app.log.9'
10-09-2026 13:31:50.315 +0000 INFO  TailReader - Batch input finished reading file='/var/log/app/app.log.1'
10-09-2026 13:31:52.540 +0000 INFO  IndexProcessor - indexing bucket hot_v1_103 for index=main
10-09-2026 13:31:54.479 +0000 INFO  TailReader - Batch input finished reading file='/var/log/app/app.log.9'
10-09-2026 13:31:56.468 +0000 INFO  TailReader - Batch input finished reading file='/var/log/app/app.log.7'
10-09-2026 13:31:58.772 +0000 INFO  TailReader - Batch input finished reading file='/var/log/app/app.log.6'
10-09-2026 13:32:00.968 +0000 INFO  TailReader - Batch input finished reading file='/var/log/app/app.log.5'
10-09-2026 13:32:02.050 +0000 INFO  TailReader - Batch input finished reading file='/var/log/app/app.log.7'
10-09-2026 13:32:04.346 +0000 INFO  IndexProcessor - indexing bucket hot_v1_112 for index=main
10-09-2026 13:32:05.288 +0000 WARN  DateParserVerbose - Failed to parse timestamp in first MAX_TIMESTAMP_LOOKAHEAD (128) characters of event. Defaulting to timestamp of previous event. Context: source=/var/log/app/batch.log|host=web02
10-09-2026 13:32:07.518 +0000 INFO  IndexProcessor - indexing bucket hot_v1_110 for index=main
10-09-2026 13:32:09.659 +0000 INFO  IndexProcessor - indexing bucket hot_v1_112 for index=main
10-09-2026 13:32:11.090 +0000 INFO  TailReader - Batch input finished reading file='/var/log/app/app.log.1'
10-09-2026 13:32:11.905 +0000 INFO  TailReader - Batch input finished reading file='/var/log/app/app.log.1'
10-09-2026 13:32:13.869 +0000 INFO  IndexProcessor - indexing bucket hot_v1_115 for index=main
10-09-2026 13:32:14.267 +0000 INFO  TailReader - Batch input finished reading file='/var/log/app/app.log.2'
10-09-2026 13:32:15.069 +0000 INFO  IndexProcessor - indexing bucket hot_v1_114 for index=main
10-09-2026 13:32:16.179 +0000 INFO  TailReader - Batch input finished reading file='/var/log/app/app.log.9'
10-09-2026 13:32:18.842 +0000 WARN  DateParserVerbose - Failed to parse timestamp in first MAX_TIMESTAMP_LOOKAHEAD (128) characters of event. Defaulting to timestamp of previous event. Context: source=/var/log/app/batch.log|host=web04
10-09-2026 13:32:19.908 +0000 INFO  TailReader - Batch input finished reading file='/var/log/app/app.log.7'
10-09-2026 13:32:20.008 +0000 WARN  DateParserVerbose - Failed to parse timestamp in first MAX_TIMESTAMP_LOOKAHEAD (128) characters of event. Defaulting to timestamp of previous event. Context: source=/var/log/app/batch.log|host=web02
10-09-2026 13:32:21.003 +0000 WARN  DateParserVerbose - Failed to parse timestamp in first MAX_TIMESTAMP_LOOKAHEAD (128) characters of event. Defaulting to timestamp of previous event. Context: source=/var/log/app/batch.log|host=web01
10-09-2026 13:32:23.063 +0000 WARN  DateParserVerbose - Failed to parse timestamp in first MAX_TIMESTAMP_LOOKAHEAD (128) characters of event. Defaulting to timestamp of previous event. Context: source=/var/log/app/batch.log|host=web04
10-09-2026 13:32:23.056 +0000 INFO  TailReader - Batch input finished reading file='/var/log/app/app.log.5'
10-09-2026 13:32:24.880 +0000 INFO  TailReader - Batch input finished reading file='/var/log/app/app.log.2'
10-09-2026 13:32:26.416 +0000 INFO  TailReader - Batch input finished reading file='/var/log/app/app.log.6'
10-09-2026 13:32:28.977 +0000 INFO  TailReader - Batch input finished reading file='/var/log/app/app.log.2'
10-09-2026 13:32:29.316 +0000 INFO  IndexProcessor - indexing bucket hot_v1_106 for index=main
10-09-2026 13:32:31.831 +0000 WARN  DateParserVerbose - Failed to parse timestamp in first MAX_TIMESTAMP_LOOKAHEAD (128) characters of event. Defaulting to timestamp of previous event. Context: source=/var/log/app/batch.log|host=web04
10-09-2026 13:32:32.820 +0000 INFO  TailReader - Batch input finished reading file='/var/log/app/app.log.4'
10-09-2026 13:32:33.693 +0000 INFO  TailReader - Batch input finished reading file='/var/log/app/app.log.3'
10-09-2026 13:32:34.635 +0000 INFO  TailReader - Batch input finished reading file='/var/log/app/app.log.7'
10-09-2026 13:32:34.528 +0000 INFO  TailReader - Batch input finished reading file='/var/log/app/app.log.6'
10-09-2026 13:32:36.987 +0000 INFO  IndexProcessor - indexing bucket hot_v1_106 for index=main
10-09-2026 13:32:37.254 +0000 INFO  TailReader - Batch input finished reading file='/var/log/app/app.log.6'
10-09-2026 13:32:40.426 +0000 INFO  IndexProcessor - indexing bucket hot_v1_116 for index=main
10-09-2026 13:32:40.323 +0000 INFO  TailReader - Batch input finished reading file='/var/log/app/app.log.6'
10-09-2026 13:32:42.177 +0000 INFO  TailReader - Batch input finished reading file='/var/log/app/app.log.3'
10-09-2026 13:32:43.534 +0000 INFO  IndexProcessor - indexing bucket hot_v1_111 for index=main
10-09-2026 13:32:45.948 +0000 WARN  DateParserVerbose - Failed to parse timestamp in first MAX_TIMESTAMP_LOOKAHEAD (128) characters of event. Defaulting to timestamp of previous event. Context: source=/var/log/app/batch.log|host=web03
10-09-2026 13:32:46.727 +0000 INFO  TailReader - Batch input finished reading file='/var/log/app/app.log.4'
10-09-2026 13:32:48.118 +0000 ERROR ExecProcessor - message from "/opt/splunk/bin/python3 /opt/splunk/etc/apps/TA-x/bin/poll.py" requests.exceptions.ConnectionError: timeout
10-09-2026 13:32:50.454 +0000 INFO  TailReader - Batch input finished reading file='/var/log/app/app.log.5'
10-09-2026 13:32:51.156 +0000 INFO  TailReader - Batch input finished reading file='/var/log/app/app.log.4'
10-09-2026 13:32:52.225 +0000 INFO  TailReader - Batch input finished reading file='/var/log/app/app.log.8'
10-09-2026 13:32:54.697 +0000 INFO  TailReader - Batch input finished reading file='/var/log/app/app.log.1'
10-09-2026 13:32:56.893 +0000 INFO  TailReader - Batch input finished reading file='/var/log/app/app.log.7'
10-09-2026 13:32:58.275 +0000 INFO  TailReader - Batch input finished reading file='/var/log/app/app.log.3'
10-09-2026 13:32:59.504 +0000 WARN  DateParserVerbose - Failed to parse timestamp in first MAX_TIMESTAMP_LOOKAHEAD (128) characters of event. Defaulting to timestamp of previous event. Context: source=/var/log/app/batch.log|host=web03
10-09-2026 13:33:00.469 +0000 ERROR ExecProcessor - message from "/opt/splunk/bin/python3 /opt/splunk/etc/apps/TA-x/bin/poll.py" requests.exceptions.ConnectionError: timeout
10-09-2026 13:33:01.490 +0000 INFO  IndexProcessor - indexing bucket hot_v1_107 for index=main
10-09-2026 13:33:03.159 +0000 INFO  TailReader - Batch input finished reading file='/var/log/app/app.log.5'
10-09-2026 13:33:05.780 +0000 INFO  TailReader - Batch input finished reading file='/var/log/app/app.log.4'
10-09-2026 13:33:06.692 +0000 INFO  TailReader - Batch input finished reading file='/var/log/app/app.log.5'
10-09-2026 13:33:08.654 +0000 INFO  TailReader - Batch input finished reading file='/var/log/app/app.log.2'
10-09-2026 13:33:09.058 +0000 INFO  TailReader - Batch input finished reading file='/var/log/app/app.log.8'
10-09-2026 13:33:10.008 +0000 INFO  IndexProcessor - indexing bucket hot_v1_116 for index=main
10-09-2026 13:33:12.268 +0000 INFO  TailReader - Batch input finished reading file='/var/log/app/app.log.5'
10-09-2026 13:33:14.448 +0000 INFO  TailReader - Batch input finished reading file='/var/log/app/app.log.1'
10-09-2026 13:33:16.371 +0000 INFO  TailReader - Batch input finished reading file='/var/log/app/app.log.3'
10-09-2026 13:33:18.856 +0000 ERROR ExecProcessor - message from "/opt/splunk/bin/python3 /opt/splunk/etc/apps/TA-x/bin/poll.py" requests.exceptions.ConnectionError: timeout
10-09-2026 13:33:19.037 +0000 WARN  DateParserVerbose - Failed to parse timestamp in first MAX_TIMESTAMP_LOOKAHEAD (128) characters of event. Defaulting to timestamp of previous event. Context: source=/var/log/app/batch.log|host=web03
10-09-2026 13:33:21.845 +0000 INFO  IndexProcessor - indexing bucket hot_v1_115 for index=main
10-09-2026 13:33:24.745 +0000 INFO  IndexProcessor - indexing bucket hot_v1_118 for index=main
10-09-2026 13:33:26.019 +0000 INFO  TailReader - Batch input finished reading file='/var/log/app/app.log.8'
10-09-2026 13:33:27.704 +0000 INFO  TailReader - Batch input finished reading file='/var/log/app/app.log.3'
10-09-2026 13:33:28.725 +0000 WARN  DateParserVerbose - Failed to parse timestamp in first MAX_TIMESTAMP_LOOKAHEAD (128) characters of event. Defaulting to timestamp of previous event. Context: source=/var/log/app/batch.log|host=web02
10-09-2026 13:33:29.203 +0000 INFO  IndexProcessor - indexing bucket hot_v1_114 for index=main
10-09-2026 13:33:30.478 +0000 INFO  TailReader - Batch input finished reading file='/var/log/app/app.log.3'
10-09-2026 13:33:31.876 +0000 INFO  TailReader - Batch input finished reading file='/var/log/app/app.log.9'
10-09-2026 13:33:33.420 +0000 INFO  TailReader - Batch input finished reading file='/var/log/app/app.log.6'
10-09-2026 13:33:34.569 +0000 INFO  TailReader - Batch input finished reading file='/var/log/app/app.log.6'
10-09-2026 13:33:36.325 +0000 INFO  TailReader - Batch input finished reading file='/var/log/app/app.log.5'
10-09-2026 13:33:36.144 +0000 INFO  IndexProcessor - indexing bucket hot_v1_113 for index=main
10-09-2026 13:33:37.192 +0000 INFO  TailReader - Batch input finished reading file='/var/log/app/app.log.4'
10-09-2026 13:33:39.678 +0000 INFO  IndexProcessor - indexing bucket hot_v1_106 for index=main
10-09-2026 13:33:41.059 +0000 INFO  IndexProcessor - indexing bucket hot_v1_117 for index=main
10-09-2026 13:33:44.754 +0000 WARN  DateParserVerbose - Failed to parse timestamp in first MAX_TIMESTAMP_LOOKAHEAD (128) characters of event. Defaulting to timestamp of previous event. Context: source=/var/log/app/batch.log|host=web01
10-09-2026 13:33:45.348 +0000 INFO  TailReader - Batch input finished reading file='/var/log/app/app.log.2'
10-09-2026 13:33:47.357 +0000 WARN  DateParserVerbose - Failed to parse timestamp in first MAX_TIMESTAMP_LOOKAHEAD (128) characters of event. Defaulting to timestamp of previous event. Context: source=/var/log/app/batch.log|host=web03
10-09-2026 13:33:50.564 +0000 INFO  IndexProcessor - indexing bucket hot_v1_108 for index=main
10-09-2026 13:33:51.991 +0000 INFO  TailReader - Batch input finished reading file='/var/log/app/app.log.4'
10-09-2026 13:33:53.593 +0000 WARN  DateParserVerbose - Failed to parse timestamp in first MAX_TIMESTAMP_LOOKAHEAD (128) characters of event. Defaulting to timestamp of previous event. Context: source=/var/log/app/batch.log|host=web03
10-09-2026 13:33:54.994 +0000 INFO  TailReader - Batch input finished reading file='/var/log/app/app.log.4'
10-09-2026 13:33:56.463 +0000 INFO  IndexProcessor - indexing bucket hot_v1_110 for index=main
10-09-2026 13:33:58.449 +0000 INFO  IndexProcessor - indexing bucket hot_v1_112 for index=main
10-09-2026 13:34:00.229 +0000 ERROR ExecProcessor - message from "/opt/splunk/bin/python3 /opt/splunk/etc/apps/TA-x/bin/poll.py" requests.exceptions.ConnectionError: timeout
10-09-2026 13:34:01.567 +0000 INFO  TailReader - Batch input finished reading file='/var/log/app/app.log.2'
10-09-2026 13:34:03.592 +0000 INFO  IndexProcessor - indexing bucket hot_v1_116 for index=main
10-09-2026 13:34:04.206 +0000 INFO  TailReader - Batch input finished reading file='/var/log/app/app.log.2'
10-09-2026 13:34:06.276 +0000 INFO  TailReader - Batch input finished reading file='/var/log/app/app.log.6'
10-09-2026 13:34:08.533 +0000 INFO  TailReader - Batch input finished reading file='/var/log/app/app.log.2'
10-09-2026 13:34:11.971 +0000 INFO  TailReader - Batch input finished reading file='/var/log/app/app.log.6'
10-09-2026 13:34:12.759 +0000 INFO  TailReader - Batch input finished reading file='/var/log/app/app.log.2'
10-09-2026 13:34:13.809 +0000 INFO  TailReader - Batch input finished reading file='/var/log/app/app.log.7'
10-09-2026 13:34:15.708 +0000 INFO  TailReader - Batch input finished reading file='/var/log/app/app.log.9'
10-09-2026 13:34:17.808 +0000 INFO  IndexProcessor - indexing bucket hot_v1_117 for index=main
10-09-2026 13:34:18.393 +0000 INFO  TailReader - Batch input finished reading file='/var/log/app/app.log.5'
10-09-2026 13:34:19.182 +0000 INFO  TailReader - Batch input finished reading file='/var/log/app/app.log.2'
10-09-2026 13:34:20.697 +0000 ERROR ExecProcessor - message from "/opt/splunk/bin/python3 /opt/splunk/etc/apps/TA-x/bin/poll.py" requests.exceptions.ConnectionError: timeout
10-09-2026 13:34:22.006 +0000 INFO  TailReader - Batch input finished reading file='/var/log/app/app.log.5'
10-09-2026 13:34:24.232 +0000 INFO  TailReader - Batch input finished reading file='/var/log/app/app.log.7'
10-09-2026 13:34:25.496 +0000 INFO  TailReader - Batch input finished reading file='/var/log/app/app.log.9'
10-09-2026 13:34:27.027 +0000 INFO  TailReader - Batch input finished reading file='/var/log/app/app.log.5'
10-09-2026 13:34:30.960 +0000 INFO  TailReader - Batch input finished reading file='/var/log/app/app.log.9'
10-09-2026 13:34:31.315 +0000 ERROR ExecProcessor - message from "/opt/splunk/bin/python3 /opt/splunk/etc/apps/TA-x/bin/poll.py" requests.exceptions.ConnectionError: timeout
10-09-2026 13:34:33.999 +0000 INFO  TailReader - Batch input finished reading file='/var/log/app/app.log.8'
10-09-2026 13:34:34.668 +0000 ERROR ExecProcessor - message from "/opt/splunk/bin/python3 /opt/splunk/etc/apps/TA-x/bin/poll.py" requests.exceptions.ConnectionError: timeout
10-09-2026 13:34:36.979 +0000 INFO  IndexProcessor - indexing bucket hot_v1_108 for index=main
10-09-2026 13:34:38.763 +0000 INFO  TailReader - Batch input finished reading file='/var/log/app/app.log.1'
10-09-2026 13:34:39.439 +0000 ERROR ExecProcessor - message from "/opt/splunk/bin/python3 /opt/splunk/etc/apps/TA-x/bin/poll.py" requests.exceptions.ConnectionError: timeout
10-09-2026 13:34:40.588 +0000 INFO  TailReader - Batch input finished reading file='/var/log/app/app.log.7'
10-09-2026 13:34:43.269 +0000 INFO  IndexProcessor - indexing bucket hot_v1_107 for index=main
10-09-2026 13:34:45.600 +0000 INFO  IndexProcessor - indexing bucket hot_v1_113 for index=main
10-09-2026 13:34:46.926 +0000 INFO  IndexProcessor - indexing bucket hot_v1_108 for index=main
10-09-2026 13:34:48.453 +0000 WARN  DateParserVerbose - Failed to parse timestamp in first MAX_TIMESTAMP_LOOKAHEAD (128) characters of event. Defaulting to timestamp of previous event. Context: source=/var/log/app/batch.log|host=web02
10-09-2026 13:34:50.510 +0000 INFO  IndexProcessor - indexing bucket hot_v1_109 for index=main
10-09-2026 13:34:52.237 +0000 INFO  TailReader - Batch input finished reading file='/var/log/app/app.log.9'
10-09-2026 13:34:54.553 +0000 WARN  DateParserVerbose - Failed to parse timestamp in first MAX_TIMESTAMP_LOOKAHEAD (128) characters of event. Defaulting to timestamp of previous event. Context: source=/var/log/app/batch.log|host=web03
10-09-2026 13:34:55.623 +0000 INFO  TailReader - Batch input finished reading file='/var/log/app/app.log.9'
10-09-2026 13:34:56.526 +0000 INFO  IndexProcessor - indexing bucket hot_v1_111 for index=main
10-09-2026 13:34:57.499 +0000 INFO  TailReader - Batch input finished reading file='/var/log/app/app.log.6'
10-09-2026 13:34:59.814 +0000 INFO  TailReader - Batch input finished reading file='/var/log/app/app.log.8'
10-09-2026 13:35:01.930 +0000 INFO  TailReader - Batch input finished reading file='/var/log/app/app.log.2'
10-09-2026 13:35:03.753 +0000 INFO  TailReader - Batch input finished reading file='/var/log/app/app.log.9'
10-09-2026 13:35:05.133 +0000 INFO  TailReader - Batch input finished reading file='/var/log/app/app.log.8'
10-09-2026 13:35:06.130 +0000 INFO  TailReader - Batch input finished reading file='/var/log/app/app.log.6'
10-09-2026 13:35:07.008 +0000 WARN  DateParserVerbose - Failed to parse timestamp in first MAX_TIMESTAMP_LOOKAHEAD (128) characters of event. Defaulting to timestamp of previous event. Context: source=/var/log/app/batch.log|host=web03
10-09-2026 13:35:08.068 +0000 INFO  IndexProcessor - indexing bucket hot_v1_113 for index=main
10-09-2026 13:35:10.433 +0000 INFO  IndexProcessor - indexing bucket hot_v1_105 for index=main
10-09-2026 13:35:12.166 +0000 INFO  TailReader - Batch input finished reading file='/var/log/app/app.log.7'
10-09-2026 13:35:14.679 +0000 INFO  TailReader - Batch input finished reading file='/var/log/app/app.log.7'
10-09-2026 13:35:16.750 +0000 WARN  DateParserVerbose - Failed to parse timestamp in first MAX_TIMESTAMP_LOOKAHEAD (128) characters of event. Defaulting to timestamp of previous event. Context: source=/var/log/app/batch.log|host=web04
10-09-2026 13:35:18.202 +0000 INFO  TailReader - Batch input finished reading file='/var/log/app/app.log.9'
10-09-2026 13:35:20.671 +0000 WARN  DateParserVerbose - Failed to parse timestamp in first MAX_TIMESTAMP_LOOKAHEAD (128) characters of event. Defaulting to timestamp of previous event. Context: source=/var/log/app/batch.log|host=web03
10-09-2026 13:35:21.071 +0000 INFO  TailReader - Batch input finished reading file='/var/log/app/app.log.1'
10-09-2026 13:35:22.010 +0000 INFO  TailReader - Batch input finished reading file='/var/log/app/app.log.1'
10-09-2026 13:35:24.419 +0000 INFO  TailReader - Batch input finished reading file='/var/log/app/app.log.1'
10-09-2026 13:35:26.843 +0000 INFO  TailReader - Batch input finished reading file='/var/log/app/app.log.4'
10-09-2026 13:35:28.677 +0000 ERROR ExecProcessor - message from "/opt/splunk/bin/python3 /opt/splunk/etc/apps/TA-x/bin/poll.py" requests.exceptions.ConnectionError: timeout
10-09-2026 13:35:29.728 +0000 INFO  IndexProcessor - indexing bucket hot_v1_118 for index=main
10-09-2026 13:35:31.991 +0000 INFO  TailReader - Batch input finished reading file='/var/log/app/app.log.4'
10-09-2026 13:35:32.036 +0000 INFO  IndexProcessor - indexing bucket hot_v1_117 for index=main
10-09-2026 13:35:33.773 +0000 WARN  DateParserVerbose - Failed to parse timestamp in first MAX_TIMESTAMP_LOOKAHEAD (128) characters of event. Defaulting to timestamp of previous event. Context: source=/var/log/app/batch.log|host=web01
10-09-2026 13:35:35.877 +0000 INFO  TailReader - Batch input finished reading file='/var/log/app/app.log.5'
10-09-2026 13:35:37.912 +0000 INFO  IndexProcessor - indexing bucket hot_v1_105 for index=main
10-09-2026 13:35:37.114 +0000 INFO  IndexProcessor - indexing bucket hot_v1_108 for index=main
10-09-2026 13:35:39.630 +0000 INFO  TailReader - Batch input finished reading file='/var/log/app/app.log.1'
10-09-2026 13:35:41.789 +0000 INFO  TailReader - Batch input finished reading file='/var/log/app/app.log.5'
10-09-2026 13:35:42.141 +0000 INFO  TailReader - Batch input finished reading file='/var/log/app/app.log.4'
10-09-2026 13:35:44.985 +0000 INFO  TailReader - Batch input finished reading file='/var/log/app/app.log.2'
10-09-2026 13:35:45.980 +0000 INFO  IndexProcessor - indexing bucket hot_v1_116 for index=main
10-09-2026 13:35:46.352 +0000 INFO  IndexProcessor - indexing bucket hot_v1_120 for index=main
10-09-2026 13:35:48.140 +0000 WARN  DateParserVerbose - Failed to parse timestamp in first MAX_TIMESTAMP_LOOKAHEAD (128) characters of event. Defaulting to timestamp of previous event. Context: source=/var/log/app/batch.log|host=web04
10-09-2026 13:35:49.705 +0000 INFO  TailReader - Batch input finished reading file='/var/log/app/app.log.3'
10-09-2026 13:35:51.140 +0000 INFO  IndexProcessor - indexing bucket hot_v1_115 for index=main
10-09-2026 13:35:53.382 +0000 WARN  DateParserVerbose - Failed to parse timestamp in first MAX_TIMESTAMP_LOOKAHEAD (128) characters of event. Defaulting to timestamp of previous event. Context: source=/var/log/app/batch.log|host=web01
10-09-2026 13:35:55.993 +0000 INFO  TailReader - Batch input finished reading file='/var/log/app/app.log.6'
10-09-2026 13:35:57.986 +0000 INFO  TailReader - Batch input finished reading file='/var/log/app/app.log.3'
10-09-2026 13:35:59.717 +0000 INFO  TailReader - Batch input finished reading file='/var/log/app/app.log.8'
10-09-2026 13:36:01.035 +0000 ERROR ExecProcessor - message from "/opt/splunk/bin/python3 /opt/splunk/etc/apps/TA-x/bin/poll.py" requests.exceptions.ConnectionError: timeout
10-09-2026 13:36:02.126 +0000 INFO  TailReader - Batch input finished reading file='/var/log/app/app.log.4'
10-09-2026 13:36:03.388 +0000 INFO  TailReader - Batch input finished reading file='/var/log/app/app.log.6'
10-09-2026 13:36:05.167 +0000 INFO  TailReader - Batch input finished reading file='/var/log/app/app.log.5'
10-09-2026 13:36:07.603 +0000 INFO  IndexProcessor - indexing bucket hot_v1_102 for index=main
10-09-2026 13:36:09.866 +0000 INFO  TailReader - Batch input finished reading file='/var/log/app/app.log.3'
10-09-2026 13:36:11.725 +0000 INFO  TailReader - Batch input finished reading file='/var/log/app/app.log.9'
10-09-2026 13:36:12.646 +0000 INFO  TailReader - Batch input finished reading file='/var/log/app/app.log.4'
10-09-2026 13:36:13.729 +0000 INFO  TailReader - Batch input finished reading file='/var/log/app/app.log.6'
10-09-2026 13:36:14.488 +0000 INFO  TailReader - Batch input finished reading file='/var/log/app/app.log.6'
10-09-2026 13:36:15.975 +0000 WARN  DateParserVerbose - Failed to parse timestamp in first MAX_TIMESTAMP_LOOKAHEAD (128) characters of event. Defaulting to timestamp of previous event. Context: source=/var/log/app/batch.log|host=web03
10-09-2026 13:36:17.810 +0000 INFO  TailReader - Batch input finished reading file='/var/log/app/app.log.9'
10-09-2026 13:36:18.192 +0000 INFO  TailReader - Batch input finished reading file='/var/log/app/app.log.1'
10-09-2026 13:36:19.219 +0000 INFO  IndexProcessor - indexing bucket hot_v1_109 for index=main
10-09-2026 13:36:19.870 +0000 INFO  TailReader - Batch input finished reading file='/var/log/app/app.log.1'
10-09-2026 13:36:21.411 +0000 INFO  TailReader - Batch input finished reading file='/var/log/app/app.log.8'
10-09-2026 13:36:24.221 +0000 INFO  IndexProcessor - indexing bucket hot_v1_109 for index=main
10-09-2026 13:36:25.797 +0000 INFO  TailReader - Batch input finished reading file='/var/log/app/app.log.7'
10-09-2026 13:36:26.691 +0000 INFO  TailReader - Batch input finished reading file='/var/log/app/app.log.4'
10-09-2026 13:36:27.712 +0000 ERROR ExecProcessor - message from "/opt/splunk/bin/python3 /opt/splunk/etc/apps/TA-x/bin/poll.py" requests.exceptions.ConnectionError: timeout
10-09-2026 13:36:28.014 +0000 INFO  TailReader - Batch input finished reading file='/var/log/app/app.log.3'
10-09-2026 13:36:31.779 +0000 ERROR ExecProcessor - message from "/opt/splunk/bin/python3 /opt/splunk/etc/apps/TA-x/bin/poll.py" requests.exceptions.ConnectionError: timeout
10-09-2026 13:36:32.151 +0000 INFO  IndexProcessor - indexing bucket hot_v1_110 for index=main
10-09-2026 13:36:34.144 +0000 INFO  IndexProcessor - indexing bucket hot_v1_117 for index=main
10-09-2026 13:36:35.898 +0000 INFO  TailReader - Batch input finished reading file='/var/log/app/app.log.3'
10-09-2026 13:36:36.032 +0000 WARN  DateParserVerbose - Failed to parse timestamp in first MAX_TIMESTAMP_LOOKAHEAD (128) characters of event. Defaulting to timestamp of previous event. Context: source=/var/log/app/batch.log|host=web03
10-09-2026 13:36:38.371 +0000 INFO  TailReader - Batch input finished reading file='/var/log/app/app.log.9'
10-09-2026 13:36:39.682 +0000 WARN  DateParserVerbose - Failed to parse timestamp in first MAX_TIMESTAMP_LOOKAHEAD (128) characters of event. Defaulting to timestamp of previous event. Context: source=/var/log/app/batch.log|host=web03
10-09-2026 13:36:41.622 +0000 INFO  TailReader - Batch input finished reading file='/var/log/app/app.log.2'
10-09-2026 13:36:42.243 +0000 INFO  IndexProcessor - indexing bucket hot_v1_110 for index=main
10-09-2026 13:36:44.453 +0000 WARN  DateParserVerbose - Failed to parse timestamp in first MAX_TIMESTAMP_LOOKAHEAD (128) characters of event. Defaulting to timestamp of previous event. Context: source=/var/log/app/batch.log|host=web01
10-09-2026 13:36:45.988 +0000 INFO  TailReader - Batch input finished reading file='/var/log/app/app.log.6'
10-09-2026 13:36:46.189 +0000 WARN  DateParserVerbose - Failed to parse timestamp in first MAX_TIMESTAMP_LOOKAHEAD (128) characters of event. Defaulting to timestamp of previous event. Context: source=/var/log/app/batch.log|host=web03
10-09-2026 13:36:47.750 +0000 INFO  TailReader - Batch input finished reading file='/var/log/app/app.log.3'
10-09-2026 13:36:48.568 +0000 INFO  TailReader - Batch input finished reading file='/var/log/app/app.log.6'
10-09-2026 13:36:49.723 +0000 INFO  TailReader - Batch input finished reading file='/var/log/app/app.log.8'
10-09-2026 13:36:50.691 +0000 INFO  TailReader - Batch input finished reading file='/var/log/app/app.log.9'
10-09-2026 13:36:51.719 +0000 INFO  TailReader - Batch input finished reading file='/var/log/app/app.log.2'
10-09-2026 13:36:53.381 +0000 INFO  TailReader - Batch input finished reading file='/var/log/app/app.log.2'
10-09-2026 13:36:55.236 +0000 WARN  DateParserVerbose - Failed to parse timestamp in first MAX_TIMESTAMP_LOOKAHEAD (128) characters of event. Defaulting to timestamp of previous event. Context: source=/var/log/app/batch.log|host=web01
10-09-2026 13:36:56.329 +0000 INFO  TailReader - Batch input finished reading file='/var/log/app/app.log.5'
10-09-2026 13:36:58.874 +0000 ERROR ExecProcessor - message from "/opt/splunk/bin/python3 /opt/splunk/etc/apps/TA-x/bin/poll.py" requests.exceptions.ConnectionError: timeout
10-09-2026 13:37:00.127 +0000 WARN  DateParserVerbose - Failed to parse timestamp in first MAX_TIMESTAMP_LOOKAHEAD (128) characters of event. Defaulting to timestamp of previous event. Context: source=/var/log/app/batch.log|host=web01
10-09-2026 13:37:01.263 +0000 ERROR ExecProcessor - message from "/opt/splunk/bin/python3 /opt/splunk/etc/apps/TA-x/bin/poll.py" requests.exceptions.ConnectionError: timeout
10-09-2026 13:37:02.817 +0000 INFO  IndexProcessor - indexing bucket hot_v1_108 for index=main
10-09-2026 13:37:04.719 +0000 INFO  TailReader - Batch input finished reading file='/var/log/app/app.log.7'
10-09-2026 13:37:05.999 +0000 INFO  IndexProcessor - indexing bucket hot_v1_116 for index=main
10-09-2026 13:37:06.802 +0000 INFO  TailReader - Batch input finished reading file='/var/log/app/app.log.1'
10-09-2026 13:37:08.853 +0000 INFO  TailReader - Batch input finished reading file='/var/log/app/app.log.9'
10-09-2026 13:37:10.142 +0000 INFO  TailReader - Batch input finished reading file='/var/log/app/app.log.7'
10-09-2026 13:37:11.673 +0000 INFO  TailReader - Batch input finished reading file='/var/log/app/app.log.9'
10-09-2026 13:37:13.621 +0000 WARN  DateParserVerbose - Failed to parse timestamp in first MAX_TIMESTAMP_LOOKAHEAD (128) characters of event. Defaulting to timestamp of previous event. Context: source=/var/log/app/batch.log|host=web02
10-09-2026 13:37:14.848 +0000 INFO  IndexProcessor - indexing bucket hot_v1_116 for index=main
10-09-2026 13:37:16.526 +0000 WARN  DateParserVerbose - Failed to parse timestamp in first MAX_TIMESTAMP_LOOKAHEAD (128) characters of event. Defaulting to timestamp of previous event. Context: source=/var/log/app/batch.log|host=web02
10-09-2026 13:37:18.705 +0000 INFO  TailReader - Batch input finished reading file='/var/log/app/app.log.9'
10-09-2026 13:37:18.355 +0000 INFO  IndexProcessor - indexing bucket hot_v1_120 for index=main
10-09-2026 13:37:21.926 +0000 INFO  TailReader - Batch input finished reading file='/var/log/app/app.log.2'
10-09-2026 13:37:23.799 +0000 WARN  DateParserVerbose - Failed to parse timestamp in first MAX_TIMESTAMP_LOOKAHEAD (128) characters of event. Defaulting to timestamp of previous event. Context: source=/var/log/app/batch.log|host=web01
10-09-2026 13:37:23.557 +0000 INFO  TailReader - Batch input finished reading file='/var/log/app/app.log.4'
10-09-2026 13:37:24.018 +0000 INFO  IndexProcessor - indexing bucket hot_v1_114 for index=main
10-09-2026 13:37:26.154 +0000 INFO  TailReader - Batch input finished reading file='/var/log/app/app.log.9'
10-09-2026 13:37:29.971 +0000 INFO  IndexProcessor - indexing bucket hot_v1_112 for index=main
10-09-2026 13:37:30.193 +0000 INFO  TailReader - Batch input finished reading file='/var/log/app/app.log.8'
10-09-2026 13:37:30.014 +0000 WARN  DateParserVerbose - Failed to parse timestamp in first MAX_TIMESTAMP_LOOKAHEAD (128) characters of event. Defaulting to timestamp of previous event. Context: source=/var/log/app/batch.log|host=web03
10-09-2026 13:37:31.366 +0000 WARN  DateParserVerbose - Failed to parse timestamp in first MAX_TIMESTAMP_LOOKAHEAD (128) characters of event. Defaulting to timestamp of previous event. Context: source=/var/log/app/batch.log|host=web02
10-09-2026 13:37:32.953 +0000 WARN  DateParserVerbose - Failed to parse timestamp in first MAX_TIMESTAMP_LOOKAHEAD (128) characters of event. Defaulting to timestamp of previous event. Context: source=/var/log/app/batch.log|host=web03
10-09-2026 13:37:33.865 +0000 ERROR ExecProcessor - message from "/opt/splunk/bin/python3 /opt/splunk/etc/apps/TA-x/bin/poll.py" requests.exceptions.ConnectionError: timeout
10-09-2026 13:37:35.058 +0000 INFO  TailReader - Batch input finished reading file='/var/log/app/app.log.3'
10-09-2026 13:37:37.362 +0000 ERROR ExecProcessor - message from "/opt/splunk/bin/python3 /opt/splunk/etc/apps/TA-x/bin/poll.py" requests.exceptions.ConnectionError: timeout
10-09-2026 13:37:38.901 +0000 INFO  TailReader - Batch input finished reading file='/var/log/app/app.log.2'
10-09-2026 13:37:38.067 +0000 INFO  TailReader - Batch input finished reading file='/var/log/app/app.log.6'
10-09-2026 13:37:40.076 +0000 ERROR ExecProcessor - message from "/opt/splunk/bin/python3 /opt/splunk/etc/apps/TA-x/bin/poll.py" requests.exceptions.ConnectionError: timeout
10-09-2026 13:37:41.086 +0000 INFO  TailReader - Batch input finished reading file='/var/log/app/app.log.8'
10-09-2026 13:37:42.455 +0000 INFO  TailReader - Batch input finished reading file='/var/log/app/app.log.7'
10-09-2026 13:37:43.355 +0000 INFO  TailReader - Batch input finished reading file='/var/log/app/app.log.5'
10-09-2026 13:37:44.023 +0000 INFO  TailReader - Batch input finished reading file='/var/log/app/app.log.5'
10-09-2026 13:37:45.196 +0000 INFO  TailReader - Batch input finished reading file='/var/log/app/app.log.1'
10-09-2026 13:37:46.091 +0000 INFO  TailReader - Batch input finished reading file='/var/log/app/app.log.3'
10-09-2026 13:37:48.736 +0000 INFO  TailReader - Batch input finished reading file='/var/log/app/app.log.1'
10-09-2026 13:37:48.681 +0000 INFO  TailReader - Batch input finished reading file='/var/log/app/app.log.2'
10-09-2026 13:37:50.900 +0000 INFO  TailReader - Batch input finished reading file='/var/log/app/app.log.3'
10-09-2026 13:37:52.274 +0000 INFO  IndexProcessor - indexing bucket hot_v1_113 for index=main
10-09-2026 13:37:53.176 +0000 ERROR ExecProcessor - message from "/opt/splunk/bin/python3 /opt/splunk/etc/apps/TA-x/bin/poll.py" requests.exceptions.ConnectionError: timeout
10-09-2026 13:37:54.124 +0000 INFO  TailReader - Batch input finished reading file='/var/log/app/app.log.3'
10-09-2026 13:37:56.116 +0000 INFO  IndexProcessor - indexing bucket hot_v1_110 for index=main
10-09-2026 13:37:58.522 +0000 INFO  IndexProcessor - indexing bucket hot_v1_114 for index=main
10-09-2026 13:37:59.918 +0000 INFO  TailReader - Batch input finished reading file='/var/log/app/app.log.6'
10-09-2026 13:38:00.654 +0000 INFO  TailReader - Batch input finished reading file='/var/log/app/app.log.6'
10-09-2026 13:38:02.549 +0000 INFO  IndexProcessor - indexing bucket hot_v1_103 for index=main
10-09-2026 13:38:03.566 +0000 ERROR ExecProcessor - message from "/opt/splunk/bin/python3 /opt/splunk/etc/apps/TA-x/bin/poll.py" requests.exceptions.ConnectionError: timeout
10-09-2026 13:38:05.684 +0000 WARN  DateParserVerbose - Failed to parse timestamp in first MAX_TIMESTAMP_LOOKAHEAD (128) characters of event. Defaulting to timestamp of previous event. Context: source=/var/log/app/batch.log|host=web02
10-09-2026 13:38:07.590 +0000 INFO  IndexProcessor - indexing bucket hot_v1_101 for index=main
10-09-2026 13:38:08.159 +0000 ERROR ExecProcessor - message from "/opt/splunk/bin/python3 /opt/splunk/etc/apps/TA-x/bin/poll.py" requests.exceptions.ConnectionError: timeout
10-09-2026 13:38:10.715 +0000 INFO  TailReader - Batch input finished reading file='/var/log/app/app.log.5'
10-09-2026 13:38:11.311 +0000 WARN  DateParserVerbose - Failed to parse timestamp in first MAX_TIMESTAMP_LOOKAHEAD (128) characters of event. Defaulting to timestamp of previous event. Context: source=/var/log/app/batch.log|host=web04
10-09-2026 13:38:13.295 +0000 ERROR ExecProcessor - message from "/opt/splunk/bin/python3 /opt/splunk/etc/apps/TA-x/bin/poll.py" requests.exceptions.ConnectionError: timeout
10-09-2026 13:38:14.294 +0000 INFO  TailReader - Batch input finished reading file='/var/log/app/app.log.9'
10-09-2026 13:38:17.222 +0000 INFO  IndexProcessor - indexing bucket hot_v1_120 for index=main
10-09-2026 13:38:18.798 +0000 INFO  TailReader - Batch input finished reading file='/var/log/app/app.log.7'
10-09-2026 13:38:20.654 +0000 INFO  TailReader - Batch input finished reading file='/var/log/app/app.log.4'
10-09-2026 13:38:22.052 +0000 INFO  TailReader - Batch input finished reading file='/var/log/app/app.log.6'
10-09-2026 13:38:24.756 +0000 INFO  TailReader - Batch input finished reading file='/var/log/app/app.log.8'
10-09-2026 13:38:26.002 +0000 INFO  TailReader - Batch input finished reading file='/var/log/app/app.log.2'
10-09-2026 13:38:27.774 +0000 WARN  DateParserVerbose - Failed to parse timestamp in first MAX_TIMESTAMP_LOOKAHEAD (128) characters of event. Defaulting to timestamp of previous event. Context: source=/var/log/app/batch.log|host=web01
10-09-2026 13:38:28.926 +0000 INFO  TailReader - Batch input finished reading file='/var/log/app/app.log.6'
10-09-2026 13:38:30.388 +0000 WARN  DateParserVerbose - Failed to parse timestamp in first MAX_TIMESTAMP_LOOKAHEAD (128) characters of event. Defaulting to timestamp of previous event. Context: source=/var/log/app/batch.log|host=web03
10-09-2026 13:38:32.394 +0000 INFO  TailReader - Batch input finished reading file='/var/log/app/app.log.8'
10-09-2026 13:38:34.844 +0000 ERROR ExecProcessor - message from "/opt/splunk/bin/python3 /opt/splunk/etc/apps/TA-x/bin/poll.py" requests.exceptions.ConnectionError: timeout
10-09-2026 13:38:35.507 +0000 INFO  TailReader - Batch input finished reading file='/var/log/app/app.log.7'
10-09-2026 13:38:38.160 +0000 INFO  IndexProcessor - indexing bucket hot_v1_112 for index=main
10-09-2026 13:38:39.132 +0000 INFO  TailReader - Batch input finished reading file='/var/log/app/app.log.4'
10-09-2026 13:38:41.250 +0000 WARN  DateParserVerbose - Failed to parse timestamp in first MAX_TIMESTAMP_LOOKAHEAD (128) characters of event. Defaulting to timestamp of previous event. Context: source=/var/log/app/batch.log|host=web02
10-09-2026 13:38:43.625 +0000 INFO  IndexProcessor - indexing bucket hot_v1_110 for index=main
10-09-2026 13:38:45.965 +0000 WARN  DateParserVerbose - Failed to parse timestamp in first MAX_TIMESTAMP_LOOKAHEAD (128) characters of event. Defaulting to timestamp of previous event. Context: source=/var/log/app/batch.log|host=web03
10-09-2026 13:38:47.815 +0000 INFO  IndexProcessor - indexing bucket hot_v1_100 for index=main
10-09-2026 13:38:48.039 +0000 INFO  TailReader - Batch input finished reading file='/var/log/app/app.log.3'
10-09-2026 13:38:49.610 +0000 INFO  TailReader - Batch input finished reading file='/var/log/app/app.log.7'
10-09-2026 13:38:51.824 +0000 INFO  TailReader - Batch input finished reading file='/var/log/app/app.log.3'
10-09-2026 13:38:52.409 +0000 INFO  TailReader - Batch input finished reading file='/var/log/app/app.log.6'
10-09-2026 13:38:54.690 +0000 INFO  IndexProcessor - indexing bucket hot_v1_119 for index=main
10-09-2026 13:38:55.853 +0000 INFO  TailReader - Batch input finished reading file='/var/log/app/app.log.7'
10-09-2026 13:38:57.625 +0000 INFO  TailReader - Batch input finished reading file='/var/log/app/app.log.7'
10-09-2026 13:38:59.084 +0000 INFO  IndexProcessor - indexing bucket hot_v1_120 for index=main
10-09-2026 13:39:00.040 +0000 ERROR ExecProcessor - message from "/opt/splunk/bin/python3 /opt/splunk/etc/apps/TA-x/bin/poll.py" requests.exceptions.ConnectionError: timeout
10-09-2026 13:39:02.456 +0000 INFO  TailReader - Batch input finished reading file='/var/log/app/app.log.5'
10-09-2026 13:39:02.022 +0000 INFO  IndexProcessor - indexing bucket hot_v1_103 for index=main
10-09-2026 13:39:04.328 +0000 INFO  TailReader - Batch input finished reading file='/var/log/app/app.log.2'
10-09-2026 13:39:05.050 +0000 INFO  TailReader - Batch input finished reading file='/var/log/app/app.log.8'
10-09-2026 13:39:07.241 +0000 INFO  TailReader - Batch input finished reading file='/var/log/app/app.log.1'
10-09-2026 13:39:08.454 +0000 INFO  TailReader - Batch input finished reading file='/var/log/app/app.log.8'
10-09-2026 13:39:10.079 +0000 INFO  IndexProcessor - indexing bucket hot_v1_104 for index=main
10-09-2026 13:39:11.540 +0000 INFO  TailReader - Batch input finished reading file='/var/log/app/app.log.9'
10-09-2026 13:39:12.950 +0000 WARN  DateParserVerbose - Failed to parse timestamp in first MAX_TIMESTAMP_LOOKAHEAD (128) characters of event. Defaulting to timestamp of previous event. Context: source=/var/log/app/batch.log|host=web01
10-09-2026 13:39:14.813 +0000 INFO  TailReader - Batch input finished reading file='/var/log/app/app.log.1'
10-09-2026 13:39:14.040 +0000 INFO  TailReader - Batch input finished reading file='/var/log/app/app.log.2'
10-09-2026 13:39:16.191 +0000 INFO  IndexProcessor - indexing bucket hot_v1_106 for index=main
10-09-2026 13:39:18.632 +0000 WARN  DateParserVerbose - Failed to parse timestamp in first MAX_TIMESTAMP_LOOKAHEAD (128) characters of event. Defaulting to timestamp of previous event. Context: source=/var/log/app/batch.log|host=web02
10-09-2026 13:39:20.119 +0000 INFO  TailReader - Batch input finished reading file='/var/log/app/app.log.1'
10-09-2026 13:39:22.661 +0000 INFO  IndexProcessor - indexing bucket hot_v1_116 for index=main
10-09-2026 13:39:23.300 +0000 INFO  TailReader - Batch input finished reading file='/var/log/app/app.log.1'
10-09-2026 13:39:25.407 +0000 WARN  DateParserVerbose - Failed to parse timestamp in first MAX_TIMESTAMP_LOOKAHEAD (128) characters of event. Defaulting to timestamp of previous event. Context: source=/var/log/app/batch.log|host=web04
10-09-2026 13:39:26.419 +0000 WARN  DateParserVerbose - Failed to parse timestamp in first MAX_TIMESTAMP_LOOKAHEAD (128) characters of event. Defaulting to timestamp of previous event. Context: source=/var/log/app/batch.log|host=web01
10-09-2026 13:39:27.882 +0000 WARN  DateParserVerbose - Failed to parse timestamp in first MAX_TIMESTAMP_LOOKAHEAD (128) characters of event. Defaulting to timestamp of previous event. Context: source=/var/log/app/batch.log|host=web02
10-09-2026 13:39:29.638 +0000 INFO  IndexProcessor - indexing bucket hot_v1_116 for index=main
10-09-2026 13:39:31.199 +0000 INFO  TailReader - Batch input finished reading file='/var/log/app/app.log.8'
10-09-2026 13:39:32.781 +0000 INFO  TailReader - Batch input finished reading file='/var/log/app/app.log.3'
10-09-2026 13:39:34.772 +0000 ERROR ExecProcessor - message from "/opt/splunk/bin/python3 /opt/splunk/etc/apps/TA-x/bin/poll.py" requests.exceptions.ConnectionError: timeout
10-09-2026 13:39:35.037 +0000 INFO  IndexProcessor - indexing bucket hot_v1_107 for index=main
10-09-2026 13:39:38.656 +0000 INFO  TailReader - Batch input finished reading file='/var/log/app/app.log.7'
10-09-2026 13:39:40.409 +0000 WARN  DateParserVerbose - Failed to parse timestamp in first MAX_TIMESTAMP_LOOKAHEAD (128) characters of event. Defaulting to timestamp of previous event. Context: source=/var/log/app/batch.log|host=web04
10-09-2026 13:39:41.018 +0000 INFO  TailReader - Batch input finished reading file='/var/log/app/app.log.9'
10-09-2026 13:39:43.853 +0000 INFO  TailReader - Batch input finished reading file='/var/log/app/app.log.1'
10-09-2026 13:39:45.138 +0000 INFO  TailReader - Batch input finished reading file='/var/log/app/app.log.5'
10-09-2026 13:39:47.044 +0000 INFO  IndexProcessor - indexing bucket hot_v1_118 for index=main
10-09-2026 13:39:49.002 +0000 INFO  TailReader - Batch input finished reading file='/var/log/app/app.log.5'
10-09-2026 13:39:51.964 +0000 WARN  DateParserVerbose - Failed to parse timestamp in first MAX_TIMESTAMP_LOOKAHEAD (128) characters of event. Defaulting to timestamp of previous event. Context: source=/var/log/app/batch.log|host=web01
10-09-2026 13:39:52.414 +0000 INFO  TailReader - Batch input finished reading file='/var/log/app/app.log.1'
10-09-2026 13:39:54.917 +0000 INFO  TailReader - Batch input finished reading file='/var/log/app/app.log.1'
10-09-2026 13:39:56.229 +0000 WARN  DateParserVerbose - Failed to parse timestamp in first MAX_TIMESTAMP_LOOKAHEAD (128) characters of event. Defaulting to timestamp of previous event. Context: source=/var/log/app/batch.log|host=web04
10-09-2026 13:39:58.772 +0000 INFO  TailReader - Batch input finished reading file='/var/log/app/app.log.5'
10-09-2026 13:40:00.117 +0000 INFO  TailReader - Batch input finished reading file='/var/log/app/app.log.5'
10-09-2026 13:40:01.834 +0000 INFO  TailReader - Batch input finished reading file='/var/log/app/app.log.5'
10-09-2026 13:40:03.332 +0000 INFO  TailReader - Batch input finished reading file='/var/log/app/app.log.5'
10-09-2026 13:40:05.759 +0000 ERROR ExecProcessor - message from "/opt/splunk/bin/python3 /opt/splunk/etc/apps/TA-x/bin/poll.py" requests.exceptions.ConnectionError: timeout
10-09-2026 13:40:07.575 +0000 INFO  TailReader - Batch input finished reading file='/var/log/app/app.log.5'
10-09-2026 13:40:08.319 +0000 INFO  IndexProcessor - indexing bucket hot_v1_117 for index=main
10-09-2026 13:40:10.155 +0000 INFO  IndexProcessor - indexing bucket hot_v1_106 for index=main
10-09-2026 13:40:11.899 +0000 INFO  IndexProcessor - indexing bucket hot_v1_106 for index=main
10-09-2026 13:40:13.684 +0000 INFO  TailReader - Batch input finished reading file='/var/log/app/app.log.5'
10-09-2026 13:40:15.564 +0000 INFO  TailReader - Batch input finished reading file='/var/log/app/app.log.5'
10-09-2026 13:40:17.583 +0000 INFO  TailReader - Batch input finished reading file='/var/log/app/app.log.1'
10-09-2026 13:40:18.285 +0000 INFO  TailReader - Batch input finished reading file='/var/log/app/app.log.3'
10-09-2026 13:40:20.452 +0000 INFO  IndexProcessor - indexing bucket hot_v1_119 for index=main
10-09-2026 13:40:22.799 +0000 INFO  TailReader - Batch input finished reading file='/var/log/app/app.log.9'
10-09-2026 13:40:25.739 +0000 INFO  IndexProcessor - indexing bucket hot_v1_112 for index=main
10-09-2026 13:40:26.066 +0000 INFO  TailReader - Batch input finished reading file='/var/log/app/app.log.8'
10-09-2026 13:40:29.264 +0000 INFO  TailReader - Batch input finished reading file='/var/log/app/app.log.8'
10-09-2026 13:40:30.098 +0000 INFO  TailReader - Batch input finished reading file='/var/log/app/app.log.5'
10-09-2026 13:40:31.696 +0000 INFO  TailReader - Batch input finished reading file='/var/log/app/app.log.6'
10-09-2026 13:40:32.137 +0000 ERROR ExecProcessor - message from "/opt/splunk/bin/python3 /opt/splunk/etc/apps/TA-x/bin/poll.py" requests.exceptions.ConnectionError: timeout
10-09-2026 13:40:35.594 +0000 ERROR ExecProcessor - message from "/opt/splunk/bin/python3 /opt/splunk/etc/apps/TA-x/bin/poll.py" requests.exceptions.ConnectionError: timeout
10-09-2026 13:40:37.409 +0000 INFO  IndexProcessor - indexing bucket hot_v1_118 for index=main
10-09-2026 13:40:38.600 +0000 INFO  IndexProcessor - indexing bucket hot_v1_108 for index=main
10-09-2026 13:40:41.848 +0000 WARN  DateParserVerbose - Failed to parse timestamp in first MAX_TIMESTAMP_LOOKAHEAD (128) characters of event. Defaulting to timestamp of previous event. Context: source=/var/log/app/batch.log|host=web03
10-09-2026 13:40:41.204 +0000 ERROR ExecProcessor - message from "/opt/splunk/bin/python3 /opt/splunk/etc/apps/TA-x/bin/poll.py" requests.exceptions.ConnectionError: timeout
10-09-2026 13:40:42.910 +0000 INFO  IndexProcessor - indexing bucket hot_v1_119 for index=main
10-09-2026 13:40:44.711 +0000 INFO  TailReader - Batch input finished reading file='/var/log/app/app.log.8'
10-09-2026 13:40:45.704 +0000 INFO  TailReader - Batch input finished reading file='/var/log/app/app.log.6'
10-09-2026 13:40:47.541 +0000 INFO  TailReader - Batch input finished reading file='/var/log/app/app.log.3'
10-09-2026 13:40:48.308 +0000 WARN  DateParserVerbose - Failed to parse timestamp in first MAX_TIMESTAMP_LOOKAHEAD (128) characters of event. Defaulting to timestamp of previous event. Context: source=/var/log/app/batch.log|host=web01
10-09-2026 13:40:50.617 +0000 INFO  TailReader - Batch input finished reading file='/var/log/app/app.log.6'
10-09-2026 13:40:51.622 +0000 INFO  TailReader - Batch input finished reading file='/var/log/app/app.log.8'
10-09-2026 13:40:52.548 +0000 INFO  TailReader - Batch input finished reading file='/var/log/app/app.log.3'
10-09-2026 13:40:54.176 +0000 INFO  TailReader - Batch input finished reading file='/var/log/app/app.log.5'
10-09-2026 13:40:55.104 +0000 INFO  TailReader - Batch input finished reading file='/var/log/app/app.log.2'
10-09-2026 13:40:56.621 +0000 INFO  IndexProcessor - indexing bucket hot_v1_102 for index=main
10-09-2026 13:40:56.440 +0000 INFO  TailReader - Batch input finished reading file='/var/log/app/app.log.7'
10-09-2026 13:40:57.057 +0000 WARN  DateParserVerbose - Failed to parse timestamp in first MAX_TIMESTAMP_LOOKAHEAD (128) characters of event. Defaulting to timestamp of previous event. Context: source=/var/log/app/batch.log|host=web01
10-09-2026 13:40:59.742 +0000 INFO  TailReader - Batch input finished reading file='/var/log/app/app.log.9'
10-09-2026 13:41:01.265 +0000 WARN  DateParserVerbose - Failed to parse timestamp in first MAX_TIMESTAMP_LOOKAHEAD (128) characters of event. Defaulting to timestamp of previous event. Context: source=/var/log/app/batch.log|host=web01
10-09-2026 13:41:02.039 +0000 WARN  DateParserVerbose - Failed to parse timestamp in first MAX_TIMESTAMP_LOOKAHEAD (128) characters of event. Defaulting to timestamp of previous event. Context: source=/var/log/app/batch.log|host=web01
10-09-2026 13:41:04.437 +0000 INFO  IndexProcessor - indexing bucket hot_v1_110 for index=main
10-09-2026 13:41:05.819 +0000 INFO  TailReader - Batch input finished reading file='/var/log/app/app.log.1'
10-09-2026 13:41:07.844 +0000 INFO  IndexProcessor - indexing bucket hot_v1_114 for index=main
10-09-2026 13:41:08.602 +0000 INFO  TailReader - Batch input finished reading file='/var/log/app/app.log.1'
10-09-2026 13:41:09.317 +0000 ERROR ExecProcessor - message from "/opt/splunk/bin/python3 /opt/splunk/etc/apps/TA-x/bin/poll.py" requests.exceptions.ConnectionError: timeout
10-09-2026 13:41:10.811 +0000 INFO  TailReader - Batch input finished reading file='/var/log/app/app.log.5'
10-09-2026 13:41:13.160 +0000 INFO  IndexProcessor - indexing bucket hot_v1_103 for index=main
10-09-2026 13:41:15.882 +0000 ERROR ExecProcessor - message from "/opt/splunk/bin/python3 /opt/splunk/etc/apps/TA-x/bin/poll.py" requests.exceptions.ConnectionError: timeout
10-09-2026 13:41:16.817 +0000 INFO  TailReader - Batch input finished reading file='/var/log/app/app.log.4'
10-09-2026 13:41:17.679 +0000 ERROR ExecProcessor - message from "/opt/splunk/bin/python3 /opt/splunk/etc/apps/TA-x/bin/poll.py" requests.exceptions.ConnectionError: timeout
10-09-2026 13:41:19.090 +0000 WARN  DateParserVerbose - Failed to parse timestamp in first MAX_TIMESTAMP_LOOKAHEAD (128) characters of event. Defaulting to timestamp of previous event. Context: source=/var/log/app/batch.log|host=web01
10-09-2026 13:41:20.586 +0000 INFO  IndexProcessor - indexing bucket hot_v1_114 for index=main
10-09-2026 13:41:22.508 +0000 INFO  TailReader - Batch input finished reading file='/var/log/app/app.log.9'
10-09-2026 13:41:24.294 +0000 INFO  TailReader - Batch input finished reading file='/var/log/app/app.log.1'
10-09-2026 13:41:26.304 +0000 INFO  TailReader - Batch input finished reading file='/var/log/app/app.log.3'
10-09-2026 13:41:27.558 +0000 INFO  TailReader - Batch input finished reading file='/var/log/app/app.log.2'
10-09-2026 13:41:29.196 +0000 WARN  DateParserVerbose - Failed to parse timestamp in first MAX_TIMESTAMP_LOOKAHEAD (128) characters of event. Defaulting to timestamp of previous event. Context: source=/var/log/app/batch.log|host=web02
10-09-2026 13:41:31.657 +0000 INFO  TailReader - Batch input finished reading file='/var/log/app/app.log.5'
10-09-2026 13:41:33.151 +0000 WARN  DateParserVerbose - Failed to parse timestamp in first MAX_TIMESTAMP_LOOKAHEAD (128) characters of event. Defaulting to timestamp of previous event. Context: source=/var/log/app/batch.log|host=web01
10-09-2026 13:41:35.696 +0000 WARN  DateParserVerbose - Failed to parse timestamp in first MAX_TIMESTAMP_LOOKAHEAD (128) characters of event. Defaulting to timestamp of previous event. Context: source=/var/log/app/batch.log|host=web04
10-09-2026 13:41:36.961 +0000 INFO  TailReader - Batch input finished reading file='/var/log/app/app.log.3'
10-09-2026 13:41:39.835 +0000 WARN  DateParserVerbose - Failed to parse timestamp in first MAX_TIMESTAMP_LOOKAHEAD (128) characters of event. Defaulting to timestamp of previous event. Context: source=/var/log/app/batch.log|host=web02
10-09-2026 13:41:40.303 +0000 INFO  TailReader - Batch input finished reading file='/var/log/app/app.log.7'
10-09-2026 13:41:41.595 +0000 INFO  TailReader - Batch input finished reading file='/var/log/app/app.log.4'
10-09-2026 13:41:43.300 +0000 INFO  TailReader - Batch input finished reading file='/var/log/app/app.log.3'
10-09-2026 13:41:45.918 +0000 INFO  IndexProcessor - indexing bucket hot_v1_109 for index=main
10-09-2026 13:41:48.820 +0000 INFO  TailReader - Batch input finished reading file='/var/log/app/app.log.8'
10-09-2026 13:41:50.807 +0000 INFO  TailReader - Batch input finished reading file='/var/log/app/app.log.7'
10-09-2026 13:41:51.028 +0000 WARN  DateParserVerbose - Failed to parse timestamp in first MAX_TIMESTAMP_LOOKAHEAD (128) characters of event. Defaulting to timestamp of previous event. Context: source=/var/log/app/batch.log|host=web01
10-09-2026 13:41:52.656 +0000 INFO  TailReader - Batch input finished reading file='/var/log/app/app.log.1'
10-09-2026 13:41:55.384 +0000 INFO  TailReader - Batch input finished reading file='/var/log/app/app.log.3'
10-09-2026 13:41:57.270 +0000 WARN  DateParserVerbose - Failed to parse timestamp in first MAX_TIMESTAMP_LOOKAHEAD (128) characters of event. Defaulting to timestamp of previous event. Context: source=/var/log/app/batch.log|host=web01
10-09-2026 13:41:58.003 +0000 WARN  DateParserVerbose - Failed to parse timestamp in first MAX_TIMESTAMP_LOOKAHEAD (128) characters of event. Defaulting to timestamp of previous event. Context: source=/var/log/app/batch.log|host=web03
10-09-2026 13:42:00.394 +0000 INFO  TailReader - Batch input finished reading file='/var/log/app/app.log.5'
10-09-2026 13:42:02.417 +0000 INFO  IndexProcessor - indexing bucket hot_v1_102 for index=main
10-09-2026 13:42:05.960 +0000 INFO  TailReader - Batch input finished reading file='/var/log/app/app.log.1'
10-09-2026 13:42:06.894 +0000 INFO  TailReader - Batch input finished reading file='/var/log/app/app.log.2'
10-09-2026 13:42:07.013 +0000 INFO  TailReader - Batch input finished reading file='/var/log/app/app.log.4'
10-09-2026 13:42:08.777 +0000 INFO  IndexProcessor - indexing bucket hot_v1_107 for index=main
10-09-2026 13:42:10.350 +0000 INFO  TailReader - Batch input finished reading file='/var/log/app/app.log.8'
10-09-2026 13:42:12.893 +0000 INFO  IndexProcessor - indexing bucket hot_v1_115 for index=main
10-09-2026 13:42:14.185 +0000 INFO  TailReader - Batch input finished reading file='/var/log/app/app.log.3'
10-09-2026 13:42:16.610 +0000 WARN  DateParserVerbose - Failed to parse timestamp in first MAX_TIMESTAMP_LOOKAHEAD (128) characters of event. Defaulting to timestamp of previous event. Context: source=/var/log/app/batch.log|host=web03
10-09-2026 13:42:17.974 +0000 INFO  IndexProcessor - indexing bucket hot_v1_112 for index=main
10-09-2026 13:42:19.942 +0000 INFO  TailReader - Batch input finished reading file='/var/log/app/app.log.2'
10-09-2026 13:42:20.810 +0000 ERROR ExecProcessor - message from "/opt/splunk/bin/python3 /opt/splunk/etc/apps/TA-x/bin/poll.py" requests.exceptions.ConnectionError: timeout
10-09-2026 13:42:21.494 +0000 INFO  TailReader - Batch input finished reading file='/var/log/app/app.log.6'
10-09-2026 13:42:22.125 +0000 INFO  IndexProcessor - indexing bucket hot_v1_104 for index=main
10-09-2026 13:42:25.055 +0000 INFO  TailReader - Batch input finished reading file='/var/log/app/app.log.3'
10-09-2026 13:42:25.854 +0000 INFO  TailReader - Batch input finished reading file='/var/log/app/app.log.8'
10-09-2026 13:42:27.316 +0000 WARN  DateParserVerbose - Failed to parse timestamp in first MAX_TIMESTAMP_LOOKAHEAD (128) characters of event. Defaulting to timestamp of previous event. Context: source=/var/log/app/batch.log|host=web01
10-09-2026 13:42:28.852 +0000 INFO  IndexProcessor - indexing bucket hot_v1_119 for index=main
10-09-2026 13:42:29.616 +0000 INFO  TailReader - Batch input finished reading file='/var/log/app/app.log.1'
10-09-2026 13:42:31.501 +0000 INFO  TailReader - Batch input finished reading file='/var/log/app/app.log.3'
10-09-2026 13:42:32.444 +0000 INFO  IndexProcessor - indexing bucket hot_v1_113 for index=main
10-09-2026 13:42:34.054 +0000 INFO  IndexProcessor - indexing bucket hot_v1_102 for index=main
10-09-2026 13:42:36.448 +0000 INFO  IndexProcessor - indexing bucket hot_v1_120 for index=main
10-09-2026 13:42:38.864 +0000 INFO  TailReader - Batch input finished reading file='/var/log/app/app.log.9'
10-09-2026 13:42:39.218 +0000 INFO  TailReader - Batch input finished reading file='/var/log/app/app.log.4'
10-09-2026 13:42:41.645 +0000 INFO  TailReader - Batch input finished reading file='/var/log/app/app.log.8'
10-09-2026 13:42:42.374 +0000 INFO  TailReader - Batch input finished reading file='/var/log/app/app.log.2'
10-09-2026 13:42:43.320 +0000 INFO  TailReader - Batch input finished reading file='/var/log/app/app.log.6'
10-09-2026 13:42:44.699 +0000 INFO  TailReader - Batch input finished reading file='/var/log/app/app.log.8'
10-09-2026 13:42:45.240 +0000 INFO  TailReader - Batch input finished reading file='/var/log/app/app.log.9'
10-09-2026 13:42:47.148 +0000 INFO  TailReader - Batch input finished reading file='/var/log/app/app.log.2'
10-09-2026 13:42:48.314 +0000 INFO  TailReader - Batch input finished reading file='/var/log/app/app.log.5'
10-09-2026 13:42:50.897 +0000 INFO  TailReader - Batch input finished reading file='/var/log/app/app.log.5'
10-09-2026 13:42:52.865 +0000 INFO  TailReader - Batch input finished reading file='/var/log/app/app.log.6'
10-09-2026 13:42:52.279 +0000 WARN  DateParserVerbose - Failed to parse timestamp in first MAX_TIMESTAMP_LOOKAHEAD (128) characters of event. Defaulting to timestamp of previous event. Context: source=/var/log/app/batch.log|host=web04
10-09-2026 13:42:53.554 +0000 INFO  TailReader - Batch input finished reading file='/var/log/app/app.log.8'
10-09-2026 13:42:55.764 +0000 INFO  TailReader - Batch input finished reading file='/var/log/app/app.log.9'
10-09-2026 13:42:56.043 +0000 INFO  TailReader - Batch input finished reading file='/var/log/app/app.log.4'
10-09-2026 13:42:57.755 +0000 INFO  TailReader - Batch input finished reading file='/var/log/app/app.log.2'
10-09-2026 13:42:57.912 +0000 INFO  TailReader - Batch input finished reading file='/var/log/app/app.log.9'
10-09-2026 13:42:59.753 +0000 INFO  TailReader - Batch input finished reading file='/var/log/app/app.log.6'
10-09-2026 13:43:00.936 +0000 INFO  TailReader - Batch input finished reading file='/var/log/app/app.log.7'
10-09-2026 13:43:00.877 +0000 INFO  IndexProcessor - indexing bucket hot_v1_108 for index=main
10-09-2026 13:43:02.057 +0000 INFO  TailReader - Batch input finished reading file='/var/log/app/app.log.8'
10-09-2026 13:43:03.031 +0000 INFO  IndexProcessor - indexing bucket hot_v1_102 for index=main
10-09-2026 13:43:04.655 +0000 INFO  TailReader - Batch input finished reading file='/var/log/app/app.log.1'
10-09-2026 13:43:06.369 +0000 INFO  TailReader - Batch input finished reading file='/var/log/app/app.log.9'
10-09-2026 13:43:08.750 +0000 INFO  TailReader - Batch input finished reading file='/var/log/app/app.log.9'
10-09-2026 13:43:09.267 +0000 INFO  TailReader - Batch input finished reading file='/var/log/app/app.log.9'
10-09-2026 13:43:10.546 +0000 ERROR ExecProcessor - message from "/opt/splunk/bin/python3 /opt/splunk/etc/apps/TA-x/bin/poll.py" requests.exceptions.ConnectionError: timeout
10-09-2026 13:43:11.701 +0000 INFO  IndexProcessor - indexing bucket hot_v1_108 for index=main
10-09-2026 13:43:13.188 +0000 INFO  TailReader - Batch input finished reading file='/var/log/app/app.log.7'
10-09-2026 13:43:14.093 +0000 INFO  TailReader - Batch input finished reading file='/var/log/app/app.log.5'
10-09-2026 13:43:15.140 +0000 INFO  TailReader - Batch input finished reading file='/var/log/app/app.log.5'
10-09-2026 13:43:17.477 +0000 INFO  TailReader - Batch input finished reading file='/var/log/app/app.log.1'
10-09-2026 13:43:19.485 +0000 ERROR ExecProcessor - message from "/opt/splunk/bin/python3 /opt/splunk/etc/apps/TA-x/bin/poll.py" requests.exceptions.ConnectionError: timeout
10-09-2026 13:43:20.239 +0000 INFO  IndexProcessor - indexing bucket hot_v1_100 for index=main
10-09-2026 13:43:22.199 +0000 WARN  DateParserVerbose - Failed to parse timestamp in first MAX_TIMESTAMP_LOOKAHEAD (128) characters of event. Defaulting to timestamp of previous event. Context: source=/var/log/app/batch.log|host=web03
10-09-2026 13:43:23.820 +0000 INFO  IndexProcessor - indexing bucket hot_v1_116 for index=main
10-09-2026 13:43:25.015 +0000 WARN  DateParserVerbose - Failed to parse timestamp in first MAX_TIMESTAMP_LOOKAHEAD (128) characters of event. Defaulting to timestamp of previous event. Context: source=/var/log/app/batch.log|host=web02
10-09-2026 13:43:25.587 +0000 INFO  TailReader - Batch input finished reading file='/var/log/app/app.log.9'
10-09-2026 13:43:26.234 +0000 INFO  TailReader - Batch input finished reading file='/var/log/app/app.log.6'
10-09-2026 13:43:28.572 +0000 INFO  TailReader - Batch input finished reading file='/var/log/app/app.log.3'
10-09-2026 13:43:30.669 +0000 INFO  TailReader - Batch input finished reading file='/var/log/app/app.log.8'
10-09-2026 13:43:32.689 +0000 INFO  TailReader - Batch input finished reading file='/var/log/app/app.log.7'
10-09-2026 13:43:34.630 +0000 INFO  IndexProcessor - indexing bucket hot_v1_108 for index=main
10-09-2026 13:43:37.684 +0000 INFO  IndexProcessor - indexing bucket hot_v1_115 for index=main
10-09-2026 13:43:38.363 +0000 INFO  IndexProcessor - indexing bucket hot_v1_107 for index=main
10-09-2026 13:43:39.677 +0000 INFO  IndexProcessor - indexing bucket hot_v1_113 for index=main
10-09-2026 13:43:41.966 +0000 INFO  IndexProcessor - indexing bucket hot_v1_111 for index=main
10-09-2026 13:43:42.462 +0000 INFO  TailReader - Batch input finished reading file='/var/log/app/app.log.7'
10-09-2026 13:43:44.685 +0000 INFO  IndexProcessor - indexing bucket hot_v1_110 for index=main
10-09-2026 13:43:46.836 +0000 WARN  DateParserVerbose - Failed to parse timestamp in first MAX_TIMESTAMP_LOOKAHEAD (128) characters of event. Defaulting to timestamp of previous event. Context: source=/var/log/app/batch.log|host=web03
10-09-2026 13:43:47.206 +0000 INFO  TailReader - Batch input finished reading file='/var/log/app/app.log.2'
10-09-2026 13:43:48.533 +0000 INFO  TailReader - Batch input finished reading file='/var/log/app/app.log.6'
10-09-2026 13:43:49.309 +0000 INFO  IndexProcessor - indexing bucket hot_v1_118 for index=main
10-09-2026 13:43:50.832 +0000 INFO  TailReader - Batch input finished reading file='/var/log/app/app.log.1'
10-09-2026 13:43:52.823 +0000 INFO  TailReader - Batch input finished reading file='/var/log/app/app.log.6'
10-09-2026 13:43:54.054 +0000 INFO  IndexProcessor - indexing bucket hot_v1_114 for index=main
10-09-2026 13:43:55.104 +0000 WARN  DateParserVerbose - Failed to parse timestamp in first MAX_TIMESTAMP_LOOKAHEAD (128) characters of event. Defaulting to timestamp of previous event. Context: source=/var/log/app/batch.log|host=web03
10-09-2026 13:43:57.028 +0000 WARN  DateParserVerbose - Failed to parse timestamp in first MAX_TIMESTAMP_LOOKAHEAD (128) characters of event. Defaulting to timestamp of previous event. Context: source=/var/log/app/batch.log|host=web01
10-09-2026 13:43:58.855 +0000 INFO  IndexProcessor - indexing bucket hot_v1_119 for index=main
10-09-2026 13:44:00.644 +0000 INFO  IndexProcessor - indexing bucket hot_v1_106 for index=main
10-09-2026 13:44:02.769 +0000 INFO  IndexProcessor - indexing bucket hot_v1_119 for index=main
10-09-2026 13:44:03.090 +0000 INFO  TailReader - Batch input finished reading file='/var/log/app/app.log.7'
10-09-2026 13:44:04.778 +0000 WARN  DateParserVerbose - Failed to parse timestamp in first MAX_TIMESTAMP_LOOKAHEAD (128) characters of event. Defaulting to timestamp of previous event. Context: source=/var/log/app/batch.log|host=web01
10-09-2026 13:44:05.972 +0000 INFO  TailReader - Batch input finished reading file='/var/log/app/app.log.8'
10-09-2026 13:44:07.491 +0000 INFO  TailReader - Batch input finished reading file='/var/log/app/app.log.9'
10-09-2026 13:44:08.174 +0000 INFO  TailReader - Batch input finished reading file='/var/log/app/app.log.6'
10-09-2026 13:44:10.805 +0000 INFO  TailReader - Batch input finished reading file='/var/log/app/app.log.4'
10-09-2026 13:44:12.976 +0000 INFO  IndexProcessor - indexing bucket hot_v1_100 for index=main
10-09-2026 13:44:13.242 +0000 INFO  IndexProcessor - indexing bucket hot_v1_113 for index=main
10-09-2026 13:44:14.986 +0000 ERROR ExecProcessor - message from "/opt/splunk/bin/python3 /opt/splunk/etc/apps/TA-x/bin/poll.py" requests.exceptions.ConnectionError: timeout
10-09-2026 13:44:16.634 +0000 INFO  TailReader - Batch input finished reading file='/var/log/app/app.log.7'
10-09-2026 13:44:16.842 +0000 INFO  TailReader - Batch input finished reading file='/var/log/app/app.log.4'
10-09-2026 13:44:19.695 +0000 INFO  IndexProcessor - indexing bucket hot_v1_116 for index=main
10-09-2026 13:44:21.029 +0000 INFO  TailReader - Batch input finished reading file='/var/log/app/app.log.9'
10-09-2026 13:44:22.346 +0000 INFO  TailReader - Batch input finished reading file='/var/log/app/app.log.4'
10-09-2026 13:44:24.298 +0000 INFO  TailReader - Batch input finished reading file='/var/log/app/app.log.4'
10-09-2026 13:44:25.762 +0000 INFO  TailReader - Batch input finished reading file='/var/log/app/app.log.3'
10-09-2026 13:44:27.761 +0000 ERROR ExecProcessor - message from "/opt/splunk/bin/python3 /opt/splunk/etc/apps/TA-x/bin/poll.py" requests.exceptions.ConnectionError: timeout
10-09-2026 13:44:30.049 +0000 INFO  TailReader - Batch input finished reading file='/var/log/app/app.log.4'
10-09-2026 13:44:30.309 +0000 WARN  DateParserVerbose - Failed to parse timestamp in first MAX_TIMESTAMP_LOOKAHEAD (128) characters of event. Defaulting to timestamp of previous event. Context: source=/var/log/app/batch.log|host=web04
10-09-2026 13:44:32.821 +0000 INFO  TailReader - Batch input finished reading file='/var/log/app/app.log.7'
10-09-2026 13:44:32.182 +0000 INFO  IndexProcessor - indexing bucket hot_v1_107 for index=main
10-09-2026 13:44:33.922 +0000 INFO  TailReader - Batch input finished reading file='/var/log/app/app.log.7'
10-09-2026 13:44:34.894 +0000 WARN  DateParserVerbose - Failed to parse timestamp in first MAX_TIMESTAMP_LOOKAHEAD (128) characters of event. Defaulting to timestamp of previous event. Context: source=/var/log/app/batch.log|host=web02
10-09-2026 13:44:36.447 +0000 INFO  TailReader - Batch input finished reading file='/var/log/app/app.log.1'
10-09-2026 13:44:37.260 +0000 INFO  IndexProcessor - indexing bucket hot_v1_108 for index=main
10-09-2026 13:44:38.425 +0000 INFO  IndexProcessor - indexing bucket hot_v1_111 for index=main
10-09-2026 13:44:39.581 +0000 WARN  DateParserVerbose - Failed to parse timestamp in first MAX_TIMESTAMP_LOOKAHEAD (128) characters of event. Defaulting to timestamp of previous event. Context: source=/var/log/app/batch.log|host=web04
10-09-2026 13:44:41.394 +0000 INFO  TailReader - Batch input finished reading file='/var/log/app/app.log.7'
10-09-2026 13:44:42.706 +0000 WARN  DateParserVerbose - Failed to parse timestamp in first MAX_TIMESTAMP_LOOKAHEAD (128) characters of event. Defaulting to timestamp of previous event. Context: source=/var/log/app/batch.log|host=web03
10-09-2026 13:44:44.447 +0000 INFO  TailReader - Batch input finished reading file='/var/log/app/app.log.3'
10-09-2026 13:44:45.434 +0000 INFO  TailReader - Batch input finished reading file='/var/log/app/app.log.7'
10-09-2026 13:44:46.981 +0000 INFO  IndexProcessor - indexing bucket hot_v1_103 for index=main
10-09-2026 13:44:48.578 +0000 INFO  IndexProcessor - indexing bucket hot_v1_109 for index=main
10-09-2026 13:44:50.007 +0000 WARN  DateParserVerbose - Failed to parse timestamp in first MAX_TIMESTAMP_LOOKAHEAD (128) characters of event. Defaulting to timestamp of previous event. Context: source=/var/log/app/batch.log|host=web01
10-09-2026 13:44:51.712 +0000 INFO  TailReader - Batch input finished reading file='/var/log/app/app.log.7'
10-09-2026 13:44:53.608 +0000 INFO  TailReader - Batch input finished reading file='/var/log/app/app.log.2'
10-09-2026 13:44:54.712 +0000 INFO  TailReader - Batch input finished reading file='/var/log/app/app.log.1'
10-09-2026 13:44:54.375 +0000 INFO  TailReader - Batch input finished reading file='/var/log/app/app.log.9'
10-09-2026 13:44:57.143 +0000 INFO  TailReader - Batch input finished reading file='/var/log/app/app.log.8'
10-09-2026 13:44:59.080 +0000 INFO  IndexProcessor - indexing bucket hot_v1_120 for index=main
10-09-2026 13:44:59.013 +0000 INFO  TailReader - Batch input finished reading file='/var/log/app/app.log.5'
10-09-2026 13:45:01.187 +0000 INFO  TailReader - Batch input finished reading file='/var/log/app/app.log.3'
10-09-2026 13:45:03.795 +0000 INFO  IndexProcessor - indexing bucket hot_v1_110 for index=main
10-09-2026 13:45:03.486 +0000 INFO  TailReader - Batch input finished reading file='/var/log/app/app.log.4'
10-09-2026 13:45:06.347 +0000 INFO  TailReader - Batch input finished reading file='/var/log/app/app.log.1'
10-09-2026 13:45:08.737 +0000 INFO  IndexProcessor - indexing bucket hot_v1_103 for index=main
10-09-2026 13:45:09.960 +0000 INFO  TailReader - Batch input finished reading file='/var/log/app/app.log.4'
10-09-2026 13:45:11.152 +0000 INFO  TailReader - Batch input finished reading file='/var/log/app/app.log.3'
10-09-2026 13:45:13.160 +0000 INFO  TailReader - Batch input finished reading file='/var/log/app/app.log.4'
10-09-2026 13:45:15.982 +0000 INFO  TailReader - Batch input finished reading file='/var/log/app/app.log.1'
10-09-2026 13:45:17.507 +0000 WARN  DateParserVerbose - Failed to parse timestamp in first MAX_TIMESTAMP_LOOKAHEAD (128) characters of event. Defaulting to timestamp of previous event. Context: source=/var/log/app/batch.log|host=web02
10-09-2026 13:45:18.023 +0000 WARN  DateParserVerbose - Failed to parse timestamp in first MAX_TIMESTAMP_LOOKAHEAD (128) characters of event. Defaulting to timestamp of previous event. Context: source=/var/log/app/batch.log|host=web02
10-09-2026 13:45:20.371 +0000 INFO  IndexProcessor - indexing bucket hot_v1_110 for index=main
10-09-2026 13:45:23.430 +0000 INFO  TailReader - Batch input finished reading file='/var/log/app/app.log.5'
10-09-2026 13:45:23.696 +0000 ERROR ExecProcessor - message from "/opt/splunk/bin/python3 /opt/splunk/etc/apps/TA-x/bin/poll.py" requests.exceptions.ConnectionError: timeout
10-09-2026 13:45:26.422 +0000 INFO  TailReader - Batch input finished reading file='/var/log/app/app.log.3'
10-09-2026 13:45:27.997 +0000 INFO  TailReader - Batch input finished reading file='/var/log/app/app.log.6'
10-09-2026 13:45:28.347 +0000 WARN  DateParserVerbose - Failed to parse timestamp in first MAX_TIMESTAMP_LOOKAHEAD (128) characters of event. Defaulting to timestamp of previous event. Context: source=/var/log/app/batch.log|host=web01
10-09-2026 13:45:29.107 +0000 INFO  IndexProcessor - indexing bucket hot_v1_114 for index=main
10-09-2026 13:45:30.165 +0000 WARN  DateParserVerbose - Failed to parse timestamp in first MAX_TIMESTAMP_LOOKAHEAD (128) characters of event. Defaulting to timestamp of previous event. Context: source=/var/log/app/batch.log|host=web03
10-09-2026 13:45:31.231 +0000 INFO  IndexProcessor - indexing bucket hot_v1_116 for index=main
10-09-2026 13:45:32.364 +0000 INFO  IndexProcessor - indexing bucket hot_v1_106 for index=main
10-09-2026 13:45:34.232 +0000 INFO  TailReader - Batch input finished reading file='/var/log/app/app.log.8'
10-09-2026 13:45:36.865 +0000 INFO  TailReader - Batch input finished reading file='/var/log/app/app.log.5'
10-09-2026 13:45:37.674 +0000 INFO  IndexProcessor - indexing bucket hot_v1_100 for index=main
10-09-2026 13:45:39.408 +0000 WARN  DateParserVerbose - Failed to parse timestamp in first MAX_TIMESTAMP_LOOKAHEAD (128) characters of event. Defaulting to timestamp of previous event. Context: source=/var/log/app/batch.log|host=web03
10-09-2026 13:45:40.294 +0000 INFO  IndexProcessor - indexing bucket hot_v1_112 for index=main
10-09-2026 13:45:42.961 +0000 INFO  TailReader - Batch input finished reading file='/var/log/app/app.log.9'
10-09-2026 13:45:44.073 +0000 INFO  TailReader - Batch input finished reading file='/var/log/app/app.log.5'
10-09-2026 13:45:45.150 +0000 INFO  TailReader - Batch input finished reading file='/var/log/app/app.log.4'
10-09-2026 13:45:46.235 +0000 INFO  TailReader - Batch input finished reading file='/var/log/app/app.log.6'
10-09-2026 13:45:47.598 +0000 WARN  DateParserVerbose - Failed to parse timestamp in first MAX_TIMESTAMP_LOOKAHEAD (128) characters of event. Defaulting to timestamp of previous event. Context: source=/var/log/app/batch.log|host=web03
10-09-2026 13:45:49.153 +0000 INFO  IndexProcessor - indexing bucket hot_v1_118 for index=main
10-09-2026 13:45:50.988 +0000 WARN  DateParserVerbose - Failed to parse timestamp in first MAX_TIMESTAMP_LOOKAHEAD (128) characters of event. Defaulting to timestamp of previous event. Context: source=/var/log/app/batch.log|host=web03
10-09-2026 13:45:52.644 +0000 WARN  DateParserVerbose - Failed to parse timestamp in first MAX_TIMESTAMP_LOOKAHEAD (128) characters of event. Defaulting to timestamp of previous event. Context: source=/var/log/app/batch.log|host=web02
10-09-2026 13:45:52.789 +0000 INFO  TailReader - Batch input finished reading file='/var/log/app/app.log.6'
10-09-2026 13:45:55.884 +0000 INFO  TailReader - Batch input finished reading file='/var/log/app/app.log.2'
10-09-2026 13:45:56.577 +0000 INFO  IndexProcessor - indexing bucket hot_v1_116 for index=main
10-09-2026 13:45:58.194 +0000 INFO  TailReader - Batch input finished reading file='/var/log/app/app.log.8'
10-09-2026 13:46:00.996 +0000 WARN  DateParserVerbose - Failed to parse timestamp in first MAX_TIMESTAMP_LOOKAHEAD (128) characters of event. Defaulting to timestamp of previous event. Context: source=/var/log/app/batch.log|host=web03
10-09-2026 13:46:01.323 +0000 INFO  TailReader - Batch input finished reading file='/var/log/app/app.log.2'
10-09-2026 13:46:02.735 +0000 WARN  DateParserVerbose - Failed to parse timestamp in first MAX_TIMESTAMP_LOOKAHEAD (128) characters of event. Defaulting to timestamp of previous event. Context: source=/var/log/app/batch.log|host=web02
10-09-2026 13:46:04.608 +0000 INFO  IndexProcessor - indexing bucket hot_v1_110 for index=main
10-09-2026 13:46:06.258 +0000 INFO  IndexProcessor - indexing bucket hot_v1_120 for index=main
10-09-2026 13:46:07.354 +0000 INFO  IndexProcessor - indexing bucket hot_v1_113 for index=main
10-09-2026 13:46:09.609 +0000 ERROR ExecProcessor - message from "/opt/splunk/bin/python3 /opt/splunk/etc/apps/TA-x/bin/poll.py" requests.exceptions.ConnectionError: timeout
10-09-2026 13:46:11.226 +0000 WARN  DateParserVerbose - Failed to parse timestamp in first MAX_TIMESTAMP_LOOKAHEAD (128) characters of event. Defaulting to timestamp of previous event. Context: source=/var/log/app/batch.log|host=web03
10-09-2026 13:46:11.404 +0000 INFO  TailReader - Batch input finished reading file='/var/log/app/app.log.5'
10-09-2026 13:46:12.887 +0000 INFO  TailReader - Batch input finished reading file='/var/log/app/app.log.4'
10-09-2026 13:46:14.595 +0000 INFO  TailReader - Batch input finished reading file='/var/log/app/app.log.7'
10-09-2026 13:46:15.123 +0000 INFO  TailReader - Batch input finished reading file='/var/log/app/app.log.9'
10-09-2026 13:46:18.860 +0000 INFO  TailReader - Batch input finished reading file='/var/log/app/app.log.5'
10-09-2026 13:46:19.700 +0000 INFO  IndexProcessor - indexing bucket hot_v1_116 for index=main
10-09-2026 13:46:20.549 +0000 INFO  TailReader - Batch input finished reading file='/var/log/app/app.log.5'
10-09-2026 13:46:22.953 +0000 WARN  DateParserVerbose - Failed to parse timestamp in first MAX_TIMESTAMP_LOOKAHEAD (128) characters of event. Defaulting to timestamp of previous event. Context: source=/var/log/app/batch.log|host=web02
10-09-2026 13:46:24.951 +0000 ERROR ExecProcessor - message from "/opt/splunk/bin/python3 /opt/splunk/etc/apps/TA-x/bin/poll.py" requests.exceptions.ConnectionError: timeout
10-09-2026 13:46:25.450 +0000 INFO  TailReader - Batch input finished reading file='/var/log/app/app.log.8'
10-09-2026 13:46:26.180 +0000 WARN  DateParserVerbose - Failed to parse timestamp in first MAX_TIMESTAMP_LOOKAHEAD (128) characters of event. Defaulting to timestamp of previous event. Context: source=/var/log/app/batch.log|host=web04
10-09-2026 13:46:26.355 +0000 INFO  TailReader - Batch input finished reading file='/var/log/app/app.log.2'
10-09-2026 13:46:28.049 +0000 INFO  TailReader - Batch input finished reading file='/var/log/app/app.log.7'
10-09-2026 13:46:29.837 +0000 INFO  TailReader - Batch input finished reading file='/var/log/app/app.log.5'
10-09-2026 13:46:31.708 +0000 INFO  TailReader - Batch input finished reading file='/var/log/app/app.log.1'
10-09-2026 13:46:32.944 +0000 WARN  DateParserVerbose - Failed to parse timestamp in first MAX_TIMESTAMP_LOOKAHEAD (128) characters of event. Defaulting to timestamp of previous event. Context: source=/var/log/app/batch.log|host=web04
10-09-2026 13:46:33.971 +0000 WARN  DateParserVerbose - Failed to parse timestamp in first MAX_TIMESTAMP_LOOKAHEAD (128) characters of event. Defaulting to timestamp of previous event. Context: source=/var/log/app/batch.log|host=web01
10-09-2026 13:46:35.539 +0000 INFO  IndexProcessor - indexing bucket hot_v1_103 for index=main
10-09-2026 13:46:37.239 +0000 INFO  TailReader - Batch input finished reading file='/var/log/app/app.log.2'
10-09-2026 13:46:39.096 +0000 INFO  IndexProcessor - indexing bucket hot_v1_112 for index=main
10-09-2026 13:46:40.608 +0000 WARN  DateParserVerbose - Failed to parse timestamp in first MAX_TIMESTAMP_LOOKAHEAD (128) characters of event. Defaulting to timestamp of previous event. Context: source=/var/log/app/batch.log|host=web01
10-09-2026 13:46:42.873 +0000 ERROR ExecProcessor - message from "/opt/splunk/bin/python3 /opt/splunk/etc/apps/TA-x/bin/poll.py" requests.exceptions.ConnectionError: timeout
10-09-2026 13:46:44.742 +0000 INFO  TailReader - Batch input finished reading file='/var/log/app/app.log.9'
10-09-2026 13:46:45.458 +0000 INFO  TailReader - Batch input finished reading file='/var/log/app/app.log.7'
10-09-2026 13:46:48.649 +0000 INFO  TailReader - Batch input finished reading file='/var/log/app/app.log.4'
10-09-2026 13:46:49.072 +0000 INFO  TailReader - Batch input finished reading file='/var/log/app/app.log.8'
10-09-2026 13:46:51.320 +0000 INFO  TailReader - Batch input finished reading file='/var/log/app/app.log.4'
10-09-2026 13:46:52.562 +0000 WARN  DateParserVerbose - Failed to parse timestamp in first MAX_TIMESTAMP_LOOKAHEAD (128) characters of event. Defaulting to timestamp of previous event. Context: source=/var/log/app/batch.log|host=web01
10-09-2026 13:46:54.600 +0000 INFO  IndexProcessor - indexing bucket hot_v1_104 for index=main
10-09-2026 13:46:56.412 +0000 INFO  IndexProcessor - indexing bucket hot_v1_111 for index=main
10-09-2026 13:46:57.501 +0000 INFO  TailReader - Batch input finished reading file='/var/log/app/app.log.6'
10-09-2026 13:46:58.482 +0000 INFO  TailReader - Batch input finished reading file='/var/log/app/app.log.1'
10-09-2026 13:46:59.691 +0000 INFO  IndexProcessor - indexing bucket hot_v1_114 for index=main
10-09-2026 13:47:01.412 +0000 INFO  TailReader - Batch input finished reading file='/var/log/app/app.log.7'
10-09-2026 13:47:03.066 +0000 INFO  TailReader - Batch input finished reading file='/var/log/app/app.log.2'
10-09-2026 13:47:04.257 +0000 INFO  TailReader - Batch input finished reading file='/var/log/app/app.log.7'
10-09-2026 13:47:06.960 +0000 INFO  TailReader - Batch input finished reading file='/var/log/app/app.log.2'
10-09-2026 13:47:08.594 +0000 INFO  IndexProcessor - indexing bucket hot_v1_111 for index=main
10-09-2026 13:47:09.105 +0000 INFO  TailReader - Batch input finished reading file='/var/log/app/app.log.5'
10-09-2026 13:47:10.266 +0000 WARN  DateParserVerbose - Failed to parse timestamp in first MAX_TIMESTAMP_LOOKAHEAD (128) characters of event. Defaulting to timestamp of previous event. Context: source=/var/log/app/batch.log|host=web01
10-09-2026 13:47:11.317 +0000 INFO  TailReader - Batch input finished reading file='/var/log/app/app.log.2'
10-09-2026 13:47:11.445 +0000 INFO  TailReader - Batch input finished reading file='/var/log/app/app.log.1'
10-09-2026 13:47:12.548 +0000 INFO  TailReader - Batch input finished reading file='/var/log/app/app.log.1'
10-09-2026 13:47:12.925 +0000 INFO  IndexProcessor - indexing bucket hot_v1_113 for index=main
10-09-2026 13:47:13.561 +0000 INFO  IndexProcessor - indexing bucket hot_v1_114 for index=main
10-09-2026 13:47:15.442 +0000 INFO  TailReader - Batch input finished reading file='/var/log/app/app.log.4'
10-09-2026 13:47:16.037 +0000 INFO  IndexProcessor - indexing bucket hot_v1_110 for index=main
10-09-2026 13:47:18.033 +0000 INFO  TailReader - Batch input finished reading file='/var/log/app/app.log.5'
10-09-2026 13:47:19.897 +0000 INFO  IndexProcessor - indexing bucket hot_v1_114 for index=main
10-09-2026 13:47:20.935 +0000 INFO  IndexProcessor - indexing bucket hot_v1_118 for index=main
10-09-2026 13:47:21.824 +0000 INFO  IndexProcessor - indexing bucket hot_v1_100 for index=main
10-09-2026 13:47:22.103 +0000 INFO  TailReader - Batch input finished reading file='/var/log/app/app.log.1'
10-09-2026 13:47:24.858 +0000 INFO  TailReader - Batch input finished reading file='/var/log/app/app.log.1'
10-09-2026 13:47:25.781 +0000 INFO  TailReader - Batch input finished reading file='/var/log/app/app.log.7'
10-09-2026 13:47:27.488 +0000 INFO  IndexProcessor - indexing bucket hot_v1_112 for index=main
10-09-2026 13:47:29.248 +0000 INFO  TailReader - Batch input finished reading file='/var/log/app/app.log.7'
10-09-2026 13:47:30.092 +0000 INFO  TailReader - Batch input finished reading file='/var/log/app/app.log.7'
10-09-2026 13:47:31.574 +0000 INFO  TailReader - Batch input finished reading file='/var/log/app/app.log.3'
10-09-2026 13:47:34.961 +0000 INFO  TailReader - Batch input finished reading file='/var/log/app/app.log.7'
10-09-2026 13:47:35.386 +0000 INFO  TailReader - Batch input finished reading file='/var/log/app/app.log.3'
10-09-2026 13:47:37.394 +0000 INFO  TailReader - Batch input finished reading file='/var/log/app/app.log.9'
10-09-2026 13:47:39.244 +0000 INFO  TailReader - Batch input finished reading file='/var/log/app/app.log.7'
10-09-2026 13:47:40.661 +0000 INFO  TailReader - Batch input finished reading file='/var/log/app/app.log.8'
10-09-2026 13:47:41.466 +0000 INFO  TailReader - Batch input finished reading file='/var/log/app/app.log.1'
10-09-2026 13:47:43.349 +0000 WARN  DateParserVerbose - Failed to parse timestamp in first MAX_TIMESTAMP_LOOKAHEAD (128) characters of event. Defaulting to timestamp of previous event. Context: source=/var/log/app/batch.log|host=web04
10-09-2026 13:47:45.709 +0000 INFO  IndexProcessor - indexing bucket hot_v1_116 for index=main
10-09-2026 13:47:47.811 +0000 INFO  TailReader - Batch input finished reading file='/var/log/app/app.log.4'
10-09-2026 13:47:47.209 +0000 INFO  TailReader - Batch input finished reading file='/var/log/app/app.log.2'
10-09-2026 13:47:50.781 +0000 INFO  IndexProcessor - indexing bucket hot_v1_107 for index=main
10-09-2026 13:47:50.560 +0000 INFO  TailReader - Batch input finished reading file='/var/log/app/app.log.9'
10-09-2026 13:47:51.544 +0000 INFO  TailReader - Batch input finished reading file='/var/log/app/app.log.9'
10-09-2026 13:47:53.148 +0000 INFO  IndexProcessor - indexing bucket hot_v1_107 for index=main
10-09-2026 13:47:55.085 +0000 INFO  TailReader - Batch input finished reading file='/var/log/app/app.log.1'
10-09-2026 13:47:56.297 +0000 INFO  TailReader - Batch input finished reading file='/var/log/app/app.log.1'
10-09-2026 13:47:57.416 +0000 INFO  TailReader - Batch input finished reading file='/var/log/app/app.log.5'
10-09-2026 13:48:00.717 +0000 WARN  DateParserVerbose - Failed to parse timestamp in first MAX_TIMESTAMP_LOOKAHEAD (128) characters of event. Defaulting to timestamp of previous event. Context: source=/var/log/app/batch.log|host=web01
10-09-2026 13:48:02.494 +0000 INFO  TailReader - Batch input finished reading file='/var/log/app/app.log.5'
10-09-2026 13:48:04.408 +0000 INFO  IndexProcessor - indexing bucket hot_v1_101 for index=main
10-09-2026 13:48:05.570 +0000 ERROR ExecProcessor - message from "/opt/splunk/bin/python3 /opt/splunk/etc/apps/TA-x/bin/poll.py" requests.exceptions.ConnectionError: timeout
10-09-2026 13:48:07.322 +0000 INFO  TailReader - Batch input finished reading file='/var/log/app/app.log.7'
10-09-2026 13:48:09.946 +0000 ERROR ExecProcessor - message from "/opt/splunk/bin/python3 /opt/splunk/etc/apps/TA-x/bin/poll.py" requests.exceptions.ConnectionError: timeout
10-09-2026 13:48:10.814 +0000 INFO  TailReader - Batch input finished reading file='/var/log/app/app.log.7'
10-09-2026 13:48:12.105 +0000 INFO  TailReader - Batch input finished reading file='/var/log/app/app.log.9'
10-09-2026 13:48:15.353 +0000 WARN  DateParserVerbose - Failed to parse timestamp in first MAX_TIMESTAMP_LOOKAHEAD (128) characters of event. Defaulting to timestamp of previous event. Context: source=/var/log/app/batch.log|host=web03
10-09-2026 13:48:17.875 +0000 ERROR ExecProcessor - message from "/opt/splunk/bin/python3 /opt/splunk/etc/apps/TA-x/bin/poll.py" requests.exceptions.ConnectionError: timeout
10-09-2026 13:48:17.354 +0000 INFO  TailReader - Batch input finished reading file='/var/log/app/app.log.7'
10-09-2026 13:48:18.121 +0000 INFO  TailReader - Batch input finished reading file='/var/log/app/app.log.5'
10-09-2026 13:48:19.240 +0000 INFO  TailReader - Batch input finished reading file='/var/log/app/app.log.7'
10-09-2026 13:48:21.896 +0000 INFO  IndexProcessor - indexing bucket hot_v1_102 for index=main
10-09-2026 13:48:21.527 +0000 INFO  TailReader - Batch input finished reading file='/var/log/app/app.log.3'
10-09-2026 13:48:22.283 +0000 INFO  IndexProcessor - indexing bucket hot_v1_112 for index=main
10-09-2026 13:48:24.069 +0000 INFO  IndexProcessor - indexing bucket hot_v1_120 for index=main
10-09-2026 13:48:25.087 +0000 INFO  IndexProcessor - indexing bucket hot_v1_110 for index=main
10-09-2026 13:48:27.818 +0000 INFO  TailReader - Batch input finished reading file='/var/log/app/app.log.2'
10-09-2026 13:48:28.909 +0000 INFO  TailReader - Batch input finished reading file='/var/log/app/app.log.1'
10-09-2026 13:48:29.853 +0000 INFO  IndexProcessor - indexing bucket hot_v1_102 for index=main
10-09-2026 13:48:30.214 +0000 INFO  TailReader - Batch input finished reading file='/var/log/app/app.log.1'
10-09-2026 13:48:32.711 +0000 INFO  TailReader - Batch input finished reading file='/var/log/app/app.log.3'
10-09-2026 13:48:33.369 +0000 WARN  DateParserVerbose - Failed to parse timestamp in first MAX_TIMESTAMP_LOOKAHEAD (128) characters of event. Defaulting to timestamp of previous event. Context: source=/var/log/app/batch.log|host=web02
10-09-2026 13:48:35.339 +0000 INFO  TailReader - Batch input finished reading file='/var/log/app/app.log.5'
10-09-2026 13:48:38.117 +0000 INFO  IndexProcessor - indexing bucket hot_v1_103 for index=main
10-09-2026 13:48:38.822 +0000 INFO  IndexProcessor - indexing bucket hot_v1_100 for index=main
10-09-2026 13:48:39.328 +0000 INFO  IndexProcessor - indexing bucket hot_v1_101 for index=main
10-09-2026 13:48:41.131 +0000 INFO  TailReader - Batch input finished reading file='/var/log/app/app.log.2'
10-09-2026 13:48:44.481 +0000 WARN  DateParserVerbose - Failed to parse timestamp in first MAX_TIMESTAMP_LOOKAHEAD (128) characters of event. Defaulting to timestamp of previous event. Context: source=/var/log/app/batch.log|host=web04
10-09-2026 13:48:45.312 +0000 ERROR ExecProcessor - message from "/opt/splunk/bin/python3 /opt/splunk/etc/apps/TA-x/bin/poll.py" requests.exceptions.ConnectionError: timeout
10-09-2026 13:48:47.402 +0000 INFO  IndexProcessor - indexing bucket hot_v1_118 for index=main
10-09-2026 13:48:49.309 +0000 INFO  TailReader - Batch input finished reading file='/var/log/app/app.log.9'
10-09-2026 13:48:51.802 +0000 INFO  IndexProcessor - indexing bucket hot_v1_107 for index=main
10-09-2026 13:48:52.300 +0000 INFO  TailReader - Batch input finished reading file='/var/log/app/app.log.5'
10-09-2026 13:48:52.238 +0000 INFO  TailReader - Batch input finished reading file='/var/log/app/app.log.6'
10-09-2026 13:48:54.462 +0000 ERROR ExecProcessor - message from "/opt/splunk/bin/python3 /opt/splunk/etc/apps/TA-x/bin/poll.py" requests.exceptions.ConnectionError: timeout
10-09-2026 13:48:56.926 +0000 WARN  DateParserVerbose - Failed to parse timestamp in first MAX_TIMESTAMP_LOOKAHEAD (128) characters of event. Defaulting to timestamp of previous event. Context: source=/var/log/app/batch.log|host=web01
10-09-2026 13:48:58.891 +0000 INFO  IndexProcessor - indexing bucket hot_v1_119 for index=main
10-09-2026 13:49:00.090 +0000 WARN  DateParserVerbose - Failed to parse timestamp in first MAX_TIMESTAMP_LOOKAHEAD (128) characters of event. Defaulting to timestamp of previous event. Context: source=/var/log/app/batch.log|host=web04
10-09-2026 13:49:02.675 +0000 INFO  TailReader - Batch input finished reading file='/var/log/app/app.log.9'
10-09-2026 13:49:04.513 +0000 ERROR ExecProcessor - message from "/opt/splunk/bin/python3 /opt/splunk/etc/apps/TA-x/bin/poll.py" requests.exceptions.ConnectionError: timeout
10-09-2026 13:49:07.673 +0000 INFO  IndexProcessor - indexing bucket hot_v1_113 for index=main
10-09-2026 13:49:07.048 +0000 WARN  DateParserVerbose - Failed to parse timestamp in first MAX_TIMESTAMP_LOOKAHEAD (128) characters of event. Defaulting to timestamp of previous event. Context: source=/var/log/app/batch.log|host=web04
10-09-2026 13:49:09.690 +0000 INFO  TailReader - Batch input finished reading file='/var/log/app/app.log.6'
10-09-2026 13:49:11.496 +0000 ERROR ExecProcessor - message from "/opt/splunk/bin/python3 /opt/splunk/etc/apps/TA-x/bin/poll.py" requests.exceptions.ConnectionError: timeout
10-09-2026 13:49:12.057 +0000 INFO  IndexProcessor - indexing bucket hot_v1_100 for index=main
10-09-2026 13:49:14.268 +0000 INFO  TailReader - Batch input finished reading file='/var/log/app/app.log.9'
10-09-2026 13:49:16.360 +0000 WARN  DateParserVerbose - Failed to parse timestamp in first MAX_TIMESTAMP_LOOKAHEAD (128) characters of event. Defaulting to timestamp of previous event. Context: source=/var/log/app/batch.log|host=web02
10-09-2026 13:49:18.775 +0000 INFO  TailReader - Batch input finished reading file='/var/log/app/app.log.1'
10-09-2026 13:49:20.660 +0000 INFO  TailReader - Batch input finished reading file='/var/log/app/app.log.8'
10-09-2026 13:49:21.851 +0000 INFO  TailReader - Batch input finished reading file='/var/log/app/app.log.3'
10-09-2026 13:49:21.419 +0000 INFO  TailReader - Batch input finished reading file='/var/log/app/app.log.9'
10-09-2026 13:49:23.407 +0000 INFO  TailReader - Batch input finished reading file='/var/log/app/app.log.9'
10-09-2026 13:49:25.200 +0000 ERROR ExecProcessor - message from "/opt/splunk/bin/python3 /opt/splunk/etc/apps/TA-x/bin/poll.py" requests.exceptions.ConnectionError: timeout
10-09-2026 13:49:26.334 +0000 INFO  TailReader - Batch input finished reading file='/var/log/app/app.log.4'
10-09-2026 13:49:28.946 +0000 INFO  TailReader - Batch input finished reading file='/var/log/app/app.log.3'
10-09-2026 13:49:29.228 +0000 ERROR ExecProcessor - message from "/opt/splunk/bin/python3 /opt/splunk/etc/apps/TA-x/bin/poll.py" requests.exceptions.ConnectionError: timeout
10-09-2026 13:49:31.613 +0000 INFO  IndexProcessor - indexing bucket hot_v1_114 for index=main
10-09-2026 13:49:31.499 +0000 INFO  TailReader - Batch input finished reading file='/var/log/app/app.log.7'
10-09-2026 13:49:32.889 +0000 INFO  TailReader - Batch input finished reading file='/var/log/app/app.log.1'
10-09-2026 13:49:33.233 +0000 INFO  TailReader - Batch input finished reading file='/var/log/app/app.log.8'
10-09-2026 13:49:35.815 +0000 WARN  DateParserVerbose - Failed to parse timestamp in first MAX_TIMESTAMP_LOOKAHEAD (128) characters of event. Defaulting to timestamp of previous event. Context: source=/var/log/app/batch.log|host=web03
10-09-2026 13:49:36.015 +0000 INFO  TailReader - Batch input finished reading file='/var/log/app/app.log.7'
10-09-2026 13:49:38.188 +0000 ERROR ExecProcessor - message from "/opt/splunk/bin/python3 /opt/splunk/etc/apps/TA-x/bin/poll.py" requests.exceptions.ConnectionError: timeout
10-09-2026 13:49:40.920 +0000 INFO  TailReader - Batch input finished reading file='/var/log/app/app.log.1'
10-09-2026 13:49:43.454 +0000 INFO  TailReader - Batch input finished reading file='/var/log/app/app.log.6'
10-09-2026 13:49:44.757 +0000 INFO  TailReader - Batch input finished reading file='/var/log/app/app.log.4'
10-09-2026 13:49:44.211 +0000 INFO  TailReader - Batch input finished reading file='/var/log/app/app.log.1'
10-09-2026 13:49:46.448 +0000 WARN  DateParserVerbose - Failed to parse timestamp in first MAX_TIMESTAMP_LOOKAHEAD (128) characters of event. Defaulting to timestamp of previous event. Context: source=/var/log/app/batch.log|host=web01
10-09-2026 13:49:48.444 +0000 INFO  IndexProcessor - indexing bucket hot_v1_120 for index=main
10-09-2026 13:49:50.659 +0000 INFO  IndexProcessor - indexing bucket hot_v1_102 for index=main
10-09-2026 13:49:52.141 +0000 INFO  TailReader - Batch input finished reading file='/var/log/app/app.log.2'
10-09-2026 13:49:54.579 +0000 INFO  TailReader - Batch input finished reading file='/var/log/app/app.log.6'
10-09-2026 13:49:55.951 +0000 INFO  TailReader - Batch input finished reading file='/var/log/app/app.log.1'
10-09-2026 13:49:56.262 +0000 INFO  TailReader - Batch input finished reading file='/var/log/app/app.log.6'
10-09-2026 13:49:57.718 +0000 INFO  TailReader - Batch input finished reading file='/var/log/app/app.log.6'
10-09-2026 13:49:59.829 +0000 INFO  TailReader - Batch input finished reading file='/var/log/app/app.log.9'
10-09-2026 13:50:00.501 +0000 INFO  IndexProcessor - indexing bucket hot_v1_104 for index=main
10-09-2026 13:50:02.357 +0000 WARN  DateParserVerbose - Failed to parse timestamp in first MAX_TIMESTAMP_LOOKAHEAD (128) characters of event. Defaulting to timestamp of previous event. Context: source=/var/log/app/batch.log|host=web03
10-09-2026 13:50:04.247 +0000 INFO  TailReader - Batch input finished reading file='/var/log/app/app.log.4'
10-09-2026 13:50:06.397 +0000 ERROR ExecProcessor - message from "/opt/splunk/bin/python3 /opt/splunk/etc/apps/TA-x/bin/poll.py" requests.exceptions.ConnectionError: timeout
10-09-2026 13:50:08.761 +0000 INFO  TailReader - Batch input finished reading file='/var/log/app/app.log.3'
10-09-2026 13:50:09.656 +0000 INFO  TailReader - Batch input finished reading file='/var/log/app/app.log.1'
10-09-2026 13:50:11.344 +0000 INFO  TailReader - Batch input finished reading file='/var/log/app/app.log.8'
10-09-2026 13:50:12.439 +0000 INFO  TailReader - Batch input finished reading file='/var/log/app/app.log.5'
10-09-2026 13:50:13.662 +0000 INFO  TailReader - Batch input finished reading file='/var/log/app/app.log.6'
10-09-2026 13:50:15.065 +0000 INFO  IndexProcessor - indexing bucket hot_v1_101 for index=main
10-09-2026 13:50:16.717 +0000 INFO  IndexProcessor - indexing bucket hot_v1_119 for index=main
10-09-2026 13:50:18.811 +0000 INFO  TailReader - Batch input finished reading file='/var/log/app/app.log.4'
10-09-2026 13:50:20.776 +0000 INFO  TailReader - Batch input finished reading file='/var/log/app/app.log.9'
10-09-2026 13:50:21.510 +0000 INFO  TailReader - Batch input finished reading file='/var/log/app/app.log.7'
10-09-2026 13:50:23.346 +0000 INFO  TailReader - Batch input finished reading file='/var/log/app/app.log.7'
10-09-2026 13:50:25.977 +0000 INFO  TailReader - Batch input finished reading file='/var/log/app/app.log.8'
10-09-2026 13:50:28.910 +0000 INFO  IndexProcessor - indexing bucket hot_v1_114 for index=main
10-09-2026 13:50:28.847 +0000 INFO  TailReader - Batch input finished reading file='/var/log/app/app.log.8'
10-09-2026 13:50:30.887 +0000 WARN  DateParserVerbose - Failed to parse timestamp in first MAX_TIMESTAMP_LOOKAHEAD (128) characters of event. Defaulting to timestamp of previous event. Context: source=/var/log/app/batch.log|host=web03
10-09-2026 13:50:31.783 +0000 INFO  IndexProcessor - indexing bucket hot_v1_102 for index=main
10-09-2026 13:50:32.034 +0000 INFO  TailReader - Batch input finished reading file='/var/log/app/app.log.4'
10-09-2026 13:50:33.135 +0000 WARN  DateParserVerbose - Failed to parse timestamp in first MAX_TIMESTAMP_LOOKAHEAD (128) characters of event. Defaulting to timestamp of previous event. Context: source=/var/log/app/batch.log|host=web02
10-09-2026 13:50:34.269 +0000 INFO  TailReader - Batch input finished reading file='/var/log/app/app.log.4'
10-09-2026 13:50:35.111 +0000 INFO  IndexProcessor - indexing bucket hot_v1_118 for index=main
10-09-2026 13:50:37.265 +0000 INFO  TailReader - Batch input finished reading file='/var/log/app/app.log.1'
10-09-2026 13:50:39.885 +0000 INFO  TailReader - Batch input finished reading file='/var/log/app/app.log.5'
10-09-2026 13:50:41.663 +0000 INFO  IndexProcessor - indexing bucket hot_v1_108 for index=main
10-09-2026 13:50:43.511 +0000 INFO  TailReader - Batch input finished reading file='/var/log/app/app.log.6'
10-09-2026 13:50:44.664 +0000 INFO  IndexProcessor - indexing bucket hot_v1_109 for index=main
10-09-2026 13:50:45.911 +0000 WARN  DateParserVerbose - Failed to parse timestamp in first MAX_TIMESTAMP_LOOKAHEAD (128) characters of event. Defaulting to timestamp of previous event. Context: source=/var/log/app/batch.log|host=web03
10-09-2026 13:50:47.803 +0000 WARN  DateParserVerbose - Failed to parse timestamp in first MAX_TIMESTAMP_LOOKAHEAD (128) characters of event. Defaulting to timestamp of previous event. Context: source=/var/log/app/batch.log|host=web01
10-09-2026 13:50:49.889 +0000 INFO  TailReader - Batch input finished reading file='/var/log/app/app.log.5'
10-09-2026 13:50:50.855 +0000 INFO  IndexProcessor - indexing bucket hot_v1_104 for index=main
10-09-2026 13:50:52.585 +0000 INFO  TailReader - Batch input finished reading file='/var/log/app/app.log.6'
10-09-2026 13:50:53.443 +0000 INFO  TailReader - Batch input finished reading file='/var/log/app/app.log.9'
10-09-2026 13:50:54.892 +0000 INFO  IndexProcessor - indexing bucket hot_v1_116 for index=main
10-09-2026 13:50:56.983 +0000 INFO  IndexProcessor - indexing bucket hot_v1_105 for index=main
10-09-2026 13:50:58.249 +0000 INFO  IndexProcessor - indexing bucket hot_v1_109 for index=main
10-09-2026 13:50:58.003 +0000 INFO  TailReader - Batch input finished reading file='/var/log/app/app.log.6'
10-09-2026 13:50:59.746 +0000 WARN  DateParserVerbose - Failed to parse timestamp in first MAX_TIMESTAMP_LOOKAHEAD (128) characters of event. Defaulting to timestamp of previous event. Context: source=/var/log/app/batch.log|host=web01
10-09-2026 13:51:00.422 +0000 WARN  DateParserVerbose - Failed to parse timestamp in first MAX_TIMESTAMP_LOOKAHEAD (128) characters of event. Defaulting to timestamp of previous event. Context: source=/var/log/app/batch.log|host=web01
10-09-2026 13:51:00.695 +0000 INFO  TailReader - Batch input finished reading file='/var/log/app/app.log.2'
10-09-2026 13:51:02.508 +0000 INFO  TailReader - Batch input finished reading file='/var/log/app/app.log.2'
10-09-2026 13:51:04.728 +0000 WARN  DateParserVerbose - Failed to parse timestamp in first MAX_TIMESTAMP_LOOKAHEAD (128) characters of event. Defaulting to timestamp of previous event. Context: source=/var/log/app/batch.log|host=web04
10-09-2026 13:51:06.589 +0000 INFO  TailReader - Batch input finished reading file='/var/log/app/app.log.3'
10-09-2026 13:51:06.233 +0000 ERROR ExecProcessor - message from "/opt/splunk/bin/python3 /opt/splunk/etc/apps/TA-x/bin/poll.py" requests.exceptions.ConnectionError: timeout
10-09-2026 13:51:07.012 +0000 INFO  TailReader - Batch input finished reading file='/var/log/app/app.log.9'
10-09-2026 13:51:08.849 +0000 INFO  TailReader - Batch input finished reading file='/var/log/app/app.log.7'
10-09-2026 13:51:11.569 +0000 ERROR ExecProcessor - message from "/opt/splunk/bin/python3 /opt/splunk/etc/apps/TA-x/bin/poll.py" requests.exceptions.ConnectionError: timeout
10-09-2026 13:51:12.522 +0000 ERROR ExecProcessor - message from "/opt/splunk/bin/python3 /opt/splunk/etc/apps/TA-x/bin/poll.py" requests.exceptions.ConnectionError: timeout
10-09-2026 13:51:13.006 +0000 WARN  DateParserVerbose - Failed to parse timestamp in first MAX_TIMESTAMP_LOOKAHEAD (128) characters of event. Defaulting to timestamp of previous event. Context: source=/var/log/app/batch.log|host=web03
10-09-2026 13:51:14.009 +0000 INFO  TailReader - Batch input finished reading file='/var/log/app/app.log.7'
10-09-2026 13:51:15.642 +0000 INFO  IndexProcessor - indexing bucket hot_v1_103 for index=main
10-09-2026 13:51:16.788 +0000 INFO  TailReader - Batch input finished reading file='/var/log/app/app.log.6'
10-09-2026 13:51:18.340 +0000 INFO  TailReader - Batch input finished reading file='/var/log/app/app.log.7'
10-09-2026 13:51:19.651 +0000 INFO  TailReader - Batch input finished reading file='/var/log/app/app.log.7'
10-09-2026 13:51:21.979 +0000 INFO  IndexProcessor - indexing bucket hot_v1_111 for index=main
10-09-2026 13:51:22.121 +0000 INFO  IndexProcessor - indexing bucket hot_v1_113 for index=main
10-09-2026 13:51:23.090 +0000 INFO  TailReader - Batch input finished reading file='/var/log/app/app.log.8'
10-09-2026 13:51:24.151 +0000 ERROR ExecProcessor - message from "/opt/splunk/bin/python3 /opt/splunk/etc/apps/TA-x/bin/poll.py" requests.exceptions.ConnectionError: timeout
10-09-2026 13:51:25.958 +0000 ERROR ExecProcessor - message from "/opt/splunk/bin/python3 /opt/splunk/etc/apps/TA-x/bin/poll.py" requests.exceptions.ConnectionError: timeout
10-09-2026 13:51:26.035 +0000 INFO  TailReader - Batch input finished reading file='/var/log/app/app.log.4'
10-09-2026 13:51:27.287 +0000 INFO  TailReader - Batch input finished reading file='/var/log/app/app.log.5'
10-09-2026 13:51:29.869 +0000 WARN  DateParserVerbose - Failed to parse timestamp in first MAX_TIMESTAMP_LOOKAHEAD (128) characters of event. Defaulting to timestamp of previous event. Context: source=/var/log/app/batch.log|host=web04
10-09-2026 13:51:30.607 +0000 INFO  TailReader - Batch input finished reading file='/var/log/app/app.log.4'
10-09-2026 13:51:32.078 +0000 INFO  TailReader - Batch input finished reading file='/var/log/app/app.log.5'
10-09-2026 13:51:33.137 +0000 INFO  TailReader - Batch input finished reading file='/var/log/app/app.log.2'
10-09-2026 13:51:35.684 +0000 INFO  TailReader - Batch input finished reading file='/var/log/app/app.log.4'
10-09-2026 13:51:36.978 +0000 INFO  TailReader - Batch input finished reading file='/var/log/app/app.log.7'
10-09-2026 13:51:37.047 +0000 INFO  IndexProcessor - indexing bucket hot_v1_107 for index=main
10-09-2026 13:51:38.778 +0000 INFO  TailReader - Batch input finished reading file='/var/log/app/app.log.3'
10-09-2026 13:51:40.749 +0000 INFO  TailReader - Batch input finished reading file='/var/log/app/app.log.2'
10-09-2026 13:51:43.574 +0000 INFO  IndexProcessor - indexing bucket hot_v1_116 for index=main
10-09-2026 13:51:43.880 +0000 INFO  IndexProcessor - indexing bucket hot_v1_103 for index=main
10-09-2026 13:51:45.278 +0000 ERROR ExecProcessor - message from "/opt/splunk/bin/python3 /opt/splunk/etc/apps/TA-x/bin/poll.py" requests.exceptions.ConnectionError: timeout
10-09-2026 13:51:47.356 +0000 INFO  TailReader - Batch input finished reading file='/var/log/app/app.log.3'
10-09-2026 13:51:48.321 +0000 ERROR ExecProcessor - message from "/opt/splunk/bin/python3 /opt/splunk/etc/apps/TA-x/bin/poll.py" requests.exceptions.ConnectionError: timeout
10-09-2026 13:51:49.633 +0000 INFO  TailReader - Batch input finished reading file='/var/log/app/app.log.4'
10-09-2026 13:51:51.703 +0000 WARN  DateParserVerbose - Failed to parse timestamp in first MAX_TIMESTAMP_LOOKAHEAD (128) characters of event. Defaulting to timestamp of previous event. Context: source=/var/log/app/batch.log|host=web01
10-09-2026 13:51:52.271 +0000 INFO  TailReader - Batch input finished reading file='/var/log/app/app.log.7'
10-09-2026 13:51:53.121 +0000 INFO  TailReader - Batch input finished reading file='/var/log/app/app.log.2'
10-09-2026 13:51:55.382 +0000 WARN  DateParserVerbose - Failed to parse timestamp in first MAX_TIMESTAMP_LOOKAHEAD (128) characters of event. Defaulting to timestamp of previous event. Context: source=/var/log/app/batch.log|host=web02
10-09-2026 13:51:57.450 +0000 INFO  IndexProcessor - indexing bucket hot_v1_113 for index=main
10-09-2026 13:51:58.105 +0000 INFO  IndexProcessor - indexing bucket hot_v1_116 for index=main
10-09-2026 13:52:00.343 +0000 INFO  TailReader - Batch input finished reading file='/var/log/app/app.log.9'
10-09-2026 13:52:02.470 +0000 INFO  TailReader - Batch input finished reading file='/var/log/app/app.log.6'
10-09-2026 13:52:04.284 +0000 INFO  TailReader - Batch input finished reading file='/var/log/app/app.log.4'
10-09-2026 13:52:05.518 +0000 INFO  TailReader - Batch input finished reading file='/var/log/app/app.log.2'
10-09-2026 13:52:06.211 +0000 INFO  TailReader - Batch input finished reading file='/var/log/app/app.log.5'
10-09-2026 13:52:08.654 +0000 INFO  TailReader - Batch input finished reading file='/var/log/app/app.log.4'
10-09-2026 13:52:09.950 +0000 INFO  TailReader - Batch input finished reading file='/var/log/app/app.log.9'
10-09-2026 13:52:11.396 +0000 WARN  DateParserVerbose - Failed to parse timestamp in first MAX_TIMESTAMP_LOOKAHEAD (128) characters of event. Defaulting to timestamp of previous event. Context: source=/var/log/app/batch.log|host=web01
10-09-2026 13:52:12.864 +0000 INFO  IndexProcessor - indexing bucket hot_v1_112 for index=main
10-09-2026 13:52:14.933 +0000 INFO  IndexProcessor - indexing bucket hot_v1_107 for index=main
10-09-2026 13:52:16.221 +0000 INFO  IndexProcessor - indexing bucket hot_v1_115 for index=main
10-09-2026 13:52:17.366 +0000 INFO  TailReader - Batch input finished reading file='/var/log/app/app.log.6'
10-09-2026 13:52:18.328 +0000 WARN  DateParserVerbose - Failed to parse timestamp in first MAX_TIMESTAMP_LOOKAHEAD (128) characters of event. Defaulting to timestamp of previous event. Context: source=/var/log/app/batch.log|host=web04
10-09-2026 13:52:20.284 +0000 INFO  IndexProcessor - indexing bucket hot_v1_103 for index=main
10-09-2026 13:52:22.991 +0000 INFO  IndexProcessor - indexing bucket hot_v1_117 for index=main
10-09-2026 13:52:24.746 +0000 INFO  IndexProcessor - indexing bucket hot_v1_107 for index=main
10-09-2026 13:52:25.793 +0000 INFO  TailReader - Batch input finished reading file='/var/log/app/app.log.7'
10-09-2026 13:52:26.013 +0000 WARN  DateParserVerbose - Failed to parse timestamp in first MAX_TIMESTAMP_LOOKAHEAD (128) characters of event. Defaulting to timestamp of previous event. Context: source=/var/log/app/batch.log|host=web04
10-09-2026 13:52:28.597 +0000 INFO  TailReader - Batch input finished reading file='/var/log/app/app.log.2'
10-09-2026 13:52:29.543 +0000 INFO  TailReader - Batch input finished reading file='/var/log/app/app.log.4'
10-09-2026 13:52:29.863 +0000 INFO  TailReader - Batch input finished reading file='/var/log/app/app.log.1'
10-09-2026 13:52:31.438 +0000 INFO  TailReader - Batch input finished reading file='/var/log/app/app.log.3'
10-09-2026 13:52:33.563 +0000 ERROR ExecProcessor - message from "/opt/splunk/bin/python3 /opt/splunk/etc/apps/TA-x/bin/poll.py" requests.exceptions.ConnectionError: timeout
10-09-2026 13:52:35.074 +0000 INFO  IndexProcessor - indexing bucket hot_v1_106 for index=main
10-09-2026 13:52:36.329 +0000 WARN  DateParserVerbose - Failed to parse timestamp in first MAX_TIMESTAMP_LOOKAHEAD (128) characters of event. Defaulting to timestamp of previous event. Context: source=/var/log/app/batch.log|host=web04
10-09-2026 13:52:38.756 +0000 INFO  TailReader - Batch input finished reading file='/var/log/app/app.log.7'
10-09-2026 13:52:40.630 +0000 INFO  IndexProcessor - indexing bucket hot_v1_103 for index=main
10-09-2026 13:52:42.685 +0000 INFO  IndexProcessor - indexing bucket hot_v1_106 for index=main
10-09-2026 13:52:43.297 +0000 INFO  TailReader - Batch input finished reading file='/var/log/app/app.log.1'
10-09-2026 13:52:45.827 +0000 INFO  TailReader - Batch input finished reading file='/var/log/app/app.log.3'
10-09-2026 13:52:46.995 +0000 INFO  TailReader - Batch input finished reading file='/var/log/app/app.log.6'
10-09-2026 13:52:47.189 +0000 INFO  IndexProcessor - indexing bucket hot_v1_102 for index=main
10-09-2026 13:52:49.463 +0000 INFO  TailReader - Batch input finished reading file='/var/log/app/app.log.3'
10-09-2026 13:52:51.348 +0000 WARN  DateParserVerbose - Failed to parse timestamp in first MAX_TIMESTAMP_LOOKAHEAD (128) characters of event. Defaulting to timestamp of previous event. Context: source=/var/log/app/batch.log|host=web02
10-09-2026 13:52:53.497 +0000 INFO  IndexProcessor - indexing bucket hot_v1_113 for index=main
10-09-2026 13:52:53.339 +0000 INFO  TailReader - Batch input finished reading file='/var/log/app/app.log.6'
10-09-2026 13:52:54.778 +0000 INFO  TailReader - Batch input finished reading file='/var/log/app/app.log.2'
10-09-2026 13:52:56.369 +0000 INFO  IndexProcessor - indexing bucket hot_v1_118 for index=main
10-09-2026 13:52:58.718 +0000 INFO  IndexProcessor - indexing bucket hot_v1_102 for index=main
10-09-2026 13:52:59.111 +0000 INFO  TailReader - Batch input finished reading file='/var/log/app/app.log.2'
10-09-2026 13:53:00.515 +0000 INFO  IndexProcessor - indexing bucket hot_v1_106 for index=main
10-09-2026 13:53:02.058 +0000 ERROR ExecProcessor - message from "/opt/splunk/bin/python3 /opt/splunk/etc/apps/TA-x/bin/poll.py" requests.exceptions.ConnectionError: timeout
10-09-2026 13:53:04.451 +0000 INFO  TailReader - Batch input finished reading file='/var/log/app/app.log.8'
10-09-2026 13:53:06.326 +0000 INFO  IndexProcessor - indexing bucket hot_v1_103 for index=main
10-09-2026 13:53:07.388 +0000 INFO  TailReader - Batch input finished reading file='/var/log/app/app.log.2'
10-09-2026 13:53:09.856 +0000 WARN  DateParserVerbose - Failed to parse timestamp in first MAX_TIMESTAMP_LOOKAHEAD (128) characters of event. Defaulting to timestamp of previous event. Context: source=/var/log/app/batch.log|host=web04
10-09-2026 13:53:09.724 +0000 WARN  DateParserVerbose - Failed to parse timestamp in first MAX_TIMESTAMP_LOOKAHEAD (128) characters of event. Defaulting to timestamp of previous event. Context: source=/var/log/app/batch.log|host=web03
10-09-2026 13:53:11.585 +0000 INFO  IndexProcessor - indexing bucket hot_v1_118 for index=main
10-09-2026 13:53:13.505 +0000 INFO  TailReader - Batch input finished reading file='/var/log/app/app.log.5'
10-09-2026 13:53:14.995 +0000 INFO  TailReader - Batch input finished reading file='/var/log/app/app.log.2'
10-09-2026 13:53:16.223 +0000 INFO  TailReader - Batch input finished reading file='/var/log/app/app.log.3'
10-09-2026 13:53:17.803 +0000 INFO  TailReader - Batch input finished reading file='/var/log/app/app.log.9'
10-09-2026 13:53:19.564 +0000 INFO  IndexProcessor - indexing bucket hot_v1_120 for index=main
10-09-2026 13:53:20.167 +0000 INFO  TailReader - Batch input finished reading file='/var/log/app/app.log.1'
10-09-2026 13:53:22.726 +0000 INFO  IndexProcessor - indexing bucket hot_v1_113 for index=main
10-09-2026 13:53:24.888 +0000 WARN  DateParserVerbose - Failed to parse timestamp in first MAX_TIMESTAMP_LOOKAHEAD (128) characters of event. Defaulting to timestamp of previous event. Context: source=/var/log/app/batch.log|host=web04
10-09-2026 13:53:26.122 +0000 INFO  TailReader - Batch input finished reading file='/var/log/app/app.log.3'
10-09-2026 13:53:28.734 +0000 INFO  TailReader - Batch input finished reading file='/var/log/app/app.log.7'
10-09-2026 13:53:29.278 +0000 INFO  TailReader - Batch input finished reading file='/var/log/app/app.log.5'
10-09-2026 13:53:30.009 +0000 INFO  TailReader - Batch input finished reading file='/var/log/app/app.log.2'
10-09-2026 13:53:30.000 +0000 WARN  DateParserVerbose - Failed to parse timestamp in first MAX_TIMESTAMP_LOOKAHEAD (128) characters of event. Defaulting to timestamp of previous event. Context: source=/var/log/app/batch.log|host=web02
10-09-2026 13:53:32.472 +0000 INFO  IndexProcessor - indexing bucket hot_v1_117 for index=main
10-09-2026 13:53:33.742 +0000 INFO  TailReader - Batch input finished reading file='/var/log/app/app.log.2'
10-09-2026 13:53:34.466 +0000 INFO  TailReader - Batch input finished reading file='/var/log/app/app.log.2'
10-09-2026 13:53:35.717 +0000 INFO  TailReader - Batch input finished reading file='/var/log/app/app.log.3'
10-09-2026 13:53:36.800 +0000 INFO  TailReader - Batch input finished reading file='/var/log/app/app.log.3'
10-09-2026 13:53:38.547 +0000 INFO  IndexProcessor - indexing bucket hot_v1_105 for index=main
10-09-2026 13:53:39.890 +0000 INFO  TailReader - Batch input finished reading file='/var/log/app/app.log.4'
10-09-2026 13:53:41.450 +0000 INFO  TailReader - Batch input finished reading file='/var/log/app/app.log.5'
10-09-2026 13:53:42.830 +0000 INFO  TailReader - Batch input finished reading file='/var/log/app/app.log.3'
10-09-2026 13:53:44.283 +0000 WARN  DateParserVerbose - Failed to parse timestamp in first MAX_TIMESTAMP_LOOKAHEAD (128) characters of event. Defaulting to timestamp of previous event. Context: source=/var/log/app/batch.log|host=web02
10-09-2026 13:53:46.387 +0000 INFO  IndexProcessor - indexing bucket hot_v1_113 for index=main
10-09-2026 13:53:48.569 +0000 ERROR ExecProcessor - message from "/opt/splunk/bin/python3 /opt/splunk/etc/apps/TA-x/bin/poll.py" requests.exceptions.ConnectionError: timeout
10-09-2026 13:53:50.191 +0000 INFO  TailReader - Batch input finished reading file='/var/log/app/app.log.8'
10-09-2026 13:53:51.027 +0000 INFO  IndexProcessor - indexing bucket hot_v1_106 for index=main
10-09-2026 13:53:52.260 +0000 INFO  TailReader - Batch input finished reading file='/var/log/app/app.log.9'
10-09-2026 13:53:53.692 +0000 INFO  IndexProcessor - indexing bucket hot_v1_100 for index=main
10-09-2026 13:53:54.767 +0000 WARN  DateParserVerbose - Failed to parse timestamp in first MAX_TIMESTAMP_LOOKAHEAD (128) characters of event. Defaulting to timestamp of previous event. Context: source=/var/log/app/batch.log|host=web02
10-09-2026 13:53:55.786 +0000 INFO  TailReader - Batch input finished reading file='/var/log/app/app.log.5'
10-09-2026 13:53:57.745 +0000 INFO  TailReader - Batch input finished reading file='/var/log/app/app.log.8'
10-09-2026 13:53:59.993 +0000 INFO  TailReader - Batch input finished reading file='/var/log/app/app.log.9'
10-09-2026 13:54:01.488 +0000 INFO  IndexProcessor - indexing bucket hot_v1_115 for index=main
10-09-2026 13:54:03.902 +0000 WARN  DateParserVerbose - Failed to parse timestamp in first MAX_TIMESTAMP_LOOKAHEAD (128) characters of event. Defaulting to timestamp of previous event. Context: source=/var/log/app/batch.log|host=web04
10-09-2026 13:54:05.719 +0000 WARN  DateParserVerbose - Failed to parse timestamp in first MAX_TIMESTAMP_LOOKAHEAD (128) characters of event. Defaulting to timestamp of previous event. Context: source=/var/log/app/batch.log|host=web03
10-09-2026 13:54:07.423 +0000 INFO  TailReader - Batch input finished reading file='/var/log/app/app.log.3'
10-09-2026 13:54:08.154 +0000 ERROR ExecProcessor - message from "/opt/splunk/bin/python3 /opt/splunk/etc/apps/TA-x/bin/poll.py" requests.exceptions.ConnectionError: timeout
10-09-2026 13:54:09.735 +0000 INFO  IndexProcessor - indexing bucket hot_v1_109 for index=main
10-09-2026 13:54:11.481 +0000 INFO  IndexProcessor - indexing bucket hot_v1_102 for index=main
10-09-2026 13:54:13.247 +0000 INFO  TailReader - Batch input finished reading file='/var/log/app/app.log.9'
10-09-2026 13:54:14.385 +0000 INFO  TailReader - Batch input finished reading file='/var/log/app/app.log.1'
10-09-2026 13:54:15.926 +0000 INFO  TailReader - Batch input finished reading file='/var/log/app/app.log.7'
10-09-2026 13:54:18.375 +0000 INFO  TailReader - Batch input finished reading file='/var/log/app/app.log.9'
10-09-2026 13:54:19.010 +0000 INFO  IndexProcessor - indexing bucket hot_v1_115 for index=main
10-09-2026 13:54:19.465 +0000 INFO  TailReader - Batch input finished reading file='/var/log/app/app.log.1'
10-09-2026 13:54:20.959 +0000 INFO  TailReader - Batch input finished reading file='/var/log/app/app.log.6'
10-09-2026 13:54:22.885 +0000 INFO  TailReader - Batch input finished reading file='/var/log/app/app.log.9'
10-09-2026 13:54:24.341 +0000 ERROR ExecProcessor - message from "/opt/splunk/bin/python3 /opt/splunk/etc/apps/TA-x/bin/poll.py" requests.exceptions.ConnectionError: timeout
10-09-2026 13:54:25.261 +0000 INFO  TailReader - Batch input finished reading file='/var/log/app/app.log.6'
10-09-2026 13:54:27.610 +0000 INFO  TailReader - Batch input finished reading file='/var/log/app/app.log.6'
10-09-2026 13:54:28.722 +0000 WARN  DateParserVerbose - Failed to parse timestamp in first MAX_TIMESTAMP_LOOKAHEAD (128) characters of event. Defaulting to timestamp of previous event. Context: source=/var/log/app/batch.log|host=web03
10-09-2026 13:54:31.527 +0000 INFO  TailReader - Batch input finished reading file='/var/log/app/app.log.2'
10-09-2026 13:54:32.434 +0000 INFO  TailReader - Batch input finished reading file='/var/log/app/app.log.1'
10-09-2026 13:54:33.862 +0000 INFO  TailReader - Batch input finished reading file='/var/log/app/app.log.7'
10-09-2026 13:54:33.240 +0000 INFO  TailReader - Batch input finished reading file='/var/log/app/app.log.3'
10-09-2026 13:54:35.090 +0000 WARN  DateParserVerbose - Failed to parse timestamp in first MAX_TIMESTAMP_LOOKAHEAD (128) characters of event. Defaulting to timestamp of previous event. Context: source=/var/log/app/batch.log|host=web04
10-09-2026 13:54:37.066 +0000 INFO  TailReader - Batch input finished reading file='/var/log/app/app.log.6'
10-09-2026 13:54:39.881 +0000 WARN  DateParserVerbose - Failed to parse timestamp in first MAX_TIMESTAMP_LOOKAHEAD (128) characters of event. Defaulting to timestamp of previous event. Context: source=/var/log/app/batch.log|host=web04
10-09-2026 13:54:41.769 +0000 INFO  IndexProcessor - indexing bucket hot_v1_111 for index=main
10-09-2026 13:54:42.017 +0000 INFO  IndexProcessor - indexing bucket hot_v1_110 for index=main
10-09-2026 13:54:43.723 +0000 INFO  TailReader - Batch input finished reading file='/var/log/app/app.log.5'
10-09-2026 13:54:44.696 +0000 INFO  TailReader - Batch input finished reading file='/var/log/app/app.log.5'
10-09-2026 13:54:44.779 +0000 INFO  TailReader - Batch input finished reading file='/var/log/app/app.log.5'
10-09-2026 13:54:46.483 +0000 INFO  IndexProcessor - indexing bucket hot_v1_116 for index=main
10-09-2026 13:54:48.824 +0000 INFO  IndexProcessor - indexing bucket hot_v1_111 for index=main
10-09-2026 13:54:49.865 +0000 INFO  TailReader - Batch input finished reading file='/var/log/app/app.log.5'
10-09-2026 13:54:51.259 +0000 INFO  TailReader - Batch input finished reading file='/var/log/app/app.log.7'
10-09-2026 13:54:52.821 +0000 INFO  TailReader - Batch input finished reading file='/var/log/app/app.log.4'
10-09-2026 13:54:53.709 +0000 INFO  IndexProcessor - indexing bucket hot_v1_100 for index=main
10-09-2026 13:54:54.345 +0000 ERROR ExecProcessor - message from "/opt/splunk/bin/python3 /opt/splunk/etc/apps/TA-x/bin/poll.py" requests.exceptions.ConnectionError: timeout
10-09-2026 13:54:55.592 +0000 INFO  IndexProcessor - indexing bucket hot_v1_112 for index=main
10-09-2026 13:54:57.837 +0000 ERROR ExecProcessor - message from "/opt/splunk/bin/python3 /opt/splunk/etc/apps/TA-x/bin/poll.py" requests.exceptions.ConnectionError: timeout
10-09-2026 13:54:58.524 +0000 INFO  TailReader - Batch input finished reading file='/var/log/app/app.log.1'
10-09-2026 13:55:00.654 +0000 INFO  TailReader - Batch input finished reading file='/var/log/app/app.log.7'
10-09-2026 13:55:02.556 +0000 INFO  TailReader - Batch input finished reading file='/var/log/app/app.log.4'
10-09-2026 13:55:03.581 +0000 INFO  TailReader - Batch input finished reading file='/var/log/app/app.log.3'
10-09-2026 13:55:03.667 +0000 WARN  TailReader - Could not send data to output queue (parsingQueue), retrying...
10-09-2026 13:55:05.845 +0000 INFO  IndexProcessor - indexing bucket hot_v1_105 for index=main
10-09-2026 13:55:07.747 +0000 ERROR ExecProcessor - message from "/opt/splunk/bin/python3 /opt/splunk/etc/apps/TA-x/bin/poll.py" requests.exceptions.ConnectionError: timeout
10-09-2026 13:55:09.637 +0000 ERROR ExecProcessor - message from "/opt/splunk/bin/python3 /opt/splunk/etc/apps/TA-x/bin/poll.py" requests.exceptions.ConnectionError: timeout
10-09-2026 13:55:09.460 +0000 WARN  TailReader - Could not send data to output queue (parsingQueue), retrying...
10-09-2026 13:55:10.667 +0000 INFO  TailReader - Batch input finished reading file='/var/log/app/app.log.2'
10-09-2026 13:55:12.423 +0000 INFO  TailReader - Batch input finished reading file='/var/log/app/app.log.4'
10-09-2026 13:55:14.064 +0000 INFO  TailReader - Batch input finished reading file='/var/log/app/app.log.9'
10-09-2026 13:55:16.995 +0000 INFO  IndexProcessor - indexing bucket hot_v1_114 for index=main
10-09-2026 13:55:16.227 +0000 WARN  TailReader - Could not send data to output queue (parsingQueue), retrying...
10-09-2026 13:55:17.303 +0000 INFO  TailReader - Batch input finished reading file='/var/log/app/app.log.9'
10-09-2026 13:55:17.855 +0000 WARN  TailReader - Could not send data to output queue (parsingQueue), retrying...
10-09-2026 13:55:18.136 +0000 ERROR ExecProcessor - message from "/opt/splunk/bin/python3 /opt/splunk/etc/apps/TA-x/bin/poll.py" requests.exceptions.ConnectionError: timeout
10-09-2026 13:55:18.214 +0000 WARN  TailReader - Could not send data to output queue (parsingQueue), retrying...
10-09-2026 13:55:21.439 +0000 INFO  TailReader - Batch input finished reading file='/var/log/app/app.log.3'
10-09-2026 13:55:21.190 +0000 WARN  TailReader - Could not send data to output queue (parsingQueue), retrying...
10-09-2026 13:55:21.082 +0000 INFO  TailReader - Batch input finished reading file='/var/log/app/app.log.8'
10-09-2026 13:55:23.141 +0000 INFO  TailReader - Batch input finished reading file='/var/log/app/app.log.5'
10-09-2026 13:55:24.498 +0000 INFO  TailReader - Batch input finished reading file='/var/log/app/app.log.6'
10-09-2026 13:55:26.436 +0000 WARN  DateParserVerbose - Failed to parse timestamp in first MAX_TIMESTAMP_LOOKAHEAD (128) characters of event. Defaulting to timestamp of previous event. Context: source=/var/log/app/batch.log|host=web01
10-09-2026 13:55:26.153 +0000 WARN  TailReader - Could not send data to output queue (parsingQueue), retrying...
10-09-2026 13:55:27.260 +0000 INFO  TailReader - Batch input finished reading file='/var/log/app/app.log.7'
10-09-2026 13:55:28.371 +0000 INFO  TailReader - Batch input finished reading file='/var/log/app/app.log.5'
10-09-2026 13:55:30.240 +0000 INFO  TailReader - Batch input finished reading file='/var/log/app/app.log.7'
10-09-2026 13:55:33.962 +0000 INFO  TailReader - Batch input finished reading file='/var/log/app/app.log.5'
10-09-2026 13:55:34.701 +0000 INFO  TailReader - Batch input finished reading file='/var/log/app/app.log.5'
10-09-2026 13:55:36.316 +0000 INFO  TailReader - Batch input finished reading file='/var/log/app/app.log.9'
10-09-2026 13:55:37.254 +0000 INFO  IndexProcessor - indexing bucket hot_v1_115 for index=main
10-09-2026 13:55:37.223 +0000 WARN  TailReader - Could not send data to output queue (parsingQueue), retrying...
10-09-2026 13:55:40.948 +0000 INFO  TailReader - Batch input finished reading file='/var/log/app/app.log.6'
10-09-2026 13:55:42.456 +0000 WARN  DateParserVerbose - Failed to parse timestamp in first MAX_TIMESTAMP_LOOKAHEAD (128) characters of event. Defaulting to timestamp of previous event. Context: source=/var/log/app/batch.log|host=web02
10-09-2026 13:55:43.648 +0000 INFO  TailReader - Batch input finished reading file='/var/log/app/app.log.5'
10-09-2026 13:55:45.175 +0000 INFO  TailReader - Batch input finished reading file='/var/log/app/app.log.4'
10-09-2026 13:55:48.891 +0000 INFO  IndexProcessor - indexing bucket hot_v1_105 for index=main
10-09-2026 13:55:49.160 +0000 INFO  IndexProcessor - indexing bucket hot_v1_110 for index=main
10-09-2026 13:55:50.729 +0000 INFO  TailReader - Batch input finished reading file='/var/log/app/app.log.2'
10-09-2026 13:55:51.080 +0000 INFO  TailReader - Batch input finished reading file='/var/log/app/app.log.6'
10-09-2026 13:55:53.145 +0000 WARN  DateParserVerbose - Failed to parse timestamp in first MAX_TIMESTAMP_LOOKAHEAD (128) characters of event. Defaulting to timestamp of previous event. Context: source=/var/log/app/batch.log|host=web03
10-09-2026 13:55:53.117 +0000 WARN  TailReader - Could not send data to output queue (parsingQueue), retrying...
10-09-2026 13:55:54.025 +0000 INFO  TailReader - Batch input finished reading file='/var/log/app/app.log.3'
10-09-2026 13:55:55.284 +0000 INFO  TailReader - Batch input finished reading file='/var/log/app/app.log.1'
10-09-2026 13:55:56.350 +0000 INFO  TailReader - Batch input finished reading file='/var/log/app/app.log.8'
10-09-2026 13:55:57.357 +0000 INFO  TailReader - Batch input finished reading file='/var/log/app/app.log.4'
10-09-2026 13:55:59.271 +0000 INFO  TailReader - Batch input finished reading file='/var/log/app/app.log.9'
10-09-2026 13:56:01.614 +0000 INFO  TailReader - Batch input finished reading file='/var/log/app/app.log.5'
10-09-2026 13:56:01.214 +0000 WARN  TailReader - Could not send data to output queue (parsingQueue), retrying...
10-09-2026 13:56:02.856 +0000 INFO  TailReader - Batch input finished reading file='/var/log/app/app.log.7'
10-09-2026 13:56:04.977 +0000 WARN  DateParserVerbose - Failed to parse timestamp in first MAX_TIMESTAMP_LOOKAHEAD (128) characters of event. Defaulting to timestamp of previous event. Context: source=/var/log/app/batch.log|host=web02
10-09-2026 13:56:06.878 +0000 INFO  TailReader - Batch input finished reading file='/var/log/app/app.log.3'
10-09-2026 13:56:07.096 +0000 INFO  TailReader - Batch input finished reading file='/var/log/app/app.log.3'
10-09-2026 13:56:09.121 +0000 INFO  TailReader - Batch input finished reading file='/var/log/app/app.log.7'
10-09-2026 13:56:10.127 +0000 INFO  TailReader - Batch input finished reading file='/var/log/app/app.log.9'
10-09-2026 13:56:11.600 +0000 ERROR ExecProcessor - message from "/opt/splunk/bin/python3 /opt/splunk/etc/apps/TA-x/bin/poll.py" requests.exceptions.ConnectionError: timeout
10-09-2026 13:56:12.217 +0000 INFO  TailReader - Batch input finished reading file='/var/log/app/app.log.3'
10-09-2026 13:56:12.878 +0000 WARN  TailReader - Could not send data to output queue (parsingQueue), retrying...
10-09-2026 13:56:14.095 +0000 INFO  IndexProcessor - indexing bucket hot_v1_119 for index=main
10-09-2026 13:56:14.022 +0000 WARN  TailReader - Could not send data to output queue (parsingQueue), retrying...
10-09-2026 13:56:16.647 +0000 INFO  IndexProcessor - indexing bucket hot_v1_110 for index=main
10-09-2026 13:56:16.457 +0000 WARN  TailReader - Could not send data to output queue (parsingQueue), retrying...
10-09-2026 13:56:16.378 +0000 WARN  TcpOutputFd - Connection to host=10.0.2.5:9997 failed. Read operation timed out expecting ACK
10-09-2026 13:56:18.945 +0000 INFO  TailReader - Batch input finished reading file='/var/log/app/app.log.5'
10-09-2026 13:56:19.751 +0000 INFO  TailReader - Batch input finished reading file='/var/log/app/app.log.7'
10-09-2026 13:56:20.043 +0000 INFO  TailReader - Batch input finished reading file='/var/log/app/app.log.3'
10-09-2026 13:56:21.789 +0000 WARN  DateParserVerbose - Failed to parse timestamp in first MAX_TIMESTAMP_LOOKAHEAD (128) characters of event. Defaulting to timestamp of previous event. Context: source=/var/log/app/batch.log|host=web02
10-09-2026 13:56:22.722 +0000 INFO  TailReader - Batch input finished reading file='/var/log/app/app.log.1'
10-09-2026 13:56:24.331 +0000 WARN  DateParserVerbose - Failed to parse timestamp in first MAX_TIMESTAMP_LOOKAHEAD (128) characters of event. Defaulting to timestamp of previous event. Context: source=/var/log/app/batch.log|host=web02
10-09-2026 13:56:26.063 +0000 INFO  TailReader - Batch input finished reading file='/var/log/app/app.log.1'
10-09-2026 13:56:28.007 +0000 INFO  IndexProcessor - indexing bucket hot_v1_113 for index=main
10-09-2026 13:56:29.677 +0000 INFO  TailReader - Batch input finished reading file='/var/log/app/app.log.3'
10-09-2026 13:56:29.684 +0000 WARN  TailReader - Could not send data to output queue (parsingQueue), retrying...
10-09-2026 13:56:30.167 +0000 WARN  DateParserVerbose - Failed to parse timestamp in first MAX_TIMESTAMP_LOOKAHEAD (128) characters of event. Defaulting to timestamp of previous event. Context: source=/var/log/app/batch.log|host=web02
10-09-2026 13:56:30.893 +0000 WARN  TailReader - Could not send data to output queue (parsingQueue), retrying...
10-09-2026 13:56:32.463 +0000 INFO  IndexProcessor - indexing bucket hot_v1_105 for index=main
10-09-2026 13:56:33.397 +0000 WARN  DateParserVerbose - Failed to parse timestamp in first MAX_TIMESTAMP_LOOKAHEAD (128) characters of event. Defaulting to timestamp of previous event. Context: source=/var/log/app/batch.log|host=web04
10-09-2026 13:56:35.601 +0000 INFO  TailReader - Batch input finished reading file='/var/log/app/app.log.7'
10-09-2026 13:56:36.645 +0000 ERROR ExecProcessor - message from "/opt/splunk/bin/python3 /opt/splunk/etc/apps/TA-x/bin/poll.py" requests.exceptions.ConnectionError: timeout
10-09-2026 13:56:36.165 +0000 WARN  TailReader - Could not send data to output queue (parsingQueue), retrying...
10-09-2026 13:56:37.445 +0000 INFO  TailReader - Batch input finished reading file='/var/log/app/app.log.1'
10-09-2026 13:56:38.704 +0000 INFO  TailReader - Batch input finished reading file='/var/log/app/app.log.7'
10-09-2026 13:56:38.089 +0000 WARN  TailReader - Could not send data to output queue (parsingQueue), retrying...
10-09-2026 13:56:39.231 +0000 INFO  TailReader - Batch input finished reading file='/var/log/app/app.log.1'
10-09-2026 13:56:39.860 +0000 WARN  TailReader - Could not send data to output queue (parsingQueue), retrying...
10-09-2026 13:56:42.120 +0000 WARN  DateParserVerbose - Failed to parse timestamp in first MAX_TIMESTAMP_LOOKAHEAD (128) characters of event. Defaulting to timestamp of previous event. Context: source=/var/log/app/batch.log|host=web04
10-09-2026 13:56:44.003 +0000 WARN  DateParserVerbose - Failed to parse timestamp in first MAX_TIMESTAMP_LOOKAHEAD (128) characters of event. Defaulting to timestamp of previous event. Context: source=/var/log/app/batch.log|host=web01
10-09-2026 13:56:45.041 +0000 INFO  TailReader - Batch input finished reading file='/var/log/app/app.log.1'
10-09-2026 13:56:45.025 +0000 WARN  TailReader - Could not send data to output queue (parsingQueue), retrying...
10-09-2026 13:56:47.962 +0000 INFO  TailReader - Batch input finished reading file='/var/log/app/app.log.4'
10-09-2026 13:56:48.456 +0000 INFO  IndexProcessor - indexing bucket hot_v1_108 for index=main
10-09-2026 13:56:48.916 +0000 WARN  TcpOutputFd - Connection to host=10.0.2.5:9997 failed. Read operation timed out expecting ACK
10-09-2026 13:56:49.984 +0000 INFO  IndexProcessor - indexing bucket hot_v1_107 for index=main
10-09-2026 13:56:49.099 +0000 WARN  TailReader - Could not send data to output queue (parsingQueue), retrying...
10-09-2026 13:56:52.166 +0000 INFO  IndexProcessor - indexing bucket hot_v1_115 for index=main
10-09-2026 13:56:53.094 +0000 INFO  TailReader - Batch input finished reading file='/var/log/app/app.log.7'
10-09-2026 13:56:53.082 +0000 WARN  TailReader - Could not send data to output queue (parsingQueue), retrying...
10-09-2026 13:56:56.403 +0000 INFO  TailReader - Batch input finished reading file='/var/log/app/app.log.5'
10-09-2026 13:56:58.989 +0000 INFO  IndexProcessor - indexing bucket hot_v1_119 for index=main
10-09-2026 13:57:00.041 +0000 INFO  TailReader - Batch input finished reading file='/var/log/app/app.log.6'
10-09-2026 13:57:01.520 +0000 INFO  TailReader - Batch input finished reading file='/var/log/app/app.log.6'
10-09-2026 13:57:03.946 +0000 INFO  IndexProcessor - indexing bucket hot_v1_109 for index=main
10-09-2026 13:57:04.440 +0000 INFO  TailReader - Batch input finished reading file='/var/log/app/app.log.6'
10-09-2026 13:57:04.530 +0000 WARN  TailReader - Could not send data to output queue (parsingQueue), retrying...
10-09-2026 13:57:06.678 +0000 INFO  TailReader - Batch input finished reading file='/var/log/app/app.log.3'
10-09-2026 13:57:06.579 +0000 WARN  TailReader - Could not send data to output queue (parsingQueue), retrying...
10-09-2026 13:57:08.978 +0000 INFO  IndexProcessor - indexing bucket hot_v1_120 for index=main
10-09-2026 13:57:09.130 +0000 INFO  IndexProcessor - indexing bucket hot_v1_113 for index=main
10-09-2026 13:57:11.117 +0000 INFO  IndexProcessor - indexing bucket hot_v1_115 for index=main
10-09-2026 13:57:12.692 +0000 INFO  TailReader - Batch input finished reading file='/var/log/app/app.log.8'
10-09-2026 13:57:13.028 +0000 ERROR ExecProcessor - message from "/opt/splunk/bin/python3 /opt/splunk/etc/apps/TA-x/bin/poll.py" requests.exceptions.ConnectionError: timeout
10-09-2026 13:57:13.361 +0000 WARN  TailReader - Could not send data to output queue (parsingQueue), retrying...
10-09-2026 13:57:13.538 +0000 ERROR ExecProcessor - message from "/opt/splunk/bin/python3 /opt/splunk/etc/apps/TA-x/bin/poll.py" requests.exceptions.ConnectionError: timeout
10-09-2026 13:57:13.977 +0000 WARN  TailReader - Could not send data to output queue (parsingQueue), retrying...
10-09-2026 13:57:15.827 +0000 ERROR ExecProcessor - message from "/opt/splunk/bin/python3 /opt/splunk/etc/apps/TA-x/bin/poll.py" requests.exceptions.ConnectionError: timeout
10-09-2026 13:57:16.617 +0000 INFO  TailReader - Batch input finished reading file='/var/log/app/app.log.8'
10-09-2026 13:57:16.118 +0000 WARN  TailReader - Could not send data to output queue (parsingQueue), retrying...
10-09-2026 13:57:17.468 +0000 INFO  IndexProcessor - indexing bucket hot_v1_115 for index=main
10-09-2026 13:57:18.920 +0000 INFO  TailReader - Batch input finished reading file='/var/log/app/app.log.6'
10-09-2026 13:57:20.381 +0000 INFO  TailReader - Batch input finished reading file='/var/log/app/app.log.4'
10-09-2026 13:57:20.604 +0000 INFO  TailReader - Batch input finished reading file='/var/log/app/app.log.1'
10-09-2026 13:57:21.832 +0000 INFO  TailReader - Batch input finished reading file='/var/log/app/app.log.1'
10-09-2026 13:57:22.691 +0000 INFO  IndexProcessor - indexing bucket hot_v1_100 for index=main
10-09-2026 13:57:25.392 +0000 INFO  TailReader - Batch input finished reading file='/var/log/app/app.log.4'
10-09-2026 13:57:25.310 +0000 INFO  IndexProcessor - indexing bucket hot_v1_116 for index=main
10-09-2026 13:57:26.722 +0000 INFO  TailReader - Batch input finished reading file='/var/log/app/app.log.3'
10-09-2026 13:57:26.555 +0000 WARN  TcpOutputFd - Connection to host=10.0.2.5:9997 failed. Read operation timed out expecting ACK
10-09-2026 13:57:28.496 +0000 ERROR ExecProcessor - message from "/opt/splunk/bin/python3 /opt/splunk/etc/apps/TA-x/bin/poll.py" requests.exceptions.ConnectionError: timeout
10-09-2026 13:57:30.680 +0000 INFO  TailReader - Batch input finished reading file='/var/log/app/app.log.8'
10-09-2026 13:57:32.368 +0000 INFO  TailReader - Batch input finished reading file='/var/log/app/app.log.4'
10-09-2026 13:57:32.047 +0000 WARN  TailReader - Could not send data to output queue (parsingQueue), retrying...
10-09-2026 13:57:33.843 +0000 INFO  TailReader - Batch input finished reading file='/var/log/app/app.log.8'
10-09-2026 13:57:34.372 +0000 INFO  TailReader - Batch input finished reading file='/var/log/app/app.log.5'
10-09-2026 13:57:35.845 +0000 INFO  TailReader - Batch input finished reading file='/var/log/app/app.log.3'
10-09-2026 13:57:37.890 +0000 WARN  DateParserVerbose - Failed to parse timestamp in first MAX_TIMESTAMP_LOOKAHEAD (128) characters of event. Defaulting to timestamp of previous event. Context: source=/var/log/app/batch.log|host=web02
10-09-2026 13:57:39.912 +0000 INFO  IndexProcessor - indexing bucket hot_v1_105 for index=main
10-09-2026 13:57:39.340 +0000 WARN  TailReader - Could not send data to output queue (parsingQueue), retrying...
10-09-2026 13:57:41.693 +0000 INFO  IndexProcessor - indexing bucket hot_v1_114 for index=main
10-09-2026 13:57:43.041 +0000 INFO  TailReader - Batch input finished reading file='/var/log/app/app.log.1'
10-09-2026 13:57:45.850 +0000 WARN  DateParserVerbose - Failed to parse timestamp in first MAX_TIMESTAMP_LOOKAHEAD (128) characters of event. Defaulting to timestamp of previous event. Context: source=/var/log/app/batch.log|host=web03
10-09-2026 13:57:47.862 +0000 INFO  TailReader - Batch input finished reading file='/var/log/app/app.log.8'
10-09-2026 13:57:48.250 +0000 INFO  TailReader - Batch input finished reading file='/var/log/app/app.log.9'
10-09-2026 13:57:49.900 +0000 INFO  TailReader - Batch input finished reading file='/var/log/app/app.log.2'
10-09-2026 13:57:51.172 +0000 INFO  IndexProcessor - indexing bucket hot_v1_111 for index=main
10-09-2026 13:57:51.441 +0000 WARN  TailReader - Could not send data to output queue (parsingQueue), retrying...
10-09-2026 13:57:53.775 +0000 WARN  DateParserVerbose - Failed to parse timestamp in first MAX_TIMESTAMP_LOOKAHEAD (128) characters of event. Defaulting to timestamp of previous event. Context: source=/var/log/app/batch.log|host=web04
10-09-2026 13:57:55.180 +0000 WARN  DateParserVerbose - Failed to parse timestamp in first MAX_TIMESTAMP_LOOKAHEAD (128) characters of event. Defaulting to timestamp of previous event. Context: source=/var/log/app/batch.log|host=web02
10-09-2026 13:57:56.983 +0000 INFO  IndexProcessor - indexing bucket hot_v1_107 for index=main
10-09-2026 13:57:56.695 +0000 WARN  TailReader - Could not send data to output queue (parsingQueue), retrying...
10-09-2026 13:57:58.970 +0000 INFO  TailReader - Batch input finished reading file='/var/log/app/app.log.9'
10-09-2026 13:57:58.416 +0000 WARN  TailReader - Could not send data to output queue (parsingQueue), retrying...
10-09-2026 13:57:59.965 +0000 INFO  TailReader - Batch input finished reading file='/var/log/app/app.log.7'
10-09-2026 13:58:01.761 +0000 INFO  IndexProcessor - indexing bucket hot_v1_104 for index=main
10-09-2026 13:58:01.350 +0000 WARN  TailReader - Could not send data to output queue (parsingQueue), retrying...
10-09-2026 13:58:03.059 +0000 INFO  TailReader - Batch input finished reading file='/var/log/app/app.log.5'
10-09-2026 13:58:05.068 +0000 INFO  TailReader - Batch input finished reading file='/var/log/app/app.log.5'
10-09-2026 13:58:05.026 +0000 ERROR ExecProcessor - message from "/opt/splunk/bin/python3 /opt/splunk/etc/apps/TA-x/bin/poll.py" requests.exceptions.ConnectionError: timeout
10-09-2026 13:58:07.648 +0000 INFO  TailReader - Batch input finished reading file='/var/log/app/app.log.3'
10-09-2026 13:58:07.367 +0000 WARN  TailReader - Could not send data to output queue (parsingQueue), retrying...
10-09-2026 13:58:08.062 +0000 INFO  TailReader - Batch input finished reading file='/var/log/app/app.log.9'
10-09-2026 13:58:08.706 +0000 WARN  TailReader - Could not send data to output queue (parsingQueue), retrying...
10-09-2026 13:58:09.306 +0000 INFO  TailReader - Batch input finished reading file='/var/log/app/app.log.7'
10-09-2026 13:58:10.939 +0000 INFO  IndexProcessor - indexing bucket hot_v1_115 for index=main
10-09-2026 13:58:12.975 +0000 INFO  TailReader - Batch input finished reading file='/var/log/app/app.log.7'
10-09-2026 13:58:12.490 +0000 WARN  TailReader - Could not send data to output queue (parsingQueue), retrying...
10-09-2026 13:58:13.558 +0000 ERROR ExecProcessor - message from "/opt/splunk/bin/python3 /opt/splunk/etc/apps/TA-x/bin/poll.py" requests.exceptions.ConnectionError: timeout
10-09-2026 13:58:15.904 +0000 INFO  TailReader - Batch input finished reading file='/var/log/app/app.log.9'
10-09-2026 13:58:17.989 +0000 INFO  IndexProcessor - indexing bucket hot_v1_109 for index=main
10-09-2026 13:58:19.162 +0000 INFO  TailReader - Batch input finished reading file='/var/log/app/app.log.1'
10-09-2026 13:58:21.137 +0000 INFO  TailReader - Batch input finished reading file='/var/log/app/app.log.2'
10-09-2026 13:58:23.788 +0000 INFO  TailReader - Batch input finished reading file='/var/log/app/app.log.4'
10-09-2026 13:58:26.368 +0000 INFO  TailReader - Batch input finished reading file='/var/log/app/app.log.9'
10-09-2026 13:58:28.723 +0000 INFO  IndexProcessor - indexing bucket hot_v1_107 for index=main
10-09-2026 13:58:30.010 +0000 ERROR ExecProcessor - message from "/opt/splunk/bin/python3 /opt/splunk/etc/apps/TA-x/bin/poll.py" requests.exceptions.ConnectionError: timeout
10-09-2026 13:58:31.179 +0000 INFO  IndexProcessor - indexing bucket hot_v1_118 for index=main
10-09-2026 13:58:32.108 +0000 INFO  TailReader - Batch input finished reading file='/var/log/app/app.log.6'
10-09-2026 13:58:34.082 +0000 INFO  TailReader - Batch input finished reading file='/var/log/app/app.log.4'
10-09-2026 13:58:36.971 +0000 INFO  TailReader - Batch input finished reading file='/var/log/app/app.log.3'
10-09-2026 13:58:36.430 +0000 WARN  TcpOutputFd - Connection to host=10.0.2.5:9997 failed. Read operation timed out expecting ACK
10-09-2026 13:58:37.023 +0000 INFO  IndexProcessor - indexing bucket hot_v1_100 for index=main
10-09-2026 13:58:39.376 +0000 INFO  TailReader - Batch input finished reading file='/var/log/app/app.log.6'
10-09-2026 13:58:40.275 +0000 INFO  TailReader - Batch input finished reading file='/var/log/app/app.log.8'
10-09-2026 13:58:41.501 +0000 INFO  TailReader - Batch input finished reading file='/var/log/app/app.log.8'
10-09-2026 13:58:41.575 +0000 WARN  TailReader - Could not send data to output queue (parsingQueue), retrying...
10-09-2026 13:58:42.932 +0000 INFO  TailReader - Batch input finished reading file='/var/log/app/app.log.6'
10-09-2026 13:58:44.043 +0000 INFO  TailReader - Batch input finished reading file='/var/log/app/app.log.7'
10-09-2026 13:58:44.776 +0000 WARN  TcpOutputFd - Connection to host=10.0.2.5:9997 failed. Read operation timed out expecting ACK
10-09-2026 13:58:46.368 +0000 WARN  DateParserVerbose - Failed to parse timestamp in first MAX_TIMESTAMP_LOOKAHEAD (128) characters of event. Defaulting to timestamp of previous event. Context: source=/var/log/app/batch.log|host=web03
10-09-2026 13:58:46.104 +0000 WARN  TailReader - Could not send data to output queue (parsingQueue), retrying...
10-09-2026 13:58:47.221 +0000 INFO  IndexProcessor - indexing bucket hot_v1_111 for index=main
10-09-2026 13:58:49.699 +0000 INFO  TailReader - Batch input finished reading file='/var/log/app/app.log.5'
10-09-2026 13:58:50.492 +0000 INFO  IndexProcessor - indexing bucket hot_v1_117 for index=main
10-09-2026 13:58:52.718 +0000 INFO  TailReader - Batch input finished reading file='/var/log/app/app.log.1'
10-09-2026 13:58:53.204 +0000 INFO  IndexProcessor - indexing bucket hot_v1_120 for index=main
10-09-2026 13:58:53.136 +0000 WARN  TcpOutputFd - Connection to host=10.0.2.5:9997 failed. Read operation timed out expecting ACK
10-09-2026 13:58:54.397 +0000 INFO  TailReader - Batch input finished reading file='/var/log/app/app.log.3'
10-09-2026 13:58:54.262 +0000 WARN  TcpOutputFd - Connection to host=10.0.2.5:9997 failed. Read operation timed out expecting ACK
10-09-2026 13:58:55.243 +0000 WARN  DateParserVerbose - Failed to parse timestamp in first MAX_TIMESTAMP_LOOKAHEAD (128) characters of event. Defaulting to timestamp of previous event. Context: source=/var/log/app/batch.log|host=web03
10-09-2026 13:58:57.681 +0000 INFO  IndexProcessor - indexing bucket hot_v1_118 for index=main
10-09-2026 13:58:59.091 +0000 INFO  TailReader - Batch input finished reading file='/var/log/app/app.log.6'
10-09-2026 13:58:59.559 +0000 WARN  TailReader - Could not send data to output queue (parsingQueue), retrying...
10-09-2026 13:59:01.349 +0000 INFO  IndexProcessor - indexing bucket hot_v1_114 for index=main
10-09-2026 13:59:01.460 +0000 WARN  TailReader - Could not send data to output queue (parsingQueue), retrying...
10-09-2026 13:59:01.735 +0000 WARN  TcpOutputFd - Connection to host=10.0.2.5:9997 failed. Read operation timed out expecting ACK
10-09-2026 13:59:03.193 +0000 INFO  TailReader - Batch input finished reading file='/var/log/app/app.log.9'
10-09-2026 13:59:04.465 +0000 INFO  IndexProcessor - indexing bucket hot_v1_102 for index=main
10-09-2026 13:59:06.791 +0000 INFO  TailReader - Batch input finished reading file='/var/log/app/app.log.4'
10-09-2026 13:59:06.062 +0000 WARN  TailReader - Could not send data to output queue (parsingQueue), retrying...
10-09-2026 13:59:09.776 +0000 INFO  TailReader - Batch input finished reading file='/var/log/app/app.log.8'
10-09-2026 13:59:10.063 +0000 ERROR ExecProcessor - message from "/opt/splunk/bin/python3 /opt/splunk/etc/apps/TA-x/bin/poll.py" requests.exceptions.ConnectionError: timeout
10-09-2026 13:59:11.604 +0000 INFO  IndexProcessor - indexing bucket hot_v1_100 for index=main
10-09-2026 13:59:13.551 +0000 INFO  TailReader - Batch input finished reading file='/var/log/app/app.log.4'
10-09-2026 13:59:15.001 +0000 INFO  TailReader - Batch input finished reading file='/var/log/app/app.log.1'
10-09-2026 13:59:15.163 +0000 WARN  TcpOutputFd - Connection to host=10.0.2.5:9997 failed. Read operation timed out expecting ACK
10-09-2026 13:59:17.676 +0000 INFO  TailReader - Batch input finished reading file='/var/log/app/app.log.4'
10-09-2026 13:59:19.937 +0000 INFO  TailReader - Batch input finished reading file='/var/log/app/app.log.6'
10-09-2026 13:59:20.606 +0000 INFO  IndexProcessor - indexing bucket hot_v1_108 for index=main
10-09-2026 13:59:21.071 +0000 INFO  TailReader - Batch input finished reading file='/var/log/app/app.log.2'
10-09-2026 13:59:21.981 +0000 WARN  TailReader - Could not send data to output queue (parsingQueue), retrying...
10-09-2026 13:59:23.591 +0000 INFO  TailReader - Batch input finished reading file='/var/log/app/app.log.1'
10-09-2026 13:59:24.656 +0000 INFO  IndexProcessor - indexing bucket hot_v1_111 for index=main
10-09-2026 13:59:25.272 +0000 INFO  TailReader - Batch input finished reading file='/var/log/app/app.log.8'
10-09-2026 13:59:27.482 +0000 INFO  TailReader - Batch input finished reading file='/var/log/app/app.log.1'
10-09-2026 13:59:28.885 +0000 INFO  TailReader - Batch input finished reading file='/var/log/app/app.log.2'
10-09-2026 13:59:28.982 +0000 WARN  TcpOutputFd - Connection to host=10.0.2.5:9997 failed. Read operation timed out expecting ACK
10-09-2026 13:59:29.452 +0000 INFO  IndexProcessor - indexing bucket hot_v1_119 for index=main
10-09-2026 13:59:30.919 +0000 INFO  TailReader - Batch input finished reading file='/var/log/app/app.log.8'
10-09-2026 13:59:32.416 +0000 INFO  TailReader - Batch input finished reading file='/var/log/app/app.log.1'
10-09-2026 13:59:33.333 +0000 INFO  TailReader - Batch input finished reading file='/var/log/app/app.log.4'
10-09-2026 13:59:35.874 +0000 INFO  IndexProcessor - indexing bucket hot_v1_102 for index=main
10-09-2026 13:59:35.749 +0000 WARN  TailReader - Could not send data to output queue (parsingQueue), retrying...
10-09-2026 13:59:36.802 +0000 INFO  TailReader - Batch input finished reading file='/var/log/app/app.log.4'
10-09-2026 13:59:36.942 +0000 WARN  TailReader - Could not send data to output queue (parsingQueue), retrying...
10-09-2026 13:59:37.092 +0000 INFO  TailReader - Batch input finished reading file='/var/log/app/app.log.8'
10-09-2026 13:59:37.104 +0000 WARN  TailReader - Could not send data to output queue (parsingQueue), retrying...
10-09-2026 13:59:37.670 +0000 WARN  TcpOutputFd - Connection to host=10.0.2.5:9997 failed. Read operation timed out expecting ACK
10-09-2026 13:59:39.894 +0000 ERROR ExecProcessor - message from "/opt/splunk/bin/python3 /opt/splunk/etc/apps/TA-x/bin/poll.py" requests.exceptions.ConnectionError: timeout
10-09-2026 13:59:40.331 +0000 INFO  TailReader - Batch input finished reading file='/var/log/app/app.log.6'
10-09-2026 13:59:40.558 +0000 WARN  TailReader - Could not send data to output queue (parsingQueue), retrying...
10-09-2026 13:59:41.677 +0000 INFO  IndexProcessor - indexing bucket hot_v1_107 for index=main
10-09-2026 13:59:42.424 +0000 INFO  TailReader - Batch input finished reading file='/var/log/app/app.log.6'
10-09-2026 13:59:43.797 +0000 INFO  IndexProcessor - indexing bucket hot_v1_109 for index=main
10-09-2026 13:59:44.280 +0000 ERROR ExecProcessor - message from "/opt/splunk/bin/python3 /opt/splunk/etc/apps/TA-x/bin/poll.py" requests.exceptions.ConnectionError: timeout
10-09-2026 13:59:46.221 +0000 INFO  TailReader - Batch input finished reading file='/var/log/app/app.log.6'
10-09-2026 13:59:46.572 +0000 WARN  TailReader - Could not send data to output queue (parsingQueue), retrying...
10-09-2026 13:59:47.622 +0000 INFO  IndexProcessor - indexing bucket hot_v1_110 for index=main
10-09-2026 13:59:48.689 +0000 INFO  TailReader - Batch input finished reading file='/var/log/app/app.log.4'
10-09-2026 13:59:50.213 +0000 ERROR ExecProcessor - message from "/opt/splunk/bin/python3 /opt/splunk/etc/apps/TA-x/bin/poll.py" requests.exceptions.ConnectionError: timeout
10-09-2026 13:59:50.164 +0000 WARN  TailReader - Could not send data to output queue (parsingQueue), retrying...
10-09-2026 13:59:51.441 +0000 INFO  TailReader - Batch input finished reading file='/var/log/app/app.log.5'
10-09-2026 13:59:51.556 +0000 WARN  TcpOutputFd - Connection to host=10.0.2.5:9997 failed. Read operation timed out expecting ACK
10-09-2026 13:59:53.069 +0000 INFO  TailReader - Batch input finished reading file='/var/log/app/app.log.6'
10-09-2026 13:59:53.015 +0000 WARN  TcpOutputFd - Connection to host=10.0.2.5:9997 failed. Read operation timed out expecting ACK
10-09-2026 13:59:54.191 +0000 ERROR ExecProcessor - message from "/opt/splunk/bin/python3 /opt/splunk/etc/apps/TA-x/bin/poll.py" requests.exceptions.ConnectionError: timeout
10-09-2026 13:59:56.065 +0000 WARN  DateParserVerbose - Failed to parse timestamp in first MAX_TIMESTAMP_LOOKAHEAD (128) characters of event. Defaulting to timestamp of previous event. Context: source=/var/log/app/batch.log|host=web04
10-09-2026 13:59:58.651 +0000 INFO  IndexProcessor - indexing bucket hot_v1_118 for index=main
10-09-2026 13:59:59.334 +0000 INFO  TailReader - Batch input finished reading file='/var/log/app/app.log.4'
10-09-2026 14:00:02.954 +0000 INFO  TailReader - Batch input finished reading file='/var/log/app/app.log.2'
10-09-2026 14:00:03.859 +0000 INFO  TailReader - Batch input finished reading file='/var/log/app/app.log.4'
10-09-2026 14:00:04.018 +0000 INFO  IndexProcessor - indexing bucket hot_v1_103 for index=main
10-09-2026 14:00:05.734 +0000 ERROR ExecProcessor - message from "/opt/splunk/bin/python3 /opt/splunk/etc/apps/TA-x/bin/poll.py" requests.exceptions.ConnectionError: timeout
10-09-2026 14:00:05.629 +0000 WARN  TailReader - Could not send data to output queue (parsingQueue), retrying...
10-09-2026 14:00:06.699 +0000 INFO  TailReader - Batch input finished reading file='/var/log/app/app.log.9'
10-09-2026 14:00:06.690 +0000 WARN  TailReader - Could not send data to output queue (parsingQueue), retrying...
10-09-2026 14:00:07.628 +0000 INFO  TailReader - Batch input finished reading file='/var/log/app/app.log.3'
10-09-2026 14:00:08.599 +0000 INFO  TailReader - Batch input finished reading file='/var/log/app/app.log.5'
10-09-2026 14:00:11.384 +0000 INFO  TailReader - Batch input finished reading file='/var/log/app/app.log.4'
10-09-2026 14:00:12.639 +0000 WARN  DateParserVerbose - Failed to parse timestamp in first MAX_TIMESTAMP_LOOKAHEAD (128) characters of event. Defaulting to timestamp of previous event. Context: source=/var/log/app/batch.log|host=web04
10-09-2026 14:00:12.480 +0000 WARN  TcpOutputFd - Connection to host=10.0.2.5:9997 failed. Read operation timed out expecting ACK
10-09-2026 14:00:13.343 +0000 INFO  TailReader - Batch input finished reading file='/var/log/app/app.log.5'
10-09-2026 14:00:15.527 +0000 ERROR ExecProcessor - message from "/opt/splunk/bin/python3 /opt/splunk/etc/apps/TA-x/bin/poll.py" requests.exceptions.ConnectionError: timeout
10-09-2026 14:00:15.495 +0000 WARN  TailReader - Could not send data to output queue (parsingQueue), retrying...
10-09-2026 14:00:17.444 +0000 INFO  IndexProcessor - indexing bucket hot_v1_114 for index=main
10-09-2026 14:00:17.826 +0000 WARN  TailReader - Could not send data to output queue (parsingQueue), retrying...
10-09-2026 14:00:19.008 +0000 INFO  TailReader - Batch input finished reading file='/var/log/app/app.log.7'
10-09-2026 14:00:19.028 +0000 WARN  TailReader - Could not send data to output queue (parsingQueue), retrying...
10-09-2026 14:00:20.727 +0000 INFO  TailReader - Batch input finished reading file='/var/log/app/app.log.5'
10-09-2026 14:00:23.074 +0000 INFO  IndexProcessor - indexing bucket hot_v1_116 for index=main
10-09-2026 14:00:24.977 +0000 INFO  TailReader - Batch input finished reading file='/var/log/app/app.log.2'
10-09-2026 14:00:25.795 +0000 INFO  TailReader - Batch input finished reading file='/var/log/app/app.log.1'
10-09-2026 14:00:25.983 +0000 INFO  TailReader - Batch input finished reading file='/var/log/app/app.log.8'
10-09-2026 14:00:26.591 +0000 INFO  TailReader - Batch input finished reading file='/var/log/app/app.log.3'
10-09-2026 14:00:27.365 +0000 ERROR ExecProcessor - message from "/opt/splunk/bin/python3 /opt/splunk/etc/apps/TA-x/bin/poll.py" requests.exceptions.ConnectionError: timeout
10-09-2026 14:00:28.984 +0000 INFO  TailReader - Batch input finished reading file='/var/log/app/app.log.7'
10-09-2026 14:00:29.370 +0000 INFO  TailReader - Batch input finished reading file='/var/log/app/app.log.7'
10-09-2026 14:00:30.174 +0000 INFO  IndexProcessor - indexing bucket hot_v1_115 for index=main
10-09-2026 14:00:32.171 +0000 INFO  TailReader - Batch input finished reading file='/var/log/app/app.log.1'
10-09-2026 14:00:32.503 +0000 INFO  TailReader - Batch input finished reading file='/var/log/app/app.log.7'
10-09-2026 14:00:33.460 +0000 INFO  IndexProcessor - indexing bucket hot_v1_105 for index=main
10-09-2026 14:00:33.305 +0000 INFO  TailReader - Batch input finished reading file='/var/log/app/app.log.5'
10-09-2026 14:00:36.869 +0000 INFO  IndexProcessor - indexing bucket hot_v1_119 for index=main
10-09-2026 14:00:38.199 +0000 INFO  TailReader - Batch input finished reading file='/var/log/app/app.log.6'
10-09-2026 14:00:39.949 +0000 INFO  TailReader - Batch input finished reading file='/var/log/app/app.log.9'
10-09-2026 14:00:41.363 +0000 INFO  TailReader - Batch input finished reading file='/var/log/app/app.log.7'
10-09-2026 14:00:42.296 +0000 INFO  TailReader - Batch input finished reading file='/var/log/app/app.log.8'
10-09-2026 14:00:44.229 +0000 INFO  IndexProcessor - indexing bucket hot_v1_112 for index=main
10-09-2026 14:00:45.101 +0000 INFO  IndexProcessor - indexing bucket hot_v1_105 for index=main
10-09-2026 14:00:46.886 +0000 INFO  TailReader - Batch input finished reading file='/var/log/app/app.log.9'
10-09-2026 14:00:48.817 +0000 WARN  DateParserVerbose - Failed to parse timestamp in first MAX_TIMESTAMP_LOOKAHEAD (128) characters of event. Defaulting to timestamp of previous event. Context: source=/var/log/app/batch.log|host=web04
10-09-2026 14:00:49.234 +0000 INFO  TailReader - Batch input finished reading file='/var/log/app/app.log.6'
10-09-2026 14:00:49.519 +0000 WARN  TailReader - Could not send data to output queue (parsingQueue), retrying...
10-09-2026 14:00:51.983 +0000 INFO  TailReader - Batch input finished reading file='/var/log/app/app.log.1'
10-09-2026 14:00:53.736 +0000 INFO  TailReader - Batch input finished reading file='/var/log/app/app.log.9'
10-09-2026 14:00:55.761 +0000 WARN  DateParserVerbose - Failed to parse timestamp in first MAX_TIMESTAMP_LOOKAHEAD (128) characters of event. Defaulting to timestamp of previous event. Context: source=/var/log/app/batch.log|host=web04
10-09-2026 14:00:57.045 +0000 WARN  DateParserVerbose - Failed to parse timestamp in first MAX_TIMESTAMP_LOOKAHEAD (128) characters of event. Defaulting to timestamp of previous event. Context: source=/var/log/app/batch.log|host=web04
10-09-2026 14:00:59.257 +0000 INFO  TailReader - Batch input finished reading file='/var/log/app/app.log.2'
10-09-2026 14:01:00.794 +0000 INFO  TailReader - Batch input finished reading file='/var/log/app/app.log.2'
10-09-2026 14:01:02.801 +0000 ERROR ExecProcessor - message from "/opt/splunk/bin/python3 /opt/splunk/etc/apps/TA-x/bin/poll.py" requests.exceptions.ConnectionError: timeout
10-09-2026 14:01:02.612 +0000 WARN  TailReader - Could not send data to output queue (parsingQueue), retrying...
10-09-2026 14:01:04.116 +0000 INFO  TailReader - Batch input finished reading file='/var/log/app/app.log.5'
10-09-2026 14:01:04.675 +0000 WARN  TailReader - Could not send data to output queue (parsingQueue), retrying...
10-09-2026 14:01:04.031 +0000 INFO  TailReader - Batch input finished reading file='/var/log/app/app.log.1'
10-09-2026 14:01:07.832 +0000 WARN  DateParserVerbose - Failed to parse timestamp in first MAX_TIMESTAMP_LOOKAHEAD (128) characters of event. Defaulting to timestamp of previous event. Context: source=/var/log/app/batch.log|host=web02
10-09-2026 14:01:09.357 +0000 INFO  IndexProcessor - indexing bucket hot_v1_116 for index=main
10-09-2026 14:01:09.901 +0000 WARN  TailReader - Could not send data to output queue (parsingQueue), retrying...
10-09-2026 14:01:11.122 +0000 INFO  TailReader - Batch input finished reading file='/var/log/app/app.log.9'
10-09-2026 14:01:13.560 +0000 INFO  TailReader - Batch input finished reading file='/var/log/app/app.log.1'
10-09-2026 14:01:15.287 +0000 INFO  TailReader - Batch input finished reading file='/var/log/app/app.log.5'
10-09-2026 14:01:15.913 +0000 WARN  TcpOutputFd - Connection to host=10.0.2.5:9997 failed. Read operation timed out expecting ACK
10-09-2026 14:01:16.784 +0000 INFO  TailReader - Batch input finished reading file='/var/log/app/app.log.5'
10-09-2026 14:01:18.903 +0000 INFO  IndexProcessor - indexing bucket hot_v1_100 for index=main
10-09-2026 14:01:19.449 +0000 WARN  DateParserVerbose - Failed to parse timestamp in first MAX_TIMESTAMP_LOOKAHEAD (128) characters of event. Defaulting to timestamp of previous event. Context: source=/var/log/app/batch.log|host=web03
10-09-2026 14:01:20.840 +0000 INFO  IndexProcessor - indexing bucket hot_v1_112 for index=main
10-09-2026 14:01:21.238 +0000 INFO  TailReader - Batch input finished reading file='/var/log/app/app.log.4'
10-09-2026 14:01:22.172 +0000 INFO  IndexProcessor - indexing bucket hot_v1_113 for index=main
10-09-2026 14:01:22.288 +0000 WARN  TailReader - Could not send data to output queue (parsingQueue), retrying...
10-09-2026 14:01:23.424 +0000 INFO  TailReader - Batch input finished reading file='/var/log/app/app.log.5'
10-09-2026 14:01:23.206 +0000 WARN  TailReader - Could not send data to output queue (parsingQueue), retrying...
10-09-2026 14:01:25.964 +0000 INFO  TailReader - Batch input finished reading file='/var/log/app/app.log.8'
10-09-2026 14:01:26.183 +0000 INFO  TailReader - Batch input finished reading file='/var/log/app/app.log.7'
10-09-2026 14:01:26.660 +0000 WARN  TcpOutputFd - Connection to host=10.0.2.5:9997 failed. Read operation timed out expecting ACK
10-09-2026 14:01:27.233 +0000 INFO  TailReader - Batch input finished reading file='/var/log/app/app.log.2'
10-09-2026 14:01:27.834 +0000 WARN  TailReader - Could not send data to output queue (parsingQueue), retrying...
10-09-2026 14:01:28.863 +0000 INFO  TailReader - Batch input finished reading file='/var/log/app/app.log.6'
10-09-2026 14:01:29.222 +0000 INFO  TailReader - Batch input finished reading file='/var/log/app/app.log.5'
10-09-2026 14:01:30.562 +0000 WARN  DateParserVerbose - Failed to parse timestamp in first MAX_TIMESTAMP_LOOKAHEAD (128) characters of event. Defaulting to timestamp of previous event. Context: source=/var/log/app/batch.log|host=web03
10-09-2026 14:01:32.951 +0000 INFO  IndexProcessor - indexing bucket hot_v1_107 for index=main
10-09-2026 14:01:32.314 +0000 WARN  TailReader - Could not send data to output queue (parsingQueue), retrying...
10-09-2026 14:01:34.035 +0000 INFO  IndexProcessor - indexing bucket hot_v1_117 for index=main
10-09-2026 14:01:34.252 +0000 INFO  IndexProcessor - indexing bucket hot_v1_119 for index=main
10-09-2026 14:01:36.298 +0000 INFO  IndexProcessor - indexing bucket hot_v1_116 for index=main
10-09-2026 14:01:36.172 +0000 WARN  TailReader - Could not send data to output queue (parsingQueue), retrying...
10-09-2026 14:01:38.541 +0000 INFO  IndexProcessor - indexing bucket hot_v1_106 for index=main
10-09-2026 14:01:38.666 +0000 WARN  TailReader - Could not send data to output queue (parsingQueue), retrying...
10-09-2026 14:01:40.035 +0000 ERROR ExecProcessor - message from "/opt/splunk/bin/python3 /opt/splunk/etc/apps/TA-x/bin/poll.py" requests.exceptions.ConnectionError: timeout
10-09-2026 14:01:42.851 +0000 WARN  DateParserVerbose - Failed to parse timestamp in first MAX_TIMESTAMP_LOOKAHEAD (128) characters of event. Defaulting to timestamp of previous event. Context: source=/var/log/app/batch.log|host=web04
10-09-2026 14:01:44.956 +0000 INFO  TailReader - Batch input finished reading file='/var/log/app/app.log.5'
10-09-2026 14:01:47.687 +0000 INFO  TailReader - Batch input finished reading file='/var/log/app/app.log.3'
10-09-2026 14:01:48.785 +0000 INFO  TailReader - Batch input finished reading file='/var/log/app/app.log.5'
10-09-2026 14:01:48.457 +0000 WARN  TailReader - Could not send data to output queue (parsingQueue), retrying...
10-09-2026 14:01:49.509 +0000 INFO  TailReader - Batch input finished reading file='/var/log/app/app.log.7'
10-09-2026 14:01:51.730 +0000 INFO  TailReader - Batch input finished reading file='/var/log/app/app.log.2'
10-09-2026 14:01:53.883 +0000 INFO  IndexProcessor - indexing bucket hot_v1_112 for index=main
10-09-2026 14:01:55.759 +0000 INFO  TailReader - Batch input finished reading file='/var/log/app/app.log.1'
10-09-2026 14:01:56.051 +0000 INFO  TailReader - Batch input finished reading file='/var/log/app/app.log.6'
10-09-2026 14:01:58.117 +0000 INFO  TailReader - Batch input finished reading file='/var/log/app/app.log.5'
10-09-2026 14:01:58.380 +0000 WARN  TailReader - Could not send data to output queue (parsingQueue), retrying...
10-09-2026 14:02:00.936 +0000 INFO  IndexProcessor - indexing bucket hot_v1_105 for index=main
10-09-2026 14:02:01.685 +0000 INFO  TailReader - Batch input finished reading file='/var/log/app/app.log.1'
10-09-2026 14:02:02.017 +0000 INFO  TailReader - Batch input finished reading file='/var/log/app/app.log.2'
10-09-2026 14:02:03.481 +0000 INFO  IndexProcessor - indexing bucket hot_v1_114 for index=main
10-09-2026 14:02:05.706 +0000 INFO  TailReader - Batch input finished reading file='/var/log/app/app.log.7'
10-09-2026 14:02:05.873 +0000 WARN  TailReader - Could not send data to output queue (parsingQueue), retrying...
10-09-2026 14:02:06.298 +0000 WARN  DateParserVerbose - Failed to parse timestamp in first MAX_TIMESTAMP_LOOKAHEAD (128) characters of event. Defaulting to timestamp of previous event. Context: source=/var/log/app/batch.log|host=web04
10-09-2026 14:02:07.486 +0000 WARN  DateParserVerbose - Failed to parse timestamp in first MAX_TIMESTAMP_LOOKAHEAD (128) characters of event. Defaulting to timestamp of previous event. Context: source=/var/log/app/batch.log|host=web01
10-09-2026 14:02:07.115 +0000 WARN  TailReader - Could not send data to output queue (parsingQueue), retrying...
10-09-2026 14:02:09.683 +0000 INFO  TailReader - Batch input finished reading file='/var/log/app/app.log.2'
10-09-2026 14:02:11.975 +0000 INFO  TailReader - Batch input finished reading file='/var/log/app/app.log.7'
10-09-2026 14:02:11.519 +0000 WARN  TailReader - Could not send data to output queue (parsingQueue), retrying...
10-09-2026 14:02:12.428 +0000 INFO  IndexProcessor - indexing bucket hot_v1_109 for index=main
10-09-2026 14:02:13.566 +0000 INFO  TailReader - Batch input finished reading file='/var/log/app/app.log.5'
10-09-2026 14:02:15.259 +0000 WARN  DateParserVerbose - Failed to parse timestamp in first MAX_TIMESTAMP_LOOKAHEAD (128) characters of event. Defaulting to timestamp of previous event. Context: source=/var/log/app/batch.log|host=web03
10-09-2026 14:02:17.357 +0000 INFO  TailReader - Batch input finished reading file='/var/log/app/app.log.2'
10-09-2026 14:02:17.457 +0000 INFO  TailReader - Batch input finished reading file='/var/log/app/app.log.2'
10-09-2026 14:02:20.044 +0000 INFO  IndexProcessor - indexing bucket hot_v1_101 for index=main
10-09-2026 14:02:22.587 +0000 INFO  IndexProcessor - indexing bucket hot_v1_102 for index=main
10-09-2026 14:02:23.348 +0000 INFO  TailReader - Batch input finished reading file='/var/log/app/app.log.3'
10-09-2026 14:02:23.594 +0000 WARN  TailReader - Could not send data to output queue (parsingQueue), retrying...
10-09-2026 14:02:26.278 +0000 INFO  IndexProcessor - indexing bucket hot_v1_108 for index=main
10-09-2026 14:02:27.408 +0000 INFO  TailReader - Batch input finished reading file='/var/log/app/app.log.9'
10-09-2026 14:02:27.187 +0000 INFO  TailReader - Batch input finished reading file='/var/log/app/app.log.1'
10-09-2026 14:02:29.923 +0000 INFO  IndexProcessor - indexing bucket hot_v1_119 for index=main
10-09-2026 14:02:30.928 +0000 INFO  TailReader - Batch input finished reading file='/var/log/app/app.log.7'
10-09-2026 14:02:32.686 +0000 INFO  TailReader - Batch input finished reading file='/var/log/app/app.log.1'
10-09-2026 14:02:33.079 +0000 INFO  IndexProcessor - indexing bucket hot_v1_102 for index=main
10-09-2026 14:02:33.246 +0000 WARN  TcpOutputFd - Connection to host=10.0.2.5:9997 failed. Read operation timed out expecting ACK
10-09-2026 14:02:35.633 +0000 INFO  IndexProcessor - indexing bucket hot_v1_113 for index=main
10-09-2026 14:02:36.421 +0000 INFO  TailReader - Batch input finished reading file='/var/log/app/app.log.3'
10-09-2026 14:02:37.174 +0000 INFO  IndexProcessor - indexing bucket hot_v1_111 for index=main
10-09-2026 14:02:39.570 +0000 INFO  IndexProcessor - indexing bucket hot_v1_101 for index=main
10-09-2026 14:02:39.505 +0000 WARN  TailReader - Could not send data to output queue (parsingQueue), retrying...
10-09-2026 14:02:41.725 +0000 INFO  TailReader - Batch input finished reading file='/var/log/app/app.log.6'
10-09-2026 14:02:43.389 +0000 INFO  TailReader - Batch input finished reading file='/var/log/app/app.log.2'
10-09-2026 14:02:45.755 +0000 INFO  TailReader - Batch input finished reading file='/var/log/app/app.log.8'
10-09-2026 14:02:46.271 +0000 INFO  TailReader - Batch input finished reading file='/var/log/app/app.log.2'
10-09-2026 14:02:47.615 +0000 WARN  DateParserVerbose - Failed to parse timestamp in first MAX_TIMESTAMP_LOOKAHEAD (128) characters of event. Defaulting to timestamp of previous event. Context: source=/var/log/app/batch.log|host=web01
10-09-2026 14:02:47.168 +0000 WARN  TailReader - Could not send data to output queue (parsingQueue), retrying...
10-09-2026 14:02:49.627 +0000 INFO  IndexProcessor - indexing bucket hot_v1_101 for index=main
10-09-2026 14:02:50.248 +0000 INFO  TailReader - Batch input finished reading file='/var/log/app/app.log.8'
10-09-2026 14:02:51.549 +0000 WARN  DateParserVerbose - Failed to parse timestamp in first MAX_TIMESTAMP_LOOKAHEAD (128) characters of event. Defaulting to timestamp of previous event. Context: source=/var/log/app/batch.log|host=web03
10-09-2026 14:02:51.118 +0000 WARN  TailReader - Could not send data to output queue (parsingQueue), retrying...
10-09-2026 14:02:53.974 +0000 INFO  TailReader - Batch input finished reading file='/var/log/app/app.log.5'
10-09-2026 14:02:54.480 +0000 INFO  IndexProcessor - indexing bucket hot_v1_115 for index=main
10-09-2026 14:02:54.293 +0000 WARN  TailReader - Could not send data to output queue (parsingQueue), retrying...
10-09-2026 14:02:56.546 +0000 INFO  IndexProcessor - indexing bucket hot_v1_120 for index=main
10-09-2026 14:02:56.222 +0000 INFO  IndexProcessor - indexing bucket hot_v1_116 for index=main
10-09-2026 14:02:58.103 +0000 WARN  DateParserVerbose - Failed to parse timestamp in first MAX_TIMESTAMP_LOOKAHEAD (128) characters of event. Defaulting to timestamp of previous event. Context: source=/var/log/app/batch.log|host=web03
10-09-2026 14:03:00.151 +0000 WARN  DateParserVerbose - Failed to parse timestamp in first MAX_TIMESTAMP_LOOKAHEAD (128) characters of event. Defaulting to timestamp of previous event. Context: source=/var/log/app/batch.log|host=web01
10-09-2026 14:03:02.423 +0000 INFO  IndexProcessor - indexing bucket hot_v1_101 for index=main
10-09-2026 14:03:02.603 +0000 WARN  TailReader - Could not send data to output queue (parsingQueue), retrying...
10-09-2026 14:03:04.995 +0000 INFO  IndexProcessor - indexing bucket hot_v1_101 for index=main
10-09-2026 14:03:04.799 +0000 INFO  IndexProcessor - indexing bucket hot_v1_116 for index=main
10-09-2026 14:03:04.067 +0000 WARN  TailReader - Could not send data to output queue (parsingQueue), retrying...
10-09-2026 14:03:05.608 +0000 INFO  IndexProcessor - indexing bucket hot_v1_112 for index=main
10-09-2026 14:03:05.130 +0000 WARN  TailReader - Could not send data to output queue (parsingQueue), retrying...
10-09-2026 14:03:07.191 +0000 INFO  IndexProcessor - indexing bucket hot_v1_109 for index=main
10-09-2026 14:03:07.655 +0000 WARN  TailReader - Could not send data to output queue (parsingQueue), retrying...
10-09-2026 14:03:08.285 +0000 WARN  DateParserVerbose - Failed to parse timestamp in first MAX_TIMESTAMP_LOOKAHEAD (128) characters of event. Defaulting to timestamp of previous event. Context: source=/var/log/app/batch.log|host=web02
10-09-2026 14:03:10.236 +0000 INFO  TailReader - Batch input finished reading file='/var/log/app/app.log.8'
10-09-2026 14:03:12.672 +0000 INFO  TailReader - Batch input finished reading file='/var/log/app/app.log.4'
10-09-2026 14:03:12.871 +0000 WARN  TailReader - Could not send data to output queue (parsingQueue), retrying...
10-09-2026 14:03:14.566 +0000 INFO  TailReader - Batch input finished reading file='/var/log/app/app.log.8'
10-09-2026 14:03:14.563 +0000 WARN  TailReader - Could not send data to output queue (parsingQueue), retrying...
10-09-2026 14:03:15.374 +0000 INFO  TailReader - Batch input finished reading file='/var/log/app/app.log.2'
10-09-2026 14:03:18.944 +0000 INFO  TailReader - Batch input finished reading file='/var/log/app/app.log.5'
10-09-2026 14:03:18.786 +0000 WARN  TailReader - Could not send data to output queue (parsingQueue), retrying...
10-09-2026 14:03:20.287 +0000 ERROR ExecProcessor - message from "/opt/splunk/bin/python3 /opt/splunk/etc/apps/TA-x/bin/poll.py" requests.exceptions.ConnectionError: timeout
10-09-2026 14:03:20.939 +0000 WARN  TailReader - Could not send data to output queue (parsingQueue), retrying...
10-09-2026 14:03:21.154 +0000 INFO  IndexProcessor - indexing bucket hot_v1_117 for index=main
10-09-2026 14:03:22.497 +0000 INFO  TailReader - Batch input finished reading file='/var/log/app/app.log.2'
10-09-2026 14:03:22.953 +0000 WARN  TailReader - Could not send data to output queue (parsingQueue), retrying...
10-09-2026 14:03:24.326 +0000 WARN  DateParserVerbose - Failed to parse timestamp in first MAX_TIMESTAMP_LOOKAHEAD (128) characters of event. Defaulting to timestamp of previous event. Context: source=/var/log/app/batch.log|host=web02
10-09-2026 14:03:25.124 +0000 INFO  TailReader - Batch input finished reading file='/var/log/app/app.log.8'
10-09-2026 14:03:27.367 +0000 INFO  IndexProcessor - indexing bucket hot_v1_109 for index=main
10-09-2026 14:03:28.499 +0000 INFO  IndexProcessor - indexing bucket hot_v1_101 for index=main
10-09-2026 14:03:28.898 +0000 WARN  TailReader - Could not send data to output queue (parsingQueue), retrying...
10-09-2026 14:03:30.191 +0000 INFO  TailReader - Batch input finished reading file='/var/log/app/app.log.3'
10-09-2026 14:03:32.224 +0000 INFO  TailReader - Batch input finished reading file='/var/log/app/app.log.5'
10-09-2026 14:03:33.396 +0000 INFO  IndexProcessor - indexing bucket hot_v1_114 for index=main
10-09-2026 14:03:33.782 +0000 WARN  TailReader - Could not send data to output queue (parsingQueue), retrying...
10-09-2026 14:03:35.266 +0000 INFO  TailReader - Batch input finished reading file='/var/log/app/app.log.1'
10-09-2026 14:03:36.822 +0000 ERROR ExecProcessor - message from "/opt/splunk/bin/python3 /opt/splunk/etc/apps/TA-x/bin/poll.py" requests.exceptions.ConnectionError: timeout
10-09-2026 14:03:37.466 +0000 INFO  TailReader - Batch input finished reading file='/var/log/app/app.log.7'
10-09-2026 14:03:38.361 +0000 INFO  IndexProcessor - indexing bucket hot_v1_107 for index=main
10-09-2026 14:03:38.599 +0000 WARN  TailReader - Could not send data to output queue (parsingQueue), retrying...
10-09-2026 14:03:40.965 +0000 INFO  TailReader - Batch input finished reading file='/var/log/app/app.log.3'
10-09-2026 14:03:41.685 +0000 WARN  DateParserVerbose - Failed to parse timestamp in first MAX_TIMESTAMP_LOOKAHEAD (128) characters of event. Defaulting to timestamp of previous event. Context: source=/var/log/app/batch.log|host=web04
10-09-2026 14:03:42.237 +0000 INFO  TailReader - Batch input finished reading file='/var/log/app/app.log.1'
10-09-2026 14:03:44.323 +0000 INFO  IndexProcessor - indexing bucket hot_v1_115 for index=main
10-09-2026 14:03:44.982 +0000 WARN  TailReader - Could not send data to output queue (parsingQueue), retrying...
10-09-2026 14:03:47.719 +0000 INFO  IndexProcessor - indexing bucket hot_v1_112 for index=main
10-09-2026 14:03:47.536 +0000 INFO  IndexProcessor - indexing bucket hot_v1_114 for index=main
10-09-2026 14:03:49.058 +0000 INFO  TailReader - Batch input finished reading file='/var/log/app/app.log.4'
10-09-2026 14:03:51.397 +0000 INFO  IndexProcessor - indexing bucket hot_v1_104 for index=main
10-09-2026 14:03:52.973 +0000 INFO  TailReader - Batch input finished reading file='/var/log/app/app.log.7'
10-09-2026 14:03:53.850 +0000 INFO  TailReader - Batch input finished reading file='/var/log/app/app.log.3'
10-09-2026 14:03:55.972 +0000 INFO  IndexProcessor - indexing bucket hot_v1_112 for index=main
10-09-2026 14:03:55.408 +0000 WARN  TailReader - Could not send data to output queue (parsingQueue), retrying...
10-09-2026 14:03:55.220 +0000 INFO  IndexProcessor - indexing bucket hot_v1_105 for index=main
10-09-2026 14:03:57.390 +0000 INFO  IndexProcessor - indexing bucket hot_v1_119 for index=main
10-09-2026 14:03:59.717 +0000 INFO  TailReader - Batch input finished reading file='/var/log/app/app.log.4'
10-09-2026 14:04:01.128 +0000 INFO  IndexProcessor - indexing bucket hot_v1_116 for index=main
10-09-2026 14:04:02.687 +0000 INFO  IndexProcessor - indexing bucket hot_v1_120 for index=main
10-09-2026 14:04:04.770 +0000 INFO  TailReader - Batch input finished reading file='/var/log/app/app.log.9'
10-09-2026 14:04:05.189 +0000 INFO  TailReader - Batch input finished reading file='/var/log/app/app.log.5'
10-09-2026 14:04:05.247 +0000 WARN  TailReader - Could not send data to output queue (parsingQueue), retrying...
10-09-2026 14:04:07.574 +0000 INFO  TailReader - Batch input finished reading file='/var/log/app/app.log.3'
10-09-2026 14:04:08.772 +0000 INFO  TailReader - Batch input finished reading file='/var/log/app/app.log.5'
10-09-2026 14:04:10.323 +0000 WARN  DateParserVerbose - Failed to parse timestamp in first MAX_TIMESTAMP_LOOKAHEAD (128) characters of event. Defaulting to timestamp of previous event. Context: source=/var/log/app/batch.log|host=web04
10-09-2026 14:04:10.761 +0000 WARN  TailReader - Could not send data to output queue (parsingQueue), retrying...
10-09-2026 14:04:12.266 +0000 WARN  DateParserVerbose - Failed to parse timestamp in first MAX_TIMESTAMP_LOOKAHEAD (128) characters of event. Defaulting to timestamp of previous event. Context: source=/var/log/app/batch.log|host=web04
10-09-2026 14:04:12.501 +0000 WARN  TailReader - Could not send data to output queue (parsingQueue), retrying...
10-09-2026 14:04:13.568 +0000 INFO  TailReader - Batch input finished reading file='/var/log/app/app.log.3'
10-09-2026 14:04:15.269 +0000 INFO  TailReader - Batch input finished reading file='/var/log/app/app.log.4'
10-09-2026 14:04:15.210 +0000 WARN  TailReader - Could not send data to output queue (parsingQueue), retrying...
10-09-2026 14:04:15.914 +0000 INFO  TailReader - Batch input finished reading file='/var/log/app/app.log.4'
10-09-2026 14:04:17.407 +0000 INFO  TailReader - Batch input finished reading file='/var/log/app/app.log.7'
10-09-2026 14:04:17.309 +0000 WARN  TailReader - Could not send data to output queue (parsingQueue), retrying...
10-09-2026 14:04:18.494 +0000 WARN  DateParserVerbose - Failed to parse timestamp in first MAX_TIMESTAMP_LOOKAHEAD (128) characters of event. Defaulting to timestamp of previous event. Context: source=/var/log/app/batch.log|host=web01
10-09-2026 14:04:18.969 +0000 WARN  TailReader - Could not send data to output queue (parsingQueue), retrying...
10-09-2026 14:04:19.223 +0000 INFO  IndexProcessor - indexing bucket hot_v1_108 for index=main
10-09-2026 14:04:19.175 +0000 WARN  TcpOutputFd - Connection to host=10.0.2.5:9997 failed. Read operation timed out expecting ACK
10-09-2026 14:04:21.747 +0000 INFO  IndexProcessor - indexing bucket hot_v1_114 for index=main
10-09-2026 14:04:21.067 +0000 WARN  TailReader - Could not send data to output queue (parsingQueue), retrying...
10-09-2026 14:04:23.403 +0000 WARN  DateParserVerbose - Failed to parse timestamp in first MAX_TIMESTAMP_LOOKAHEAD (128) characters of event. Defaulting to timestamp of previous event. Context: source=/var/log/app/batch.log|host=web04
10-09-2026 14:04:26.500 +0000 INFO  IndexProcessor - indexing bucket hot_v1_100 for index=main
10-09-2026 14:04:26.815 +0000 INFO  IndexProcessor - indexing bucket hot_v1_103 for index=main
10-09-2026 14:04:28.266 +0000 INFO  TailReader - Batch input finished reading file='/var/log/app/app.log.4'
10-09-2026 14:04:29.674 +0000 WARN  DateParserVerbose - Failed to parse timestamp in first MAX_TIMESTAMP_LOOKAHEAD (128) characters of event. Defaulting to timestamp of previous event. Context: source=/var/log/app/batch.log|host=web01
10-09-2026 14:04:30.009 +0000 INFO  TailReader - Batch input finished reading file='/var/log/app/app.log.4'
10-09-2026 14:04:30.533 +0000 WARN  TailReader - Could not send data to output queue (parsingQueue), retrying...
10-09-2026 14:04:31.551 +0000 INFO  TailReader - Batch input finished reading file='/var/log/app/app.log.2'
10-09-2026 14:04:32.713 +0000 INFO  TailReader - Batch input finished reading file='/var/log/app/app.log.2'
10-09-2026 14:04:32.040 +0000 WARN  TailReader - Could not send data to output queue (parsingQueue), retrying...
10-09-2026 14:04:33.622 +0000 INFO  TailReader - Batch input finished reading file='/var/log/app/app.log.2'
10-09-2026 14:04:34.596 +0000 INFO  TailReader - Batch input finished reading file='/var/log/app/app.log.2'
10-09-2026 14:04:36.194 +0000 WARN  DateParserVerbose - Failed to parse timestamp in first MAX_TIMESTAMP_LOOKAHEAD (128) characters of event. Defaulting to timestamp of previous event. Context: source=/var/log/app/batch.log|host=web02
10-09-2026 14:04:36.009 +0000 WARN  TailReader - Could not send data to output queue (parsingQueue), retrying...
10-09-2026 14:04:37.805 +0000 INFO  TailReader - Batch input finished reading file='/var/log/app/app.log.6'
10-09-2026 14:04:38.052 +0000 INFO  TailReader - Batch input finished reading file='/var/log/app/app.log.6'
10-09-2026 14:04:40.557 +0000 INFO  TailReader - Batch input finished reading file='/var/log/app/app.log.7'
10-09-2026 14:04:42.640 +0000 INFO  TailReader - Batch input finished reading file='/var/log/app/app.log.8'
10-09-2026 14:04:44.067 +0000 INFO  TailReader - Batch input finished reading file='/var/log/app/app.log.4'
10-09-2026 14:04:45.025 +0000 INFO  TailReader - Batch input finished reading file='/var/log/app/app.log.6'
10-09-2026 14:04:46.329 +0000 INFO  IndexProcessor - indexing bucket hot_v1_119 for index=main
10-09-2026 14:04:46.010 +0000 WARN  TailReader - Could not send data to output queue (parsingQueue), retrying...
10-09-2026 14:04:47.851 +0000 INFO  TailReader - Batch input finished reading file='/var/log/app/app.log.5'
10-09-2026 14:04:47.327 +0000 WARN  TailReader - Could not send data to output queue (parsingQueue), retrying...
10-09-2026 14:04:48.392 +0000 INFO  TailReader - Batch input finished reading file='/var/log/app/app.log.5'
10-09-2026 14:04:48.324 +0000 WARN  TailReader - Could not send data to output queue (parsingQueue), retrying...
10-09-2026 14:04:51.077 +0000 INFO  TailReader - Batch input finished reading file='/var/log/app/app.log.8'
10-09-2026 14:04:53.660 +0000 INFO  IndexProcessor - indexing bucket hot_v1_108 for index=main
10-09-2026 14:04:55.729 +0000 INFO  TailReader - Batch input finished reading file='/var/log/app/app.log.7'
10-09-2026 14:04:55.341 +0000 WARN  TailReader - Could not send data to output queue (parsingQueue), retrying...
10-09-2026 14:04:56.589 +0000 WARN  DateParserVerbose - Failed to parse timestamp in first MAX_TIMESTAMP_LOOKAHEAD (128) characters of event. Defaulting to timestamp of previous event. Context: source=/var/log/app/batch.log|host=web02
10-09-2026 14:04:59.053 +0000 WARN  DateParserVerbose - Failed to parse timestamp in first MAX_TIMESTAMP_LOOKAHEAD (128) characters of event. Defaulting to timestamp of previous event. Context: source=/var/log/app/batch.log|host=web03
10-09-2026 14:04:59.822 +0000 INFO  IndexProcessor - indexing bucket hot_v1_104 for index=main
10-09-2026 14:04:59.066 +0000 WARN  TailReader - Could not send data to output queue (parsingQueue), retrying...
10-09-2026 14:05:01.786 +0000 WARN  DateParserVerbose - Failed to parse timestamp in first MAX_TIMESTAMP_LOOKAHEAD (128) characters of event. Defaulting to timestamp of previous event. Context: source=/var/log/app/batch.log|host=web04
10-09-2026 14:05:02.949 +0000 WARN  DateParserVerbose - Failed to parse timestamp in first MAX_TIMESTAMP_LOOKAHEAD (128) characters of event. Defaulting to timestamp of previous event. Context: source=/var/log/app/batch.log|host=web01
10-09-2026 14:05:02.585 +0000 WARN  TailReader - Could not send data to output queue (parsingQueue), retrying...
10-09-2026 14:05:04.673 +0000 INFO  TailReader - Batch input finished reading file='/var/log/app/app.log.7'
10-09-2026 14:05:06.191 +0000 INFO  TailReader - Batch input finished reading file='/var/log/app/app.log.7'
10-09-2026 14:05:07.619 +0000 INFO  IndexProcessor - indexing bucket hot_v1_115 for index=main
10-09-2026 14:05:08.316 +0000 INFO  TailReader - Batch input finished reading file='/var/log/app/app.log.3'
10-09-2026 14:05:08.055 +0000 WARN  TailReader - Could not send data to output queue (parsingQueue), retrying...
10-09-2026 14:05:11.944 +0000 INFO  TailReader - Batch input finished reading file='/var/log/app/app.log.6'
10-09-2026 14:05:11.054 +0000 WARN  TailReader - Could not send data to output queue (parsingQueue), retrying...
10-09-2026 14:05:11.241 +0000 INFO  IndexProcessor - indexing bucket hot_v1_115 for index=main
10-09-2026 14:05:11.753 +0000 WARN  TailReader - Could not send data to output queue (parsingQueue), retrying...
10-09-2026 14:08:41.311 +0000 INFO  IndexProcessor - indexing bucket hot_v1_118 for index=main
10-09-2026 14:08:41.283 +0000 INFO  loader - Splunkd starting (build 1fff88043d5f).
10-09-2026 14:08:41.355 +0000 INFO  ServerConfig - My GUID is 4F1E-ABCD, server name is idx01
10-09-2026 14:08:41.708 +0000 WARN  DateParserVerbose - Failed to parse timestamp in first MAX_TIMESTAMP_LOOKAHEAD (128) characters of event. Defaulting to timestamp of previous event. Context: source=/var/log/app/batch.log|host=web03
10-09-2026 14:08:41.251 +0000 INFO  loader - Splunkd starting (build 1fff88043d5f).
10-09-2026 14:08:41.506 +0000 INFO  ServerConfig - My GUID is 4F1E-ABCD, server name is idx01
10-09-2026 14:08:43.017 +0000 INFO  IndexProcessor - indexing bucket hot_v1_101 for index=main
10-09-2026 14:08:44.101 +0000 INFO  IndexProcessor - indexing bucket hot_v1_113 for index=main
10-09-2026 14:08:46.083 +0000 INFO  IndexProcessor - indexing bucket hot_v1_107 for index=main
10-09-2026 14:08:48.059 +0000 INFO  TailReader - Batch input finished reading file='/var/log/app/app.log.4'
10-09-2026 14:08:50.171 +0000 INFO  TailReader - Batch input finished reading file='/var/log/app/app.log.1'
10-09-2026 14:08:50.942 +0000 ERROR ExecProcessor - message from "/opt/splunk/bin/python3 /opt/splunk/etc/apps/TA-x/bin/poll.py" requests.exceptions.ConnectionError: timeout
10-09-2026 14:08:51.017 +0000 INFO  IndexProcessor - indexing bucket hot_v1_105 for index=main
10-09-2026 14:08:53.991 +0000 INFO  TailReader - Batch input finished reading file='/var/log/app/app.log.3'
10-09-2026 14:08:54.447 +0000 INFO  TailReader - Batch input finished reading file='/var/log/app/app.log.4'
10-09-2026 14:08:57.289 +0000 INFO  TailReader - Batch input finished reading file='/var/log/app/app.log.2'
10-09-2026 14:08:58.054 +0000 WARN  DateParserVerbose - Failed to parse timestamp in first MAX_TIMESTAMP_LOOKAHEAD (128) characters of event. Defaulting to timestamp of previous event. Context: source=/var/log/app/batch.log|host=web03
10-09-2026 14:08:59.013 +0000 INFO  IndexProcessor - indexing bucket hot_v1_110 for index=main
10-09-2026 14:09:01.370 +0000 ERROR ExecProcessor - message from "/opt/splunk/bin/python3 /opt/splunk/etc/apps/TA-x/bin/poll.py" requests.exceptions.ConnectionError: timeout
10-09-2026 14:09:02.463 +0000 ERROR ExecProcessor - message from "/opt/splunk/bin/python3 /opt/splunk/etc/apps/TA-x/bin/poll.py" requests.exceptions.ConnectionError: timeout
10-09-2026 14:09:03.140 +0000 INFO  TailReader - Batch input finished reading file='/var/log/app/app.log.6'
10-09-2026 14:09:05.268 +0000 INFO  IndexProcessor - indexing bucket hot_v1_108 for index=main
10-09-2026 14:09:07.654 +0000 WARN  DateParserVerbose - Failed to parse timestamp in first MAX_TIMESTAMP_LOOKAHEAD (128) characters of event. Defaulting to timestamp of previous event. Context: source=/var/log/app/batch.log|host=web01
10-09-2026 14:09:08.440 +0000 INFO  TailReader - Batch input finished reading file='/var/log/app/app.log.4'
10-09-2026 14:09:09.714 +0000 INFO  TailReader - Batch input finished reading file='/var/log/app/app.log.7'
10-09-2026 14:09:12.081 +0000 INFO  TailReader - Batch input finished reading file='/var/log/app/app.log.4'
10-09-2026 14:09:13.023 +0000 INFO  TailReader - Batch input finished reading file='/var/log/app/app.log.7'
10-09-2026 14:09:14.941 +0000 INFO  TailReader - Batch input finished reading file='/var/log/app/app.log.1'
10-09-2026 14:09:17.428 +0000 INFO  TailReader - Batch input finished reading file='/var/log/app/app.log.1'
10-09-2026 14:09:18.748 +0000 ERROR ExecProcessor - message from "/opt/splunk/bin/python3 /opt/splunk/etc/apps/TA-x/bin/poll.py" requests.exceptions.ConnectionError: timeout
10-09-2026 14:09:19.227 +0000 WARN  DateParserVerbose - Failed to parse timestamp in first MAX_TIMESTAMP_LOOKAHEAD (128) characters of event. Defaulting to timestamp of previous event. Context: source=/var/log/app/batch.log|host=web01
10-09-2026 14:09:20.118 +0000 INFO  TailReader - Batch input finished reading file='/var/log/app/app.log.1'
10-09-2026 14:09:21.015 +0000 INFO  IndexProcessor - indexing bucket hot_v1_102 for index=main
10-09-2026 14:09:23.867 +0000 INFO  IndexProcessor - indexing bucket hot_v1_110 for index=main
10-09-2026 14:09:24.629 +0000 INFO  TailReader - Batch input finished reading file='/var/log/app/app.log.1'
10-09-2026 14:09:25.385 +0000 INFO  TailReader - Batch input finished reading file='/var/log/app/app.log.9'
10-09-2026 14:09:27.234 +0000 INFO  TailReader - Batch input finished reading file='/var/log/app/app.log.3'
10-09-2026 14:09:29.748 +0000 INFO  TailReader - Batch input finished reading file='/var/log/app/app.log.4'
10-09-2026 14:09:31.438 +0000 INFO  TailReader - Batch input finished reading file='/var/log/app/app.log.8'
10-09-2026 14:09:34.228 +0000 INFO  TailReader - Batch input finished reading file='/var/log/app/app.log.2'
10-09-2026 14:09:34.016 +0000 ERROR ExecProcessor - message from "/opt/splunk/bin/python3 /opt/splunk/etc/apps/TA-x/bin/poll.py" requests.exceptions.ConnectionError: timeout
10-09-2026 14:09:36.385 +0000 INFO  IndexProcessor - indexing bucket hot_v1_101 for index=main
10-09-2026 14:09:37.969 +0000 INFO  IndexProcessor - indexing bucket hot_v1_104 for index=main
10-09-2026 14:09:40.456 +0000 INFO  TailReader - Batch input finished reading file='/var/log/app/app.log.5'
10-09-2026 14:09:42.969 +0000 INFO  TailReader - Batch input finished reading file='/var/log/app/app.log.7'
10-09-2026 14:09:44.984 +0000 INFO  TailReader - Batch input finished reading file='/var/log/app/app.log.7'
10-09-2026 14:09:46.305 +0000 INFO  TailReader - Batch input finished reading file='/var/log/app/app.log.8'
10-09-2026 14:09:46.538 +0000 INFO  IndexProcessor - indexing bucket hot_v1_115 for index=main
10-09-2026 14:09:47.090 +0000 INFO  IndexProcessor - indexing bucket hot_v1_109 for index=main
10-09-2026 14:09:48.734 +0000 INFO  IndexProcessor - indexing bucket hot_v1_110 for index=main
10-09-2026 14:09:50.422 +0000 INFO  IndexProcessor - indexing bucket hot_v1_118 for index=main
10-09-2026 14:09:52.632 +0000 INFO  IndexProcessor - indexing bucket hot_v1_112 for index=main
10-09-2026 14:09:54.819 +0000 INFO  IndexProcessor - indexing bucket hot_v1_105 for index=main
10-09-2026 14:09:55.143 +0000 WARN  DateParserVerbose - Failed to parse timestamp in first MAX_TIMESTAMP_LOOKAHEAD (128) characters of event. Defaulting to timestamp of previous event. Context: source=/var/log/app/batch.log|host=web01
10-09-2026 14:09:56.835 +0000 WARN  DateParserVerbose - Failed to parse timestamp in first MAX_TIMESTAMP_LOOKAHEAD (128) characters of event. Defaulting to timestamp of previous event. Context: source=/var/log/app/batch.log|host=web03
10-09-2026 14:09:58.510 +0000 INFO  IndexProcessor - indexing bucket hot_v1_116 for index=main
10-09-2026 14:09:59.515 +0000 INFO  IndexProcessor - indexing bucket hot_v1_108 for index=main
10-09-2026 14:10:00.740 +0000 INFO  IndexProcessor - indexing bucket hot_v1_106 for index=main
10-09-2026 14:10:02.627 +0000 INFO  TailReader - Batch input finished reading file='/var/log/app/app.log.3'
10-09-2026 14:10:03.465 +0000 INFO  TailReader - Batch input finished reading file='/var/log/app/app.log.8'
10-09-2026 14:10:04.468 +0000 INFO  TailReader - Batch input finished reading file='/var/log/app/app.log.9'
10-09-2026 14:10:07.415 +0000 INFO  IndexProcessor - indexing bucket hot_v1_111 for index=main
10-09-2026 14:10:08.097 +0000 INFO  TailReader - Batch input finished reading file='/var/log/app/app.log.8'
10-09-2026 14:10:10.942 +0000 INFO  TailReader - Batch input finished reading file='/var/log/app/app.log.1'
10-09-2026 14:10:12.910 +0000 INFO  TailReader - Batch input finished reading file='/var/log/app/app.log.9'
10-09-2026 14:10:13.485 +0000 INFO  TailReader - Batch input finished reading file='/var/log/app/app.log.7'
10-09-2026 14:10:14.535 +0000 INFO  IndexProcessor - indexing bucket hot_v1_112 for index=main
10-09-2026 14:10:16.051 +0000 INFO  TailReader - Batch input finished reading file='/var/log/app/app.log.3'
10-09-2026 14:10:18.241 +0000 INFO  TailReader - Batch input finished reading file='/var/log/app/app.log.8'
10-09-2026 14:10:20.923 +0000 INFO  TailReader - Batch input finished reading file='/var/log/app/app.log.4'
10-09-2026 14:10:21.219 +0000 INFO  IndexProcessor - indexing bucket hot_v1_109 for index=main
10-09-2026 14:10:22.781 +0000 ERROR ExecProcessor - message from "/opt/splunk/bin/python3 /opt/splunk/etc/apps/TA-x/bin/poll.py" requests.exceptions.ConnectionError: timeout
10-09-2026 14:10:22.856 +0000 INFO  TailReader - Batch input finished reading file='/var/log/app/app.log.8'
10-09-2026 14:10:25.621 +0000 INFO  TailReader - Batch input finished reading file='/var/log/app/app.log.3'
10-09-2026 14:10:25.712 +0000 INFO  TailReader - Batch input finished reading file='/var/log/app/app.log.6'
10-09-2026 14:10:27.526 +0000 INFO  IndexProcessor - indexing bucket hot_v1_106 for index=main
10-09-2026 14:10:29.045 +0000 INFO  IndexProcessor - indexing bucket hot_v1_117 for index=main
10-09-2026 14:10:30.178 +0000 INFO  TailReader - Batch input finished reading file='/var/log/app/app.log.9'
10-09-2026 14:10:32.190 +0000 INFO  TailReader - Batch input finished reading file='/var/log/app/app.log.2'
10-09-2026 14:10:33.097 +0000 WARN  DateParserVerbose - Failed to parse timestamp in first MAX_TIMESTAMP_LOOKAHEAD (128) characters of event. Defaulting to timestamp of previous event. Context: source=/var/log/app/batch.log|host=web04
10-09-2026 14:10:34.054 +0000 INFO  IndexProcessor - indexing bucket hot_v1_104 for index=main
10-09-2026 14:10:37.673 +0000 WARN  DateParserVerbose - Failed to parse timestamp in first MAX_TIMESTAMP_LOOKAHEAD (128) characters of event. Defaulting to timestamp of previous event. Context: source=/var/log/app/batch.log|host=web04
10-09-2026 14:10:38.906 +0000 INFO  IndexProcessor - indexing bucket hot_v1_118 for index=main
10-09-2026 14:10:39.985 +0000 INFO  TailReader - Batch input finished reading file='/var/log/app/app.log.6'
10-09-2026 14:10:40.267 +0000 INFO  IndexProcessor - indexing bucket hot_v1_107 for index=main
10-09-2026 14:10:41.997 +0000 INFO  TailReader - Batch input finished reading file='/var/log/app/app.log.5'
10-09-2026 14:10:42.907 +0000 INFO  IndexProcessor - indexing bucket hot_v1_112 for index=main
10-09-2026 14:10:44.060 +0000 INFO  TailReader - Batch input finished reading file='/var/log/app/app.log.4'
10-09-2026 14:10:45.930 +0000 INFO  TailReader - Batch input finished reading file='/var/log/app/app.log.9'
10-09-2026 14:10:48.218 +0000 INFO  IndexProcessor - indexing bucket hot_v1_105 for index=main
10-09-2026 14:10:50.835 +0000 INFO  IndexProcessor - indexing bucket hot_v1_103 for index=main
10-09-2026 14:10:52.932 +0000 INFO  IndexProcessor - indexing bucket hot_v1_107 for index=main
10-09-2026 14:10:54.845 +0000 INFO  TailReader - Batch input finished reading file='/var/log/app/app.log.2'
10-09-2026 14:10:56.084 +0000 INFO  IndexProcessor - indexing bucket hot_v1_106 for index=main
10-09-2026 14:10:58.942 +0000 INFO  TailReader - Batch input finished reading file='/var/log/app/app.log.5'
10-09-2026 14:11:00.354 +0000 INFO  TailReader - Batch input finished reading file='/var/log/app/app.log.9'
10-09-2026 14:11:02.829 +0000 WARN  DateParserVerbose - Failed to parse timestamp in first MAX_TIMESTAMP_LOOKAHEAD (128) characters of event. Defaulting to timestamp of previous event. Context: source=/var/log/app/batch.log|host=web02
10-09-2026 14:11:04.032 +0000 WARN  DateParserVerbose - Failed to parse timestamp in first MAX_TIMESTAMP_LOOKAHEAD (128) characters of event. Defaulting to timestamp of previous event. Context: source=/var/log/app/batch.log|host=web04
10-09-2026 14:11:05.140 +0000 INFO  TailReader - Batch input finished reading file='/var/log/app/app.log.5'
10-09-2026 14:11:06.916 +0000 ERROR ExecProcessor - message from "/opt/splunk/bin/python3 /opt/splunk/etc/apps/TA-x/bin/poll.py" requests.exceptions.ConnectionError: timeout
10-09-2026 14:11:08.337 +0000 WARN  DateParserVerbose - Failed to parse timestamp in first MAX_TIMESTAMP_LOOKAHEAD (128) characters of event. Defaulting to timestamp of previous event. Context: source=/var/log/app/batch.log|host=web01
10-09-2026 14:11:10.157 +0000 INFO  TailReader - Batch input finished reading file='/var/log/app/app.log.5'
10-09-2026 14:11:11.534 +0000 INFO  IndexProcessor - indexing bucket hot_v1_118 for index=main
10-09-2026 14:11:13.752 +0000 INFO  IndexProcessor - indexing bucket hot_v1_103 for index=main
10-09-2026 14:11:13.971 +0000 INFO  TailReader - Batch input finished reading file='/var/log/app/app.log.4'
10-09-2026 14:11:15.948 +0000 INFO  TailReader - Batch input finished reading file='/var/log/app/app.log.3'
10-09-2026 14:11:15.049 +0000 ERROR ExecProcessor - message from "/opt/splunk/bin/python3 /opt/splunk/etc/apps/TA-x/bin/poll.py" requests.exceptions.ConnectionError: timeout
10-09-2026 14:11:16.667 +0000 INFO  IndexProcessor - indexing bucket hot_v1_101 for index=main
10-09-2026 14:11:18.540 +0000 INFO  TailReader - Batch input finished reading file='/var/log/app/app.log.7'
10-09-2026 14:11:19.898 +0000 WARN  DateParserVerbose - Failed to parse timestamp in first MAX_TIMESTAMP_LOOKAHEAD (128) characters of event. Defaulting to timestamp of previous event. Context: source=/var/log/app/batch.log|host=web04
10-09-2026 14:11:20.376 +0000 INFO  TailReader - Batch input finished reading file='/var/log/app/app.log.1'
10-09-2026 14:11:22.692 +0000 INFO  TailReader - Batch input finished reading file='/var/log/app/app.log.9'
10-09-2026 14:11:24.966 +0000 INFO  TailReader - Batch input finished reading file='/var/log/app/app.log.1'
10-09-2026 14:11:25.134 +0000 INFO  IndexProcessor - indexing bucket hot_v1_118 for index=main
10-09-2026 14:11:26.565 +0000 INFO  IndexProcessor - indexing bucket hot_v1_118 for index=main
10-09-2026 14:11:27.733 +0000 INFO  TailReader - Batch input finished reading file='/var/log/app/app.log.2'
10-09-2026 14:11:29.655 +0000 INFO  TailReader - Batch input finished reading file='/var/log/app/app.log.9'
10-09-2026 14:11:30.462 +0000 INFO  TailReader - Batch input finished reading file='/var/log/app/app.log.5'
10-09-2026 14:11:31.331 +0000 ERROR ExecProcessor - message from "/opt/splunk/bin/python3 /opt/splunk/etc/apps/TA-x/bin/poll.py" requests.exceptions.ConnectionError: timeout
10-09-2026 14:11:32.280 +0000 INFO  IndexProcessor - indexing bucket hot_v1_109 for index=main
10-09-2026 14:11:33.870 +0000 INFO  IndexProcessor - indexing bucket hot_v1_105 for index=main
10-09-2026 14:11:35.400 +0000 INFO  IndexProcessor - indexing bucket hot_v1_105 for index=main
10-09-2026 14:11:36.452 +0000 INFO  TailReader - Batch input finished reading file='/var/log/app/app.log.7'
10-09-2026 14:11:37.820 +0000 INFO  TailReader - Batch input finished reading file='/var/log/app/app.log.6'
10-09-2026 14:11:38.248 +0000 INFO  TailReader - Batch input finished reading file='/var/log/app/app.log.2'
10-09-2026 14:11:40.904 +0000 INFO  IndexProcessor - indexing bucket hot_v1_106 for index=main
10-09-2026 14:11:42.799 +0000 WARN  DateParserVerbose - Failed to parse timestamp in first MAX_TIMESTAMP_LOOKAHEAD (128) characters of event. Defaulting to timestamp of previous event. Context: source=/var/log/app/batch.log|host=web01
10-09-2026 14:11:44.679 +0000 INFO  TailReader - Batch input finished reading file='/var/log/app/app.log.4'
10-09-2026 14:11:45.127 +0000 ERROR ExecProcessor - message from "/opt/splunk/bin/python3 /opt/splunk/etc/apps/TA-x/bin/poll.py" requests.exceptions.ConnectionError: timeout
10-09-2026 14:11:46.208 +0000 INFO  TailReader - Batch input finished reading file='/var/log/app/app.log.9'
10-09-2026 14:11:47.239 +0000 INFO  TailReader - Batch input finished reading file='/var/log/app/app.log.4'
10-09-2026 14:11:48.973 +0000 INFO  TailReader - Batch input finished reading file='/var/log/app/app.log.6'
10-09-2026 14:11:49.376 +0000 WARN  DateParserVerbose - Failed to parse timestamp in first MAX_TIMESTAMP_LOOKAHEAD (128) characters of event. Defaulting to timestamp of previous event. Context: source=/var/log/app/batch.log|host=web01
10-09-2026 14:11:52.371 +0000 WARN  DateParserVerbose - Failed to parse timestamp in first MAX_TIMESTAMP_LOOKAHEAD (128) characters of event. Defaulting to timestamp of previous event. Context: source=/var/log/app/batch.log|host=web04
10-09-2026 14:11:53.366 +0000 WARN  DateParserVerbose - Failed to parse timestamp in first MAX_TIMESTAMP_LOOKAHEAD (128) characters of event. Defaulting to timestamp of previous event. Context: source=/var/log/app/batch.log|host=web02
10-09-2026 14:11:54.024 +0000 ERROR ExecProcessor - message from "/opt/splunk/bin/python3 /opt/splunk/etc/apps/TA-x/bin/poll.py" requests.exceptions.ConnectionError: timeout
10-09-2026 14:11:56.381 +0000 WARN  DateParserVerbose - Failed to parse timestamp in first MAX_TIMESTAMP_LOOKAHEAD (128) characters of event. Defaulting to timestamp of previous event. Context: source=/var/log/app/batch.log|host=web02
10-09-2026 14:11:58.529 +0000 INFO  TailReader - Batch input finished reading file='/var/log/app/app.log.9'
10-09-2026 14:11:59.717 +0000 INFO  TailReader - Batch input finished reading file='/var/log/app/app.log.2'
10-09-2026 14:12:00.200 +0000 INFO  TailReader - Batch input finished reading file='/var/log/app/app.log.9'
10-09-2026 14:12:02.415 +0000 INFO  IndexProcessor - indexing bucket hot_v1_117 for index=main
10-09-2026 14:12:02.227 +0000 INFO  IndexProcessor - indexing bucket hot_v1_104 for index=main
10-09-2026 14:12:04.623 +0000 INFO  IndexProcessor - indexing bucket hot_v1_110 for index=main
10-09-2026 14:12:06.340 +0000 INFO  IndexProcessor - indexing bucket hot_v1_108 for index=main
10-09-2026 14:12:07.846 +0000 INFO  TailReader - Batch input finished reading file='/var/log/app/app.log.7'
10-09-2026 14:12:10.159 +0000 INFO  IndexProcessor - indexing bucket hot_v1_106 for index=main
10-09-2026 14:12:11.057 +0000 INFO  IndexProcessor - indexing bucket hot_v1_103 for index=main
10-09-2026 14:12:12.566 +0000 ERROR ExecProcessor - message from "/opt/splunk/bin/python3 /opt/splunk/etc/apps/TA-x/bin/poll.py" requests.exceptions.ConnectionError: timeout
10-09-2026 14:12:14.129 +0000 INFO  TailReader - Batch input finished reading file='/var/log/app/app.log.5'
10-09-2026 14:12:16.822 +0000 INFO  TailReader - Batch input finished reading file='/var/log/app/app.log.6'
10-09-2026 14:12:18.397 +0000 INFO  TailReader - Batch input finished reading file='/var/log/app/app.log.5'
10-09-2026 14:12:19.674 +0000 INFO  TailReader - Batch input finished reading file='/var/log/app/app.log.4'
10-09-2026 14:12:21.348 +0000 INFO  TailReader - Batch input finished reading file='/var/log/app/app.log.1'
10-09-2026 14:12:23.658 +0000 INFO  TailReader - Batch input finished reading file='/var/log/app/app.log.1'
10-09-2026 14:12:24.753 +0000 INFO  IndexProcessor - indexing bucket hot_v1_117 for index=main
10-09-2026 14:12:25.900 +0000 INFO  IndexProcessor - indexing bucket hot_v1_101 for index=main
10-09-2026 14:12:27.265 +0000 INFO  TailReader - Batch input finished reading file='/var/log/app/app.log.5'
10-09-2026 14:12:28.446 +0000 INFO  TailReader - Batch input finished reading file='/var/log/app/app.log.6'
10-09-2026 14:12:30.485 +0000 INFO  IndexProcessor - indexing bucket hot_v1_110 for index=main
10-09-2026 14:12:32.215 +0000 INFO  TailReader - Batch input finished reading file='/var/log/app/app.log.5'
10-09-2026 14:12:34.024 +0000 WARN  DateParserVerbose - Failed to parse timestamp in first MAX_TIMESTAMP_LOOKAHEAD (128) characters of event. Defaulting to timestamp of previous event. Context: source=/var/log/app/batch.log|host=web02
10-09-2026 14:12:35.301 +0000 INFO  IndexProcessor - indexing bucket hot_v1_108 for index=main
10-09-2026 14:12:36.976 +0000 INFO  IndexProcessor - indexing bucket hot_v1_119 for index=main
10-09-2026 14:12:37.821 +0000 INFO  TailReader - Batch input finished reading file='/var/log/app/app.log.3'
10-09-2026 14:12:38.892 +0000 INFO  TailReader - Batch input finished reading file='/var/log/app/app.log.5'
10-09-2026 14:12:39.971 +0000 INFO  IndexProcessor - indexing bucket hot_v1_108 for index=main
10-09-2026 14:12:41.977 +0000 INFO  TailReader - Batch input finished reading file='/var/log/app/app.log.5'
10-09-2026 14:12:42.555 +0000 INFO  TailReader - Batch input finished reading file='/var/log/app/app.log.8'
10-09-2026 14:12:44.579 +0000 INFO  TailReader - Batch input finished reading file='/var/log/app/app.log.6'
10-09-2026 14:12:46.735 +0000 INFO  IndexProcessor - indexing bucket hot_v1_104 for index=main
10-09-2026 14:12:47.392 +0000 INFO  TailReader - Batch input finished reading file='/var/log/app/app.log.2'
10-09-2026 14:12:49.758 +0000 INFO  TailReader - Batch input finished reading file='/var/log/app/app.log.8'
10-09-2026 14:12:51.167 +0000 INFO  IndexProcessor - indexing bucket hot_v1_106 for index=main
10-09-2026 14:12:52.585 +0000 INFO  IndexProcessor - indexing bucket hot_v1_104 for index=main
10-09-2026 14:12:55.463 +0000 INFO  IndexProcessor - indexing bucket hot_v1_115 for index=main
10-09-2026 14:12:56.103 +0000 INFO  IndexProcessor - indexing bucket hot_v1_108 for index=main
10-09-2026 14:12:58.602 +0000 INFO  TailReader - Batch input finished reading file='/var/log/app/app.log.7'
10-09-2026 14:12:59.549 +0000 INFO  IndexProcessor - indexing bucket hot_v1_118 for index=main
10-09-2026 14:13:00.977 +0000 INFO  TailReader - Batch input finished reading file='/var/log/app/app.log.3'
10-09-2026 14:13:02.752 +0000 INFO  TailReader - Batch input finished reading file='/var/log/app/app.log.8'
10-09-2026 14:13:03.838 +0000 INFO  TailReader - Batch input finished reading file='/var/log/app/app.log.7'
10-09-2026 14:13:06.742 +0000 INFO  IndexProcessor - indexing bucket hot_v1_108 for index=main
10-09-2026 14:13:08.875 +0000 INFO  IndexProcessor - indexing bucket hot_v1_116 for index=main
10-09-2026 14:13:09.198 +0000 INFO  TailReader - Batch input finished reading file='/var/log/app/app.log.7'
10-09-2026 14:13:10.421 +0000 INFO  IndexProcessor - indexing bucket hot_v1_112 for index=main
10-09-2026 14:13:11.398 +0000 INFO  IndexProcessor - indexing bucket hot_v1_114 for index=main
10-09-2026 14:13:12.535 +0000 INFO  TailReader - Batch input finished reading file='/var/log/app/app.log.6'
10-09-2026 14:13:14.699 +0000 INFO  TailReader - Batch input finished reading file='/var/log/app/app.log.2'
10-09-2026 14:13:14.840 +0000 INFO  TailReader - Batch input finished reading file='/var/log/app/app.log.5'
10-09-2026 14:13:16.823 +0000 INFO  IndexProcessor - indexing bucket hot_v1_102 for index=main
10-09-2026 14:13:18.245 +0000 ERROR ExecProcessor - message from "/opt/splunk/bin/python3 /opt/splunk/etc/apps/TA-x/bin/poll.py" requests.exceptions.ConnectionError: timeout
10-09-2026 14:13:20.355 +0000 INFO  TailReader - Batch input finished reading file='/var/log/app/app.log.2'
10-09-2026 14:13:21.012 +0000 INFO  IndexProcessor - indexing bucket hot_v1_118 for index=main
10-09-2026 14:13:23.602 +0000 INFO  TailReader - Batch input finished reading file='/var/log/app/app.log.3'
10-09-2026 14:13:25.791 +0000 INFO  IndexProcessor - indexing bucket hot_v1_103 for index=main
10-09-2026 14:13:27.368 +0000 WARN  DateParserVerbose - Failed to parse timestamp in first MAX_TIMESTAMP_LOOKAHEAD (128) characters of event. Defaulting to timestamp of previous event. Context: source=/var/log/app/batch.log|host=web01
10-09-2026 14:13:29.590 +0000 WARN  DateParserVerbose - Failed to parse timestamp in first MAX_TIMESTAMP_LOOKAHEAD (128) characters of event. Defaulting to timestamp of previous event. Context: source=/var/log/app/batch.log|host=web04
10-09-2026 14:13:30.384 +0000 WARN  DateParserVerbose - Failed to parse timestamp in first MAX_TIMESTAMP_LOOKAHEAD (128) characters of event. Defaulting to timestamp of previous event. Context: source=/var/log/app/batch.log|host=web04
10-09-2026 14:13:32.549 +0000 WARN  DateParserVerbose - Failed to parse timestamp in first MAX_TIMESTAMP_LOOKAHEAD (128) characters of event. Defaulting to timestamp of previous event. Context: source=/var/log/app/batch.log|host=web04
10-09-2026 14:13:33.801 +0000 WARN  DateParserVerbose - Failed to parse timestamp in first MAX_TIMESTAMP_LOOKAHEAD (128) characters of event. Defaulting to timestamp of previous event. Context: source=/var/log/app/batch.log|host=web02
10-09-2026 14:13:35.141 +0000 WARN  DateParserVerbose - Failed to parse timestamp in first MAX_TIMESTAMP_LOOKAHEAD (128) characters of event. Defaulting to timestamp of previous event. Context: source=/var/log/app/batch.log|host=web03
10-09-2026 14:13:37.367 +0000 WARN  DateParserVerbose - Failed to parse timestamp in first MAX_TIMESTAMP_LOOKAHEAD (128) characters of event. Defaulting to timestamp of previous event. Context: source=/var/log/app/batch.log|host=web03
10-09-2026 14:13:39.120 +0000 WARN  DateParserVerbose - Failed to parse timestamp in first MAX_TIMESTAMP_LOOKAHEAD (128) characters of event. Defaulting to timestamp of previous event. Context: source=/var/log/app/batch.log|host=web02
10-09-2026 14:13:41.417 +0000 ERROR ExecProcessor - message from "/opt/splunk/bin/python3 /opt/splunk/etc/apps/TA-x/bin/poll.py" requests.exceptions.ConnectionError: timeout
10-09-2026 14:13:42.968 +0000 INFO  IndexProcessor - indexing bucket hot_v1_111 for index=main
10-09-2026 14:13:44.021 +0000 INFO  TailReader - Batch input finished reading file='/var/log/app/app.log.8'
10-09-2026 14:13:46.137 +0000 INFO  IndexProcessor - indexing bucket hot_v1_119 for index=main
10-09-2026 14:13:47.094 +0000 INFO  IndexProcessor - indexing bucket hot_v1_109 for index=main
10-09-2026 14:13:48.253 +0000 INFO  TailReader - Batch input finished reading file='/var/log/app/app.log.2'
10-09-2026 14:13:50.473 +0000 INFO  IndexProcessor - indexing bucket hot_v1_112 for index=main
10-09-2026 14:13:52.066 +0000 WARN  DateParserVerbose - Failed to parse timestamp in first MAX_TIMESTAMP_LOOKAHEAD (128) characters of event. Defaulting to timestamp of previous event. Context: source=/var/log/app/batch.log|host=web04
10-09-2026 14:13:53.230 +0000 INFO  TailReader - Batch input finished reading file='/var/log/app/app.log.7'
10-09-2026 14:13:55.719 +0000 INFO  TailReader - Batch input finished reading file='/var/log/app/app.log.3'
10-09-2026 14:13:56.280 +0000 INFO  IndexProcessor - indexing bucket hot_v1_117 for index=main
10-09-2026 14:13:58.515 +0000 INFO  TailReader - Batch input finished reading file='/var/log/app/app.log.2'
10-09-2026 14:14:00.328 +0000 INFO  TailReader - Batch input finished reading file='/var/log/app/app.log.4'
10-09-2026 14:14:01.864 +0000 INFO  IndexProcessor - indexing bucket hot_v1_119 for index=main
10-09-2026 14:14:03.996 +0000 INFO  TailReader - Batch input finished reading file='/var/log/app/app.log.7'
10-09-2026 14:14:04.648 +0000 INFO  TailReader - Batch input finished reading file='/var/log/app/app.log.2'
10-09-2026 14:14:06.932 +0000 INFO  IndexProcessor - indexing bucket hot_v1_106 for index=main
10-09-2026 14:14:07.729 +0000 INFO  IndexProcessor - indexing bucket hot_v1_105 for index=main
10-09-2026 14:14:08.770 +0000 INFO  IndexProcessor - indexing bucket hot_v1_102 for index=main
10-09-2026 14:14:10.448 +0000 INFO  TailReader - Batch input finished reading file='/var/log/app/app.log.5'
10-09-2026 14:14:11.385 +0000 ERROR ExecProcessor - message from "/opt/splunk/bin/python3 /opt/splunk/etc/apps/TA-x/bin/poll.py" requests.exceptions.ConnectionError: timeout
10-09-2026 14:14:13.453 +0000 INFO  IndexProcessor - indexing bucket hot_v1_118 for index=main
10-09-2026 14:14:15.084 +0000 INFO  TailReader - Batch input finished reading file='/var/log/app/app.log.1'
10-09-2026 14:14:17.979 +0000 INFO  IndexProcessor - indexing bucket hot_v1_118 for index=main
10-09-2026 14:14:17.630 +0000 INFO  IndexProcessor - indexing bucket hot_v1_112 for index=main
10-09-2026 14:14:19.643 +0000 WARN  DateParserVerbose - Failed to parse timestamp in first MAX_TIMESTAMP_LOOKAHEAD (128) characters of event. Defaulting to timestamp of previous event. Context: source=/var/log/app/batch.log|host=web03
10-09-2026 14:14:20.941 +0000 ERROR ExecProcessor - message from "/opt/splunk/bin/python3 /opt/splunk/etc/apps/TA-x/bin/poll.py" requests.exceptions.ConnectionError: timeout
10-09-2026 14:14:21.185 +0000 WARN  DateParserVerbose - Failed to parse timestamp in first MAX_TIMESTAMP_LOOKAHEAD (128) characters of event. Defaulting to timestamp of previous event. Context: source=/var/log/app/batch.log|host=web01
10-09-2026 14:14:22.946 +0000 INFO  TailReader - Batch input finished reading file='/var/log/app/app.log.8'
10-09-2026 14:14:23.113 +0000 WARN  DateParserVerbose - Failed to parse timestamp in first MAX_TIMESTAMP_LOOKAHEAD (128) characters of event. Defaulting to timestamp of previous event. Context: source=/var/log/app/batch.log|host=web03
10-09-2026 14:14:25.885 +0000 INFO  TailReader - Batch input finished reading file='/var/log/app/app.log.6'
10-09-2026 14:14:27.064 +0000 INFO  TailReader - Batch input finished reading file='/var/log/app/app.log.6'
10-09-2026 14:14:28.595 +0000 INFO  TailReader - Batch input finished reading file='/var/log/app/app.log.3'
10-09-2026 14:14:29.892 +0000 ERROR ExecProcessor - message from "/opt/splunk/bin/python3 /opt/splunk/etc/apps/TA-x/bin/poll.py" requests.exceptions.ConnectionError: timeout
10-09-2026 14:14:30.066 +0000 INFO  TailReader - Batch input finished reading file='/var/log/app/app.log.9'
10-09-2026 14:14:31.852 +0000 WARN  DateParserVerbose - Failed to parse timestamp in first MAX_TIMESTAMP_LOOKAHEAD (128) characters of event. Defaulting to timestamp of previous event. Context: source=/var/log/app/batch.log|host=web04
10-09-2026 14:14:34.099 +0000 INFO  IndexProcessor - indexing bucket hot_v1_100 for index=main
10-09-2026 14:14:35.347 +0000 INFO  IndexProcessor - indexing bucket hot_v1_108 for index=main
10-09-2026 14:14:36.699 +0000 WARN  DateParserVerbose - Failed to parse timestamp in first MAX_TIMESTAMP_LOOKAHEAD (128) characters of event. Defaulting to timestamp of previous event. Context: source=/var/log/app/batch.log|host=web02
10-09-2026 14:14:37.491 +0000 INFO  TailReader - Batch input finished reading file='/var/log/app/app.log.8'
10-09-2026 14:14:38.086 +0000 INFO  IndexProcessor - indexing bucket hot_v1_114 for index=main
10-09-2026 14:14:40.989 +0000 INFO  TailReader - Batch input finished reading file='/var/log/app/app.log.6'
10-09-2026 14:14:42.617 +0000 INFO  TailReader - Batch input finished reading file='/var/log/app/app.log.8'
10-09-2026 14:14:42.796 +0000 WARN  DateParserVerbose - Failed to parse timestamp in first MAX_TIMESTAMP_LOOKAHEAD (128) characters of event. Defaulting to timestamp of previous event. Context: source=/var/log/app/batch.log|host=web01
10-09-2026 14:14:45.792 +0000 INFO  TailReader - Batch input finished reading file='/var/log/app/app.log.1'
10-09-2026 14:14:47.738 +0000 ERROR ExecProcessor - message from "/opt/splunk/bin/python3 /opt/splunk/etc/apps/TA-x/bin/poll.py" requests.exceptions.ConnectionError: timeout
10-09-2026 14:14:48.991 +0000 INFO  TailReader - Batch input finished reading file='/var/log/app/app.log.7'
10-09-2026 14:14:49.186 +0000 INFO  TailReader - Batch input finished reading file='/var/log/app/app.log.4'
10-09-2026 14:14:51.288 +0000 INFO  TailReader - Batch input finished reading file='/var/log/app/app.log.7'
10-09-2026 14:14:53.788 +0000 WARN  DateParserVerbose - Failed to parse timestamp in first MAX_TIMESTAMP_LOOKAHEAD (128) characters of event. Defaulting to timestamp of previous event. Context: source=/var/log/app/batch.log|host=web02
10-09-2026 14:14:54.985 +0000 INFO  IndexProcessor - indexing bucket hot_v1_101 for index=main
10-09-2026 14:14:54.594 +0000 INFO  IndexProcessor - indexing bucket hot_v1_119 for index=main
10-09-2026 14:14:56.325 +0000 INFO  IndexProcessor - indexing bucket hot_v1_113 for index=main
10-09-2026 14:14:58.170 +0000 INFO  TailReader - Batch input finished reading file='/var/log/app/app.log.6'
10-09-2026 14:14:59.235 +0000 INFO  IndexProcessor - indexing bucket hot_v1_116 for index=main
10-09-2026 14:15:00.276 +0000 INFO  IndexProcessor - indexing bucket hot_v1_120 for index=main
10-09-2026 14:15:02.829 +0000 INFO  TailReader - Batch input finished reading file='/var/log/app/app.log.3'
10-09-2026 14:15:04.022 +0000 INFO  IndexProcessor - indexing bucket hot_v1_100 for index=main
10-09-2026 14:15:06.102 +0000 INFO  IndexProcessor - indexing bucket hot_v1_119 for index=main
10-09-2026 14:15:08.934 +0000 INFO  IndexProcessor - indexing bucket hot_v1_113 for index=main
10-09-2026 14:15:10.790 +0000 INFO  TailReader - Batch input finished reading file='/var/log/app/app.log.5'
10-09-2026 14:15:12.830 +0000 INFO  TailReader - Batch input finished reading file='/var/log/app/app.log.3'
10-09-2026 14:15:13.831 +0000 INFO  TailReader - Batch input finished reading file='/var/log/app/app.log.2'
10-09-2026 14:15:14.388 +0000 INFO  TailReader - Batch input finished reading file='/var/log/app/app.log.7'
10-09-2026 14:15:15.216 +0000 INFO  IndexProcessor - indexing bucket hot_v1_109 for index=main
10-09-2026 14:15:17.154 +0000 INFO  IndexProcessor - indexing bucket hot_v1_120 for index=main
10-09-2026 14:15:17.213 +0000 INFO  IndexProcessor - indexing bucket hot_v1_117 for index=main
10-09-2026 14:15:19.525 +0000 WARN  DateParserVerbose - Failed to parse timestamp in first MAX_TIMESTAMP_LOOKAHEAD (128) characters of event. Defaulting to timestamp of previous event. Context: source=/var/log/app/batch.log|host=web02
10-09-2026 14:15:22.677 +0000 INFO  TailReader - Batch input finished reading file='/var/log/app/app.log.5'
10-09-2026 14:15:23.774 +0000 ERROR ExecProcessor - message from "/opt/splunk/bin/python3 /opt/splunk/etc/apps/TA-x/bin/poll.py" requests.exceptions.ConnectionError: timeout
10-09-2026 14:15:24.743 +0000 WARN  DateParserVerbose - Failed to parse timestamp in first MAX_TIMESTAMP_LOOKAHEAD (128) characters of event. Defaulting to timestamp of previous event. Context: source=/var/log/app/batch.log|host=web02
10-09-2026 14:15:26.738 +0000 INFO  IndexProcessor - indexing bucket hot_v1_105 for index=main
10-09-2026 14:15:27.742 +0000 INFO  TailReader - Batch input finished reading file='/var/log/app/app.log.7'
10-09-2026 14:15:29.135 +0000 INFO  TailReader - Batch input finished reading file='/var/log/app/app.log.6'
10-09-2026 14:15:29.433 +0000 INFO  TailReader - Batch input finished reading file='/var/log/app/app.log.4'
10-09-2026 14:15:30.258 +0000 INFO  TailReader - Batch input finished reading file='/var/log/app/app.log.6'
10-09-2026 14:15:32.103 +0000 INFO  TailReader - Batch input finished reading file='/var/log/app/app.log.8'
10-09-2026 14:15:33.255 +0000 INFO  TailReader - Batch input finished reading file='/var/log/app/app.log.9'
10-09-2026 14:15:34.399 +0000 INFO  TailReader - Batch input finished reading file='/var/log/app/app.log.4'
10-09-2026 14:15:35.392 +0000 INFO  IndexProcessor - indexing bucket hot_v1_116 for index=main
10-09-2026 14:15:36.253 +0000 INFO  TailReader - Batch input finished reading file='/var/log/app/app.log.3'
10-09-2026 14:15:37.397 +0000 INFO  TailReader - Batch input finished reading file='/var/log/app/app.log.5'
10-09-2026 14:15:38.426 +0000 WARN  DateParserVerbose - Failed to parse timestamp in first MAX_TIMESTAMP_LOOKAHEAD (128) characters of event. Defaulting to timestamp of previous event. Context: source=/var/log/app/batch.log|host=web03
10-09-2026 14:15:40.006 +0000 INFO  IndexProcessor - indexing bucket hot_v1_115 for index=main
10-09-2026 14:15:41.770 +0000 WARN  DateParserVerbose - Failed to parse timestamp in first MAX_TIMESTAMP_LOOKAHEAD (128) characters of event. Defaulting to timestamp of previous event. Context: source=/var/log/app/batch.log|host=web01
10-09-2026 14:15:42.455 +0000 INFO  IndexProcessor - indexing bucket hot_v1_117 for index=main
10-09-2026 14:15:44.951 +0000 INFO  TailReader - Batch input finished reading file='/var/log/app/app.log.2'
10-09-2026 14:15:46.420 +0000 INFO  IndexProcessor - indexing bucket hot_v1_116 for index=main
10-09-2026 14:15:48.664 +0000 INFO  TailReader - Batch input finished reading file='/var/log/app/app.log.5'
10-09-2026 14:15:50.329 +0000 INFO  IndexProcessor - indexing bucket hot_v1_113 for index=main
10-09-2026 14:15:51.732 +0000 INFO  TailReader - Batch input finished reading file='/var/log/app/app.log.1'
10-09-2026 14:15:53.434 +0000 INFO  TailReader - Batch input finished reading file='/var/log/app/app.log.9'
10-09-2026 14:15:56.709 +0000 INFO  IndexProcessor - indexing bucket hot_v1_110 for index=main
10-09-2026 14:15:57.167 +0000 WARN  DateParserVerbose - Failed to parse timestamp in first MAX_TIMESTAMP_LOOKAHEAD (128) characters of event. Defaulting to timestamp of previous event. Context: source=/var/log/app/batch.log|host=web01
10-09-2026 14:15:59.925 +0000 INFO  IndexProcessor - indexing bucket hot_v1_118 for index=main
10-09-2026 14:16:00.148 +0000 INFO  TailReader - Batch input finished reading file='/var/log/app/app.log.3'
10-09-2026 14:16:00.913 +0000 INFO  TailReader - Batch input finished reading file='/var/log/app/app.log.8'
10-09-2026 14:16:03.700 +0000 INFO  TailReader - Batch input finished reading file='/var/log/app/app.log.6'
10-09-2026 14:16:04.180 +0000 INFO  IndexProcessor - indexing bucket hot_v1_108 for index=main
10-09-2026 14:16:05.470 +0000 ERROR ExecProcessor - message from "/opt/splunk/bin/python3 /opt/splunk/etc/apps/TA-x/bin/poll.py" requests.exceptions.ConnectionError: timeout
10-09-2026 14:16:07.327 +0000 INFO  TailReader - Batch input finished reading file='/var/log/app/app.log.5'
10-09-2026 14:16:09.438 +0000 WARN  DateParserVerbose - Failed to parse timestamp in first MAX_TIMESTAMP_LOOKAHEAD (128) characters of event. Defaulting to timestamp of previous event. Context: source=/var/log/app/batch.log|host=web04
10-09-2026 14:16:10.858 +0000 INFO  IndexProcessor - indexing bucket hot_v1_111 for index=main
10-09-2026 14:16:11.231 +0000 INFO  TailReader - Batch input finished reading file='/var/log/app/app.log.9'
10-09-2026 14:16:12.516 +0000 INFO  TailReader - Batch input finished reading file='/var/log/app/app.log.2'
10-09-2026 14:16:14.529 +0000 INFO  TailReader - Batch input finished reading file='/var/log/app/app.log.7'
10-09-2026 14:16:16.652 +0000 INFO  TailReader - Batch input finished reading file='/var/log/app/app.log.3'
10-09-2026 14:16:18.727 +0000 INFO  TailReader - Batch input finished reading file='/var/log/app/app.log.3'
10-09-2026 14:16:18.141 +0000 WARN  DateParserVerbose - Failed to parse timestamp in first MAX_TIMESTAMP_LOOKAHEAD (128) characters of event. Defaulting to timestamp of previous event. Context: source=/var/log/app/batch.log|host=web04
10-09-2026 14:16:19.973 +0000 INFO  TailReader - Batch input finished reading file='/var/log/app/app.log.9'
10-09-2026 14:16:21.966 +0000 INFO  TailReader - Batch input finished reading file='/var/log/app/app.log.1'
10-09-2026 14:16:22.808 +0000 INFO  TailReader - Batch input finished reading file='/var/log/app/app.log.5'
10-09-2026 14:16:23.064 +0000 INFO  TailReader - Batch input finished reading file='/var/log/app/app.log.4'
10-09-2026 14:16:25.562 +0000 INFO  IndexProcessor - indexing bucket hot_v1_106 for index=main
10-09-2026 14:16:26.500 +0000 WARN  DateParserVerbose - Failed to parse timestamp in first MAX_TIMESTAMP_LOOKAHEAD (128) characters of event. Defaulting to timestamp of previous event. Context: source=/var/log/app/batch.log|host=web01
10-09-2026 14:16:28.740 +0000 ERROR ExecProcessor - message from "/opt/splunk/bin/python3 /opt/splunk/etc/apps/TA-x/bin/poll.py" requests.exceptions.ConnectionError: timeout
10-09-2026 14:16:28.062 +0000 WARN  DateParserVerbose - Failed to parse timestamp in first MAX_TIMESTAMP_LOOKAHEAD (128) characters of event. Defaulting to timestamp of previous event. Context: source=/var/log/app/batch.log|host=web03
10-09-2026 14:16:30.804 +0000 INFO  IndexProcessor - indexing bucket hot_v1_113 for index=main
10-09-2026 14:16:31.097 +0000 INFO  TailReader - Batch input finished reading file='/var/log/app/app.log.6'
10-09-2026 14:16:33.243 +0000 INFO  TailReader - Batch input finished reading file='/var/log/app/app.log.2'
10-09-2026 14:16:34.654 +0000 WARN  DateParserVerbose - Failed to parse timestamp in first MAX_TIMESTAMP_LOOKAHEAD (128) characters of event. Defaulting to timestamp of previous event. Context: source=/var/log/app/batch.log|host=web02
10-09-2026 14:16:35.339 +0000 INFO  TailReader - Batch input finished reading file='/var/log/app/app.log.4'
10-09-2026 14:16:36.812 +0000 INFO  IndexProcessor - indexing bucket hot_v1_103 for index=main
10-09-2026 14:16:37.931 +0000 WARN  DateParserVerbose - Failed to parse timestamp in first MAX_TIMESTAMP_LOOKAHEAD (128) characters of event. Defaulting to timestamp of previous event. Context: source=/var/log/app/batch.log|host=web02
10-09-2026 14:16:38.304 +0000 INFO  TailReader - Batch input finished reading file='/var/log/app/app.log.7'
10-09-2026 14:16:39.958 +0000 INFO  IndexProcessor - indexing bucket hot_v1_116 for index=main
10-09-2026 14:16:42.697 +0000 WARN  DateParserVerbose - Failed to parse timestamp in first MAX_TIMESTAMP_LOOKAHEAD (128) characters of event. Defaulting to timestamp of previous event. Context: source=/var/log/app/batch.log|host=web03
10-09-2026 14:16:44.486 +0000 INFO  IndexProcessor - indexing bucket hot_v1_115 for index=main
10-09-2026 14:16:46.720 +0000 WARN  DateParserVerbose - Failed to parse timestamp in first MAX_TIMESTAMP_LOOKAHEAD (128) characters of event. Defaulting to timestamp of previous event. Context: source=/var/log/app/batch.log|host=web01
10-09-2026 14:16:47.927 +0000 INFO  TailReader - Batch input finished reading file='/var/log/app/app.log.8'
10-09-2026 14:16:47.172 +0000 INFO  IndexProcessor - indexing bucket hot_v1_116 for index=main
10-09-2026 14:16:48.111 +0000 ERROR ExecProcessor - message from "/opt/splunk/bin/python3 /opt/splunk/etc/apps/TA-x/bin/poll.py" requests.exceptions.ConnectionError: timeout
10-09-2026 14:16:49.039 +0000 INFO  IndexProcessor - indexing bucket hot_v1_106 for index=main
10-09-2026 14:16:50.273 +0000 INFO  TailReader - Batch input finished reading file='/var/log/app/app.log.9'
10-09-2026 14:16:53.984 +0000 INFO  TailReader - Batch input finished reading file='/var/log/app/app.log.5'
10-09-2026 14:16:54.353 +0000 INFO  IndexProcessor - indexing bucket hot_v1_107 for index=main
10-09-2026 14:16:56.018 +0000 INFO  TailReader - Batch input finished reading file='/var/log/app/app.log.4'
10-09-2026 14:16:58.943 +0000 INFO  IndexProcessor - indexing bucket hot_v1_107 for index=main
10-09-2026 14:16:59.250 +0000 ERROR ExecProcessor - message from "/opt/splunk/bin/python3 /opt/splunk/etc/apps/TA-x/bin/poll.py" requests.exceptions.ConnectionError: timeout
10-09-2026 14:17:00.518 +0000 WARN  DateParserVerbose - Failed to parse timestamp in first MAX_TIMESTAMP_LOOKAHEAD (128) characters of event. Defaulting to timestamp of previous event. Context: source=/var/log/app/batch.log|host=web04
10-09-2026 14:17:01.069 +0000 INFO  TailReader - Batch input finished reading file='/var/log/app/app.log.1'
10-09-2026 14:17:03.755 +0000 INFO  TailReader - Batch input finished reading file='/var/log/app/app.log.5'
10-09-2026 14:17:06.553 +0000 INFO  TailReader - Batch input finished reading file='/var/log/app/app.log.1'
10-09-2026 14:17:07.787 +0000 INFO  TailReader - Batch input finished reading file='/var/log/app/app.log.6'
10-09-2026 14:17:09.882 +0000 INFO  TailReader - Batch input finished reading file='/var/log/app/app.log.2'
10-09-2026 14:17:11.602 +0000 WARN  DateParserVerbose - Failed to parse timestamp in first MAX_TIMESTAMP_LOOKAHEAD (128) characters of event. Defaulting to timestamp of previous event. Context: source=/var/log/app/batch.log|host=web01
10-09-2026 14:17:12.476 +0000 WARN  DateParserVerbose - Failed to parse timestamp in first MAX_TIMESTAMP_LOOKAHEAD (128) characters of event. Defaulting to timestamp of previous event. Context: source=/var/log/app/batch.log|host=web03
10-09-2026 14:17:13.221 +0000 INFO  TailReader - Batch input finished reading file='/var/log/app/app.log.9'
10-09-2026 14:17:15.654 +0000 INFO  IndexProcessor - indexing bucket hot_v1_109 for index=main
10-09-2026 14:17:17.957 +0000 INFO  TailReader - Batch input finished reading file='/var/log/app/app.log.4'
10-09-2026 14:17:19.136 +0000 INFO  IndexProcessor - indexing bucket hot_v1_118 for index=main
10-09-2026 14:17:21.092 +0000 INFO  TailReader - Batch input finished reading file='/var/log/app/app.log.1'
10-09-2026 14:17:22.045 +0000 INFO  IndexProcessor - indexing bucket hot_v1_109 for index=main
10-09-2026 14:17:23.138 +0000 INFO  TailReader - Batch input finished reading file='/var/log/app/app.log.4'
10-09-2026 14:17:26.234 +0000 INFO  TailReader - Batch input finished reading file='/var/log/app/app.log.9'
10-09-2026 14:17:27.854 +0000 INFO  TailReader - Batch input finished reading file='/var/log/app/app.log.7'
10-09-2026 14:17:28.405 +0000 INFO  TailReader - Batch input finished reading file='/var/log/app/app.log.1'
10-09-2026 14:17:29.505 +0000 INFO  TailReader - Batch input finished reading file='/var/log/app/app.log.7'
10-09-2026 14:17:30.059 +0000 INFO  TailReader - Batch input finished reading file='/var/log/app/app.log.9'
10-09-2026 14:17:30.264 +0000 INFO  TailReader - Batch input finished reading file='/var/log/app/app.log.8'
10-09-2026 14:17:31.146 +0000 INFO  TailReader - Batch input finished reading file='/var/log/app/app.log.8'
10-09-2026 14:17:34.093 +0000 WARN  DateParserVerbose - Failed to parse timestamp in first MAX_TIMESTAMP_LOOKAHEAD (128) characters of event. Defaulting to timestamp of previous event. Context: source=/var/log/app/batch.log|host=web02
10-09-2026 14:17:35.653 +0000 INFO  TailReader - Batch input finished reading file='/var/log/app/app.log.4'
10-09-2026 14:17:37.348 +0000 INFO  IndexProcessor - indexing bucket hot_v1_105 for index=main
10-09-2026 14:17:39.485 +0000 INFO  IndexProcessor - indexing bucket hot_v1_100 for index=main
10-09-2026 14:17:41.936 +0000 INFO  IndexProcessor - indexing bucket hot_v1_108 for index=main
10-09-2026 14:17:43.524 +0000 INFO  IndexProcessor - indexing bucket hot_v1_119 for index=main
10-09-2026 14:17:43.353 +0000 INFO  TailReader - Batch input finished reading file='/var/log/app/app.log.5'
10-09-2026 14:17:45.455 +0000 WARN  DateParserVerbose - Failed to parse timestamp in first MAX_TIMESTAMP_LOOKAHEAD (128) characters of event. Defaulting to timestamp of previous event. Context: source=/var/log/app/batch.log|host=web02
10-09-2026 14:17:47.717 +0000 INFO  TailReader - Batch input finished reading file='/var/log/app/app.log.8'
10-09-2026 14:17:49.645 +0000 INFO  TailReader - Batch input finished reading file='/var/log/app/app.log.4'
10-09-2026 14:17:50.395 +0000 INFO  TailReader - Batch input finished reading file='/var/log/app/app.log.5'
10-09-2026 14:17:51.980 +0000 INFO  TailReader - Batch input finished reading file='/var/log/app/app.log.8'
10-09-2026 14:17:52.771 +0000 INFO  TailReader - Batch input finished reading file='/var/log/app/app.log.7'
10-09-2026 14:17:54.672 +0000 INFO  TailReader - Batch input finished reading file='/var/log/app/app.log.7'
10-09-2026 14:17:54.883 +0000 INFO  TailReader - Batch input finished reading file='/var/log/app/app.log.1'
10-09-2026 14:17:57.278 +0000 INFO  IndexProcessor - indexing bucket hot_v1_114 for index=main
10-09-2026 14:17:58.750 +0000 INFO  TailReader - Batch input finished reading file='/var/log/app/app.log.8'
10-09-2026 14:17:59.669 +0000 INFO  TailReader - Batch input finished reading file='/var/log/app/app.log.9'
10-09-2026 14:18:00.149 +0000 INFO  TailReader - Batch input finished reading file='/var/log/app/app.log.8'
10-09-2026 14:18:02.647 +0000 INFO  IndexProcessor - indexing bucket hot_v1_105 for index=main
10-09-2026 14:18:03.770 +0000 INFO  TailReader - Batch input finished reading file='/var/log/app/app.log.2'
10-09-2026 14:18:05.465 +0000 INFO  TailReader - Batch input finished reading file='/var/log/app/app.log.3'
10-09-2026 14:18:07.506 +0000 INFO  IndexProcessor - indexing bucket hot_v1_106 for index=main
10-09-2026 14:18:08.123 +0000 INFO  TailReader - Batch input finished reading file='/var/log/app/app.log.9'
10-09-2026 14:18:09.316 +0000 INFO  TailReader - Batch input finished reading file='/var/log/app/app.log.9'
10-09-2026 14:18:10.860 +0000 INFO  TailReader - Batch input finished reading file='/var/log/app/app.log.3'
10-09-2026 14:18:10.086 +0000 INFO  TailReader - Batch input finished reading file='/var/log/app/app.log.2'
10-09-2026 14:18:13.965 +0000 INFO  TailReader - Batch input finished reading file='/var/log/app/app.log.3'
10-09-2026 14:18:14.472 +0000 INFO  TailReader - Batch input finished reading file='/var/log/app/app.log.7'
10-09-2026 14:18:15.069 +0000 INFO  IndexProcessor - indexing bucket hot_v1_111 for index=main
10-09-2026 14:18:16.499 +0000 INFO  TailReader - Batch input finished reading file='/var/log/app/app.log.2'
10-09-2026 14:18:17.652 +0000 INFO  TailReader - Batch input finished reading file='/var/log/app/app.log.1'
10-09-2026 14:18:18.597 +0000 INFO  TailReader - Batch input finished reading file='/var/log/app/app.log.2'
10-09-2026 14:18:19.355 +0000 INFO  TailReader - Batch input finished reading file='/var/log/app/app.log.4'
10-09-2026 14:18:21.132 +0000 INFO  TailReader - Batch input finished reading file='/var/log/app/app.log.5'
10-09-2026 14:18:22.218 +0000 INFO  IndexProcessor - indexing bucket hot_v1_109 for index=main
10-09-2026 14:18:24.787 +0000 INFO  TailReader - Batch input finished reading file='/var/log/app/app.log.2'
10-09-2026 14:18:25.258 +0000 INFO  IndexProcessor - indexing bucket hot_v1_100 for index=main
10-09-2026 14:18:27.053 +0000 INFO  IndexProcessor - indexing bucket hot_v1_111 for index=main
10-09-2026 14:18:27.575 +0000 INFO  TailReader - Batch input finished reading file='/var/log/app/app.log.1'
10-09-2026 14:18:29.717 +0000 INFO  IndexProcessor - indexing bucket hot_v1_116 for index=main
10-09-2026 14:18:31.247 +0000 INFO  TailReader - Batch input finished reading file='/var/log/app/app.log.2'
10-09-2026 14:18:33.760 +0000 WARN  DateParserVerbose - Failed to parse timestamp in first MAX_TIMESTAMP_LOOKAHEAD (128) characters of event. Defaulting to timestamp of previous event. Context: source=/var/log/app/batch.log|host=web01
10-09-2026 14:18:35.387 +0000 INFO  TailReader - Batch input finished reading file='/var/log/app/app.log.4'
10-09-2026 14:18:36.975 +0000 ERROR ExecProcessor - message from "/opt/splunk/bin/python3 /opt/splunk/etc/apps/TA-x/bin/poll.py" requests.exceptions.ConnectionError: timeout
10-09-2026 14:18:37.578 +0000 INFO  TailReader - Batch input finished reading file='/var/log/app/app.log.2'
10-09-2026 14:18:38.165 +0000 INFO  TailReader - Batch input finished reading file='/var/log/app/app.log.8'
10-09-2026 14:18:41.249 +0000 INFO  TailReader - Batch input finished reading file='/var/log/app/app.log.9'
10-09-2026 14:18:42.331 +0000 INFO  TailReader - Batch input finished reading file='/var/log/app/app.log.6'
10-09-2026 14:18:43.174 +0000 INFO  TailReader - Batch input finished reading file='/var/log/app/app.log.8'
10-09-2026 14:18:45.756 +0000 INFO  TailReader - Batch input finished reading file='/var/log/app/app.log.8'
10-09-2026 14:18:46.041 +0000 ERROR ExecProcessor - message from "/opt/splunk/bin/python3 /opt/splunk/etc/apps/TA-x/bin/poll.py" requests.exceptions.ConnectionError: timeout
10-09-2026 14:18:48.689 +0000 INFO  TailReader - Batch input finished reading file='/var/log/app/app.log.6'
10-09-2026 14:18:50.957 +0000 INFO  TailReader - Batch input finished reading file='/var/log/app/app.log.8'
10-09-2026 14:18:51.025 +0000 INFO  IndexProcessor - indexing bucket hot_v1_112 for index=main
10-09-2026 14:18:53.119 +0000 INFO  TailReader - Batch input finished reading file='/var/log/app/app.log.9'
10-09-2026 14:18:55.821 +0000 INFO  TailReader - Batch input finished reading file='/var/log/app/app.log.9'
10-09-2026 14:18:57.755 +0000 INFO  TailReader - Batch input finished reading file='/var/log/app/app.log.5'
10-09-2026 14:18:58.144 +0000 INFO  TailReader - Batch input finished reading file='/var/log/app/app.log.1'
10-09-2026 14:19:00.551 +0000 WARN  DateParserVerbose - Failed to parse timestamp in first MAX_TIMESTAMP_LOOKAHEAD (128) characters of event. Defaulting to timestamp of previous event. Context: source=/var/log/app/batch.log|host=web03
10-09-2026 14:19:02.570 +0000 INFO  TailReader - Batch input finished reading file='/var/log/app/app.log.3'
10-09-2026 14:19:03.786 +0000 INFO  TailReader - Batch input finished reading file='/var/log/app/app.log.6'
10-09-2026 14:19:05.313 +0000 INFO  TailReader - Batch input finished reading file='/var/log/app/app.log.5'
10-09-2026 14:19:06.833 +0000 INFO  TailReader - Batch input finished reading file='/var/log/app/app.log.2'
10-09-2026 14:19:07.456 +0000 INFO  IndexProcessor - indexing bucket hot_v1_107 for index=main
10-09-2026 14:19:09.664 +0000 INFO  TailReader - Batch input finished reading file='/var/log/app/app.log.8'
10-09-2026 14:19:10.763 +0000 INFO  IndexProcessor - indexing bucket hot_v1_100 for index=main
10-09-2026 14:19:12.675 +0000 INFO  TailReader - Batch input finished reading file='/var/log/app/app.log.9'
10-09-2026 14:19:14.646 +0000 INFO  TailReader - Batch input finished reading file='/var/log/app/app.log.4'
10-09-2026 14:19:17.235 +0000 WARN  DateParserVerbose - Failed to parse timestamp in first MAX_TIMESTAMP_LOOKAHEAD (128) characters of event. Defaulting to timestamp of previous event. Context: source=/var/log/app/batch.log|host=web03
10-09-2026 14:19:19.006 +0000 INFO  TailReader - Batch input finished reading file='/var/log/app/app.log.4'
10-09-2026 14:19:21.091 +0000 INFO  IndexProcessor - indexing bucket hot_v1_103 for index=main
10-09-2026 14:19:24.534 +0000 INFO  TailReader - Batch input finished reading file='/var/log/app/app.log.8'
10-09-2026 14:19:25.724 +0000 INFO  TailReader - Batch input finished reading file='/var/log/app/app.log.4'
10-09-2026 14:19:27.111 +0000 WARN  DateParserVerbose - Failed to parse timestamp in first MAX_TIMESTAMP_LOOKAHEAD (128) characters of event. Defaulting to timestamp of previous event. Context: source=/var/log/app/batch.log|host=web02
10-09-2026 14:19:30.176 +0000 WARN  DateParserVerbose - Failed to parse timestamp in first MAX_TIMESTAMP_LOOKAHEAD (128) characters of event. Defaulting to timestamp of previous event. Context: source=/var/log/app/batch.log|host=web03
10-09-2026 14:19:30.378 +0000 INFO  IndexProcessor - indexing bucket hot_v1_119 for index=main
10-09-2026 14:19:32.586 +0000 ERROR ExecProcessor - message from "/opt/splunk/bin/python3 /opt/splunk/etc/apps/TA-x/bin/poll.py" requests.exceptions.ConnectionError: timeout
10-09-2026 14:19:34.943 +0000 INFO  TailReader - Batch input finished reading file='/var/log/app/app.log.5'
10-09-2026 14:19:35.844 +0000 INFO  IndexProcessor - indexing bucket hot_v1_109 for index=main
10-09-2026 14:19:36.811 +0000 WARN  DateParserVerbose - Failed to parse timestamp in first MAX_TIMESTAMP_LOOKAHEAD (128) characters of event. Defaulting to timestamp of previous event. Context: source=/var/log/app/batch.log|host=web01
10-09-2026 14:19:39.026 +0000 INFO  TailReader - Batch input finished reading file='/var/log/app/app.log.5'
10-09-2026 14:19:40.633 +0000 INFO  IndexProcessor - indexing bucket hot_v1_100 for index=main
10-09-2026 14:19:41.282 +0000 INFO  IndexProcessor - indexing bucket hot_v1_107 for index=main
10-09-2026 14:19:42.826 +0000 INFO  IndexProcessor - indexing bucket hot_v1_108 for index=main
10-09-2026 14:19:43.550 +0000 INFO  TailReader - Batch input finished reading file='/var/log/app/app.log.6'
10-09-2026 14:19:45.363 +0000 INFO  TailReader - Batch input finished reading file='/var/log/app/app.log.6'
10-09-2026 14:19:46.143 +0000 WARN  DateParserVerbose - Failed to parse timestamp in first MAX_TIMESTAMP_LOOKAHEAD (128) characters of event. Defaulting to timestamp of previous event. Context: source=/var/log/app/batch.log|host=web04
10-09-2026 14:19:48.630 +0000 INFO  IndexProcessor - indexing bucket hot_v1_107 for index=main
10-09-2026 14:19:50.317 +0000 INFO  IndexProcessor - indexing bucket hot_v1_119 for index=main
10-09-2026 14:19:51.341 +0000 INFO  TailReader - Batch input finished reading file='/var/log/app/app.log.7'
10-09-2026 14:19:53.174 +0000 INFO  TailReader - Batch input finished reading file='/var/log/app/app.log.4'
10-09-2026 14:19:53.000 +0000 INFO  TailReader - Batch input finished reading file='/var/log/app/app.log.2'
10-09-2026 14:19:54.072 +0000 WARN  DateParserVerbose - Failed to parse timestamp in first MAX_TIMESTAMP_LOOKAHEAD (128) characters of event. Defaulting to timestamp of previous event. Context: source=/var/log/app/batch.log|host=web04
10-09-2026 14:19:56.022 +0000 ERROR ExecProcessor - message from "/opt/splunk/bin/python3 /opt/splunk/etc/apps/TA-x/bin/poll.py" requests.exceptions.ConnectionError: timeout
10-09-2026 14:19:58.571 +0000 INFO  TailReader - Batch input finished reading file='/var/log/app/app.log.4'
10-09-2026 14:20:00.948 +0000 INFO  IndexProcessor - indexing bucket hot_v1_101 for index=main
10-09-2026 14:20:01.652 +0000 INFO  TailReader - Batch input finished reading file='/var/log/app/app.log.4'
10-09-2026 14:20:03.868 +0000 WARN  DateParserVerbose - Failed to parse timestamp in first MAX_TIMESTAMP_LOOKAHEAD (128) characters of event. Defaulting to timestamp of previous event. Context: source=/var/log/app/batch.log|host=web02
10-09-2026 14:20:04.838 +0000 INFO  IndexProcessor - indexing bucket hot_v1_110 for index=main
10-09-2026 14:20:05.842 +0000 INFO  TailReader - Batch input finished reading file='/var/log/app/app.log.4'
10-09-2026 14:20:07.323 +0000 WARN  DateParserVerbose - Failed to parse timestamp in first MAX_TIMESTAMP_LOOKAHEAD (128) characters of event. Defaulting to timestamp of previous event. Context: source=/var/log/app/batch.log|host=web01
10-09-2026 14:20:10.670 +0000 INFO  TailReader - Batch input finished reading file='/var/log/app/app.log.6'
10-09-2026 14:20:11.280 +0000 INFO  TailReader - Batch input finished reading file='/var/log/app/app.log.6'
10-09-2026 14:20:13.434 +0000 INFO  IndexProcessor - indexing bucket hot_v1_102 for index=main
10-09-2026 14:20:15.166 +0000 INFO  TailReader - Batch input finished reading file='/var/log/app/app.log.3'
10-09-2026 14:20:16.601 +0000 INFO  TailReader - Batch input finished reading file='/var/log/app/app.log.8'
10-09-2026 14:20:18.368 +0000 INFO  TailReader - Batch input finished reading file='/var/log/app/app.log.6'
10-09-2026 14:20:19.075 +0000 ERROR ExecProcessor - message from "/opt/splunk/bin/python3 /opt/splunk/etc/apps/TA-x/bin/poll.py" requests.exceptions.ConnectionError: timeout
10-09-2026 14:20:21.544 +0000 WARN  DateParserVerbose - Failed to parse timestamp in first MAX_TIMESTAMP_LOOKAHEAD (128) characters of event. Defaulting to timestamp of previous event. Context: source=/var/log/app/batch.log|host=web04
10-09-2026 14:20:22.595 +0000 INFO  IndexProcessor - indexing bucket hot_v1_100 for index=main
10-09-2026 14:20:23.483 +0000 INFO  IndexProcessor - indexing bucket hot_v1_115 for index=main
10-09-2026 14:20:24.793 +0000 WARN  DateParserVerbose - Failed to parse timestamp in first MAX_TIMESTAMP_LOOKAHEAD (128) characters of event. Defaulting to timestamp of previous event. Context: source=/var/log/app/batch.log|host=web02
10-09-2026 14:20:27.282 +0000 INFO  TailReader - Batch input finished reading file='/var/log/app/app.log.1'
10-09-2026 14:20:29.626 +0000 INFO  TailReader - Batch input finished reading file='/var/log/app/app.log.2'
10-09-2026 14:20:31.090 +0000 WARN  DateParserVerbose - Failed to parse timestamp in first MAX_TIMESTAMP_LOOKAHEAD (128) characters of event. Defaulting to timestamp of previous event. Context: source=/var/log/app/batch.log|host=web01
10-09-2026 14:20:32.366 +0000 ERROR ExecProcessor - message from "/opt/splunk/bin/python3 /opt/splunk/etc/apps/TA-x/bin/poll.py" requests.exceptions.ConnectionError: timeout
10-09-2026 14:20:34.970 +0000 INFO  TailReader - Batch input finished reading file='/var/log/app/app.log.6'
10-09-2026 14:20:35.884 +0000 INFO  TailReader - Batch input finished reading file='/var/log/app/app.log.2'
10-09-2026 14:20:36.240 +0000 INFO  TailReader - Batch input finished reading file='/var/log/app/app.log.7'
10-09-2026 14:20:37.610 +0000 WARN  DateParserVerbose - Failed to parse timestamp in first MAX_TIMESTAMP_LOOKAHEAD (128) characters of event. Defaulting to timestamp of previous event. Context: source=/var/log/app/batch.log|host=web02
10-09-2026 14:20:38.895 +0000 INFO  TailReader - Batch input finished reading file='/var/log/app/app.log.2'
10-09-2026 14:20:40.780 +0000 INFO  TailReader - Batch input finished reading file='/var/log/app/app.log.6'
10-09-2026 14:20:42.984 +0000 WARN  DateParserVerbose - Failed to parse timestamp in first MAX_TIMESTAMP_LOOKAHEAD (128) characters of event. Defaulting to timestamp of previous event. Context: source=/var/log/app/batch.log|host=web04
10-09-2026 14:20:44.680 +0000 INFO  IndexProcessor - indexing bucket hot_v1_109 for index=main
10-09-2026 14:20:46.965 +0000 INFO  TailReader - Batch input finished reading file='/var/log/app/app.log.4'
10-09-2026 14:20:48.925 +0000 INFO  TailReader - Batch input finished reading file='/var/log/app/app.log.6'
10-09-2026 14:20:50.095 +0000 INFO  TailReader - Batch input finished reading file='/var/log/app/app.log.4'
10-09-2026 14:20:51.294 +0000 INFO  TailReader - Batch input finished reading file='/var/log/app/app.log.2'
10-09-2026 14:20:53.698 +0000 WARN  DateParserVerbose - Failed to parse timestamp in first MAX_TIMESTAMP_LOOKAHEAD (128) characters of event. Defaulting to timestamp of previous event. Context: source=/var/log/app/batch.log|host=web04
10-09-2026 14:20:54.890 +0000 INFO  TailReader - Batch input finished reading file='/var/log/app/app.log.7'
10-09-2026 14:20:57.628 +0000 INFO  TailReader - Batch input finished reading file='/var/log/app/app.log.7'
10-09-2026 14:20:58.769 +0000 WARN  DateParserVerbose - Failed to parse timestamp in first MAX_TIMESTAMP_LOOKAHEAD (128) characters of event. Defaulting to timestamp of previous event. Context: source=/var/log/app/batch.log|host=web02
10-09-2026 14:20:59.722 +0000 INFO  TailReader - Batch input finished reading file='/var/log/app/app.log.7'
10-09-2026 14:21:00.505 +0000 INFO  IndexProcessor - indexing bucket hot_v1_110 for index=main
10-09-2026 14:21:02.097 +0000 INFO  TailReader - Batch input finished reading file='/var/log/app/app.log.6'
10-09-2026 14:21:04.486 +0000 INFO  TailReader - Batch input finished reading file='/var/log/app/app.log.4'
10-09-2026 14:21:06.654 +0000 INFO  IndexProcessor - indexing bucket hot_v1_105 for index=main
10-09-2026 14:21:07.488 +0000 INFO  IndexProcessor - indexing bucket hot_v1_118 for index=main
10-09-2026 14:21:09.829 +0000 INFO  IndexProcessor - indexing bucket hot_v1_107 for index=main
10-09-2026 14:21:10.011 +0000 INFO  TailReader - Batch input finished reading file='/var/log/app/app.log.4'
10-09-2026 14:21:11.240 +0000 INFO  TailReader - Batch input finished reading file='/var/log/app/app.log.6'
10-09-2026 14:21:12.434 +0000 INFO  TailReader - Batch input finished reading file='/var/log/app/app.log.3'
10-09-2026 14:21:15.579 +0000 INFO  IndexProcessor - indexing bucket hot_v1_120 for index=main
10-09-2026 14:21:16.232 +0000 INFO  TailReader - Batch input finished reading file='/var/log/app/app.log.2'
10-09-2026 14:21:18.447 +0000 INFO  IndexProcessor - indexing bucket hot_v1_109 for index=main
10-09-2026 14:21:19.195 +0000 INFO  TailReader - Batch input finished reading file='/var/log/app/app.log.8'
10-09-2026 14:21:20.452 +0000 INFO  IndexProcessor - indexing bucket hot_v1_106 for index=main
10-09-2026 14:21:22.814 +0000 WARN  DateParserVerbose - Failed to parse timestamp in first MAX_TIMESTAMP_LOOKAHEAD (128) characters of event. Defaulting to timestamp of previous event. Context: source=/var/log/app/batch.log|host=web02
10-09-2026 14:21:23.897 +0000 INFO  TailReader - Batch input finished reading file='/var/log/app/app.log.9'
10-09-2026 14:21:25.372 +0000 INFO  TailReader - Batch input finished reading file='/var/log/app/app.log.7'
10-09-2026 14:21:26.675 +0000 ERROR ExecProcessor - message from "/opt/splunk/bin/python3 /opt/splunk/etc/apps/TA-x/bin/poll.py" requests.exceptions.ConnectionError: timeout
10-09-2026 14:21:28.016 +0000 WARN  DateParserVerbose - Failed to parse timestamp in first MAX_TIMESTAMP_LOOKAHEAD (128) characters of event. Defaulting to timestamp of previous event. Context: source=/var/log/app/batch.log|host=web01
10-09-2026 14:21:29.154 +0000 WARN  DateParserVerbose - Failed to parse timestamp in first MAX_TIMESTAMP_LOOKAHEAD (128) characters of event. Defaulting to timestamp of previous event. Context: source=/var/log/app/batch.log|host=web02
10-09-2026 14:21:30.182 +0000 INFO  IndexProcessor - indexing bucket hot_v1_107 for index=main
10-09-2026 14:21:32.888 +0000 INFO  IndexProcessor - indexing bucket hot_v1_120 for index=main
10-09-2026 14:21:34.048 +0000 INFO  TailReader - Batch input finished reading file='/var/log/app/app.log.3'
10-09-2026 14:21:35.358 +0000 WARN  DateParserVerbose - Failed to parse timestamp in first MAX_TIMESTAMP_LOOKAHEAD (128) characters of event. Defaulting to timestamp of previous event. Context: source=/var/log/app/batch.log|host=web04
10-09-2026 14:21:37.526 +0000 INFO  TailReader - Batch input finished reading file='/var/log/app/app.log.7'
10-09-2026 14:21:38.557 +0000 INFO  TailReader - Batch input finished reading file='/var/log/app/app.log.6'
10-09-2026 14:21:40.129 +0000 INFO  IndexProcessor - indexing bucket hot_v1_102 for index=main
10-09-2026 14:21:42.962 +0000 INFO  TailReader - Batch input finished reading file='/var/log/app/app.log.9'
10-09-2026 14:21:43.569 +0000 INFO  TailReader - Batch input finished reading file='/var/log/app/app.log.6'
10-09-2026 14:21:45.051 +0000 INFO  IndexProcessor - indexing bucket hot_v1_115 for index=main
10-09-2026 14:21:47.262 +0000 WARN  DateParserVerbose - Failed to parse timestamp in first MAX_TIMESTAMP_LOOKAHEAD (128) characters of event. Defaulting to timestamp of previous event. Context: source=/var/log/app/batch.log|host=web04
10-09-2026 14:21:48.733 +0000 WARN  DateParserVerbose - Failed to parse timestamp in first MAX_TIMESTAMP_LOOKAHEAD (128) characters of event. Defaulting to timestamp of previous event. Context: source=/var/log/app/batch.log|host=web04
10-09-2026 14:21:50.051 +0000 ERROR ExecProcessor - message from "/opt/splunk/bin/python3 /opt/splunk/etc/apps/TA-x/bin/poll.py" requests.exceptions.ConnectionError: timeout
10-09-2026 14:21:52.041 +0000 WARN  DateParserVerbose - Failed to parse timestamp in first MAX_TIMESTAMP_LOOKAHEAD (128) characters of event. Defaulting to timestamp of previous event. Context: source=/var/log/app/batch.log|host=web02
10-09-2026 14:21:52.846 +0000 INFO  TailReader - Batch input finished reading file='/var/log/app/app.log.7'
10-09-2026 14:21:54.900 +0000 INFO  TailReader - Batch input finished reading file='/var/log/app/app.log.8'
10-09-2026 14:21:56.822 +0000 INFO  TailReader - Batch input finished reading file='/var/log/app/app.log.1'
10-09-2026 14:21:59.770 +0000 INFO  IndexProcessor - indexing bucket hot_v1_104 for index=main
10-09-2026 14:22:00.903 +0000 WARN  DateParserVerbose - Failed to parse timestamp in first MAX_TIMESTAMP_LOOKAHEAD (128) characters of event. Defaulting to timestamp of previous event. Context: source=/var/log/app/batch.log|host=web01
10-09-2026 14:22:01.631 +0000 WARN  DateParserVerbose - Failed to parse timestamp in first MAX_TIMESTAMP_LOOKAHEAD (128) characters of event. Defaulting to timestamp of previous event. Context: source=/var/log/app/batch.log|host=web04
10-09-2026 14:22:02.686 +0000 INFO  TailReader - Batch input finished reading file='/var/log/app/app.log.2'
10-09-2026 14:22:05.800 +0000 INFO  IndexProcessor - indexing bucket hot_v1_107 for index=main
10-09-2026 14:22:06.158 +0000 INFO  TailReader - Batch input finished reading file='/var/log/app/app.log.4'
10-09-2026 14:22:08.921 +0000 INFO  TailReader - Batch input finished reading file='/var/log/app/app.log.8'
10-09-2026 14:22:09.764 +0000 INFO  IndexProcessor - indexing bucket hot_v1_115 for index=main
10-09-2026 14:22:11.754 +0000 INFO  IndexProcessor - indexing bucket hot_v1_119 for index=main
10-09-2026 14:22:13.140 +0000 INFO  TailReader - Batch input finished reading file='/var/log/app/app.log.3'
10-09-2026 14:22:15.307 +0000 WARN  DateParserVerbose - Failed to parse timestamp in first MAX_TIMESTAMP_LOOKAHEAD (128) characters of event. Defaulting to timestamp of previous event. Context: source=/var/log/app/batch.log|host=web02
10-09-2026 14:22:16.967 +0000 ERROR ExecProcessor - message from "/opt/splunk/bin/python3 /opt/splunk/etc/apps/TA-x/bin/poll.py" requests.exceptions.ConnectionError: timeout
10-09-2026 14:22:18.742 +0000 WARN  DateParserVerbose - Failed to parse timestamp in first MAX_TIMESTAMP_LOOKAHEAD (128) characters of event. Defaulting to timestamp of previous event. Context: source=/var/log/app/batch.log|host=web03
10-09-2026 14:22:19.555 +0000 INFO  TailReader - Batch input finished reading file='/var/log/app/app.log.6'
10-09-2026 14:22:20.244 +0000 INFO  IndexProcessor - indexing bucket hot_v1_107 for index=main
10-09-2026 14:22:23.980 +0000 INFO  IndexProcessor - indexing bucket hot_v1_103 for index=main
10-09-2026 14:22:24.093 +0000 INFO  IndexProcessor - indexing bucket hot_v1_102 for index=main
10-09-2026 14:22:25.001 +0000 WARN  DateParserVerbose - Failed to parse timestamp in first MAX_TIMESTAMP_LOOKAHEAD (128) characters of event. Defaulting to timestamp of previous event. Context: source=/var/log/app/batch.log|host=web02
10-09-2026 14:22:27.542 +0000 INFO  TailReader - Batch input finished reading file='/var/log/app/app.log.2'
10-09-2026 14:22:30.694 +0000 INFO  TailReader - Batch input finished reading file='/var/log/app/app.log.7'
10-09-2026 14:22:32.184 +0000 INFO  TailReader - Batch input finished reading file='/var/log/app/app.log.1'
10-09-2026 14:22:33.887 +0000 INFO  TailReader - Batch input finished reading file='/var/log/app/app.log.9'
10-09-2026 14:22:36.861 +0000 INFO  IndexProcessor - indexing bucket hot_v1_108 for index=main
10-09-2026 14:22:36.070 +0000 INFO  IndexProcessor - indexing bucket hot_v1_110 for index=main
10-09-2026 14:22:38.883 +0000 INFO  TailReader - Batch input finished reading file='/var/log/app/app.log.9'
10-09-2026 14:22:39.771 +0000 INFO  TailReader - Batch input finished reading file='/var/log/app/app.log.5'
10-09-2026 14:22:42.987 +0000 INFO  TailReader - Batch input finished reading file='/var/log/app/app.log.1'
10-09-2026 14:22:43.819 +0000 INFO  IndexProcessor - indexing bucket hot_v1_108 for index=main
10-09-2026 14:22:44.113 +0000 INFO  IndexProcessor - indexing bucket hot_v1_118 for index=main
10-09-2026 14:22:46.559 +0000 INFO  TailReader - Batch input finished reading file='/var/log/app/app.log.7'
10-09-2026 14:22:48.155 +0000 INFO  IndexProcessor - indexing bucket hot_v1_106 for index=main
10-09-2026 14:22:49.740 +0000 INFO  TailReader - Batch input finished reading file='/var/log/app/app.log.8'
10-09-2026 14:22:50.426 +0000 INFO  TailReader - Batch input finished reading file='/var/log/app/app.log.6'
10-09-2026 14:22:51.409 +0000 INFO  TailReader - Batch input finished reading file='/var/log/app/app.log.1'
10-09-2026 14:22:53.558 +0000 INFO  TailReader - Batch input finished reading file='/var/log/app/app.log.9'
10-09-2026 14:22:54.397 +0000 INFO  IndexProcessor - indexing bucket hot_v1_114 for index=main
10-09-2026 14:22:56.481 +0000 INFO  TailReader - Batch input finished reading file='/var/log/app/app.log.4'
10-09-2026 14:22:58.967 +0000 INFO  TailReader - Batch input finished reading file='/var/log/app/app.log.5'
10-09-2026 14:22:59.588 +0000 INFO  IndexProcessor - indexing bucket hot_v1_112 for index=main
10-09-2026 14:23:01.410 +0000 WARN  DateParserVerbose - Failed to parse timestamp in first MAX_TIMESTAMP_LOOKAHEAD (128) characters of event. Defaulting to timestamp of previous event. Context: source=/var/log/app/batch.log|host=web04
10-09-2026 14:23:02.730 +0000 INFO  IndexProcessor - indexing bucket hot_v1_108 for index=main
10-09-2026 14:23:04.276 +0000 INFO  TailReader - Batch input finished reading file='/var/log/app/app.log.8'
10-09-2026 14:23:06.472 +0000 WARN  DateParserVerbose - Failed to parse timestamp in first MAX_TIMESTAMP_LOOKAHEAD (128) characters of event. Defaulting to timestamp of previous event. Context: source=/var/log/app/batch.log|host=web03
10-09-2026 14:23:06.739 +0000 ERROR ExecProcessor - message from "/opt/splunk/bin/python3 /opt/splunk/etc/apps/TA-x/bin/poll.py" requests.exceptions.ConnectionError: timeout
10-09-2026 14:23:08.519 +0000 INFO  IndexProcessor - indexing bucket hot_v1_110 for index=main
10-09-2026 14:23:10.868 +0000 ERROR ExecProcessor - message from "/opt/splunk/bin/python3 /opt/splunk/etc/apps/TA-x/bin/poll.py" requests.exceptions.ConnectionError: timeout
10-09-2026 14:23:11.071 +0000 ERROR ExecProcessor - message from "/opt/splunk/bin/python3 /opt/splunk/etc/apps/TA-x/bin/poll.py" requests.exceptions.ConnectionError: timeout
10-09-2026 14:23:13.778 +0000 INFO  TailReader - Batch input finished reading file='/var/log/app/app.log.3'
10-09-2026 14:23:15.481 +0000 WARN  DateParserVerbose - Failed to parse timestamp in first MAX_TIMESTAMP_LOOKAHEAD (128) characters of event. Defaulting to timestamp of previous event. Context: source=/var/log/app/batch.log|host=web02
10-09-2026 14:23:15.655 +0000 INFO  TailReader - Batch input finished reading file='/var/log/app/app.log.4'
10-09-2026 14:23:17.252 +0000 ERROR ExecProcessor - message from "/opt/splunk/bin/python3 /opt/splunk/etc/apps/TA-x/bin/poll.py" requests.exceptions.ConnectionError: timeout
10-09-2026 14:23:19.615 +0000 ERROR ExecProcessor - message from "/opt/splunk/bin/python3 /opt/splunk/etc/apps/TA-x/bin/poll.py" requests.exceptions.ConnectionError: timeout
10-09-2026 14:23:20.167 +0000 INFO  IndexProcessor - indexing bucket hot_v1_110 for index=main
10-09-2026 14:23:21.328 +0000 INFO  IndexProcessor - indexing bucket hot_v1_103 for index=main
10-09-2026 14:23:22.381 +0000 INFO  TailReader - Batch input finished reading file='/var/log/app/app.log.9'
10-09-2026 14:23:24.357 +0000 INFO  IndexProcessor - indexing bucket hot_v1_110 for index=main
10-09-2026 14:23:26.926 +0000 INFO  TailReader - Batch input finished reading file='/var/log/app/app.log.9'
10-09-2026 14:23:27.180 +0000 INFO  TailReader - Batch input finished reading file='/var/log/app/app.log.2'
10-09-2026 14:23:28.743 +0000 WARN  DateParserVerbose - Failed to parse timestamp in first MAX_TIMESTAMP_LOOKAHEAD (128) characters of event. Defaulting to timestamp of previous event. Context: source=/var/log/app/batch.log|host=web04
10-09-2026 14:23:30.680 +0000 ERROR ExecProcessor - message from "/opt/splunk/bin/python3 /opt/splunk/etc/apps/TA-x/bin/poll.py" requests.exceptions.ConnectionError: timeout
10-09-2026 14:23:31.622 +0000 INFO  TailReader - Batch input finished reading file='/var/log/app/app.log.9'
10-09-2026 14:23:33.132 +0000 WARN  DateParserVerbose - Failed to parse timestamp in first MAX_TIMESTAMP_LOOKAHEAD (128) characters of event. Defaulting to timestamp of previous event. Context: source=/var/log/app/batch.log|host=web02
10-09-2026 14:23:35.062 +0000 INFO  TailReader - Batch input finished reading file='/var/log/app/app.log.6'
10-09-2026 14:23:36.881 +0000 INFO  TailReader - Batch input finished reading file='/var/log/app/app.log.3'
10-09-2026 14:23:37.199 +0000 INFO  TailReader - Batch input finished reading file='/var/log/app/app.log.8'
10-09-2026 14:23:39.762 +0000 WARN  DateParserVerbose - Failed to parse timestamp in first MAX_TIMESTAMP_LOOKAHEAD (128) characters of event. Defaulting to timestamp of previous event. Context: source=/var/log/app/batch.log|host=web01
10-09-2026 14:23:40.791 +0000 INFO  TailReader - Batch input finished reading file='/var/log/app/app.log.9'
10-09-2026 14:23:41.916 +0000 INFO  TailReader - Batch input finished reading file='/var/log/app/app.log.9'
10-09-2026 14:23:42.213 +0000 INFO  TailReader - Batch input finished reading file='/var/log/app/app.log.4'
10-09-2026 14:23:43.974 +0000 INFO  TailReader - Batch input finished reading file='/var/log/app/app.log.6'
10-09-2026 14:23:46.701 +0000 WARN  DateParserVerbose - Failed to parse timestamp in first MAX_TIMESTAMP_LOOKAHEAD (128) characters of event. Defaulting to timestamp of previous event. Context: source=/var/log/app/batch.log|host=web02
10-09-2026 14:23:47.217 +0000 INFO  TailReader - Batch input finished reading file='/var/log/app/app.log.4'
10-09-2026 14:23:49.128 +0000 INFO  IndexProcessor - indexing bucket hot_v1_117 for index=main
10-09-2026 14:23:51.467 +0000 INFO  TailReader - Batch input finished reading file='/var/log/app/app.log.4'
10-09-2026 14:23:53.437 +0000 INFO  TailReader - Batch input finished reading file='/var/log/app/app.log.7'
10-09-2026 14:23:56.267 +0000 INFO  TailReader - Batch input finished reading file='/var/log/app/app.log.4'
10-09-2026 14:23:56.076 +0000 INFO  TailReader - Batch input finished reading file='/var/log/app/app.log.6'
10-09-2026 14:23:58.330 +0000 INFO  IndexProcessor - indexing bucket hot_v1_114 for index=main
10-09-2026 14:23:59.784 +0000 INFO  TailReader - Batch input finished reading file='/var/log/app/app.log.7'
10-09-2026 14:24:00.085 +0000 INFO  TailReader - Batch input finished reading file='/var/log/app/app.log.1'
10-09-2026 14:24:02.087 +0000 INFO  TailReader - Batch input finished reading file='/var/log/app/app.log.9'
10-09-2026 14:24:03.827 +0000 WARN  DateParserVerbose - Failed to parse timestamp in first MAX_TIMESTAMP_LOOKAHEAD (128) characters of event. Defaulting to timestamp of previous event. Context: source=/var/log/app/batch.log|host=web04
10-09-2026 14:24:05.858 +0000 INFO  TailReader - Batch input finished reading file='/var/log/app/app.log.9'
10-09-2026 14:24:08.206 +0000 INFO  TailReader - Batch input finished reading file='/var/log/app/app.log.6'
10-09-2026 14:24:08.498 +0000 INFO  TailReader - Batch input finished reading file='/var/log/app/app.log.9'
10-09-2026 14:24:10.595 +0000 INFO  TailReader - Batch input finished reading file='/var/log/app/app.log.1'
10-09-2026 14:24:12.758 +0000 INFO  IndexProcessor - indexing bucket hot_v1_108 for index=main
10-09-2026 14:24:13.301 +0000 INFO  TailReader - Batch input finished reading file='/var/log/app/app.log.8'
10-09-2026 14:24:15.223 +0000 INFO  IndexProcessor - indexing bucket hot_v1_118 for index=main
10-09-2026 14:24:17.877 +0000 ERROR ExecProcessor - message from "/opt/splunk/bin/python3 /opt/splunk/etc/apps/TA-x/bin/poll.py" requests.exceptions.ConnectionError: timeout
10-09-2026 14:24:20.479 +0000 INFO  IndexProcessor - indexing bucket hot_v1_117 for index=main
10-09-2026 14:24:22.671 +0000 WARN  DateParserVerbose - Failed to parse timestamp in first MAX_TIMESTAMP_LOOKAHEAD (128) characters of event. Defaulting to timestamp of previous event. Context: source=/var/log/app/batch.log|host=web02
10-09-2026 14:24:24.285 +0000 WARN  DateParserVerbose - Failed to parse timestamp in first MAX_TIMESTAMP_LOOKAHEAD (128) characters of event. Defaulting to timestamp of previous event. Context: source=/var/log/app/batch.log|host=web02
10-09-2026 14:24:25.599 +0000 INFO  TailReader - Batch input finished reading file='/var/log/app/app.log.1'
10-09-2026 14:24:27.466 +0000 INFO  TailReader - Batch input finished reading file='/var/log/app/app.log.9'
10-09-2026 14:24:29.112 +0000 WARN  DateParserVerbose - Failed to parse timestamp in first MAX_TIMESTAMP_LOOKAHEAD (128) characters of event. Defaulting to timestamp of previous event. Context: source=/var/log/app/batch.log|host=web02
10-09-2026 14:24:30.823 +0000 INFO  IndexProcessor - indexing bucket hot_v1_103 for index=main
10-09-2026 14:24:31.903 +0000 INFO  TailReader - Batch input finished reading file='/var/log/app/app.log.7'
10-09-2026 14:24:33.811 +0000 INFO  IndexProcessor - indexing bucket hot_v1_103 for index=main
10-09-2026 14:24:35.305 +0000 INFO  TailReader - Batch input finished reading file='/var/log/app/app.log.9'
10-09-2026 14:24:36.739 +0000 ERROR ExecProcessor - message from "/opt/splunk/bin/python3 /opt/splunk/etc/apps/TA-x/bin/poll.py" requests.exceptions.ConnectionError: timeout
10-09-2026 14:24:37.446 +0000 WARN  DateParserVerbose - Failed to parse timestamp in first MAX_TIMESTAMP_LOOKAHEAD (128) characters of event. Defaulting to timestamp of previous event. Context: source=/var/log/app/batch.log|host=web02
10-09-2026 14:24:38.089 +0000 WARN  DateParserVerbose - Failed to parse timestamp in first MAX_TIMESTAMP_LOOKAHEAD (128) characters of event. Defaulting to timestamp of previous event. Context: source=/var/log/app/batch.log|host=web03
10-09-2026 14:24:40.448 +0000 INFO  TailReader - Batch input finished reading file='/var/log/app/app.log.9'
10-09-2026 14:24:42.073 +0000 WARN  DateParserVerbose - Failed to parse timestamp in first MAX_TIMESTAMP_LOOKAHEAD (128) characters of event. Defaulting to timestamp of previous event. Context: source=/var/log/app/batch.log|host=web01
10-09-2026 14:24:44.338 +0000 WARN  DateParserVerbose - Failed to parse timestamp in first MAX_TIMESTAMP_LOOKAHEAD (128) characters of event. Defaulting to timestamp of previous event. Context: source=/var/log/app/batch.log|host=web03
10-09-2026 14:24:45.345 +0000 WARN  DateParserVerbose - Failed to parse timestamp in first MAX_TIMESTAMP_LOOKAHEAD (128) characters of event. Defaulting to timestamp of previous event. Context: source=/var/log/app/batch.log|host=web04
10-09-2026 14:24:46.803 +0000 INFO  IndexProcessor - indexing bucket hot_v1_105 for index=main
10-09-2026 14:24:48.757 +0000 INFO  TailReader - Batch input finished reading file='/var/log/app/app.log.1'
10-09-2026 14:24:50.344 +0000 INFO  TailReader - Batch input finished reading file='/var/log/app/app.log.1'
10-09-2026 14:24:52.192 +0000 WARN  DateParserVerbose - Failed to parse timestamp in first MAX_TIMESTAMP_LOOKAHEAD (128) characters of event. Defaulting to timestamp of previous event. Context: source=/var/log/app/batch.log|host=web03
10-09-2026 14:24:53.896 +0000 WARN  DateParserVerbose - Failed to parse timestamp in first MAX_TIMESTAMP_LOOKAHEAD (128) characters of event. Defaulting to timestamp of previous event. Context: source=/var/log/app/batch.log|host=web02
10-09-2026 14:24:55.174 +0000 INFO  IndexProcessor - indexing bucket hot_v1_116 for index=main
10-09-2026 14:24:56.779 +0000 INFO  TailReader - Batch input finished reading file='/var/log/app/app.log.2'
10-09-2026 14:24:57.357 +0000 INFO  IndexProcessor - indexing bucket hot_v1_111 for index=main
10-09-2026 14:24:58.037 +0000 INFO  TailReader - Batch input finished reading file='/var/log/app/app.log.8'
10-09-2026 14:24:59.665 +0000 INFO  TailReader - Batch input finished reading file='/var/log/app/app.log.3'
10-09-2026 14:25:00.207 +0000 WARN  DateParserVerbose - Failed to parse timestamp in first MAX_TIMESTAMP_LOOKAHEAD (128) characters of event. Defaulting to timestamp of previous event. Context: source=/var/log/app/batch.log|host=web03
10-09-2026 14:25:00.186 +0000 INFO  TailReader - Batch input finished reading file='/var/log/app/app.log.1'
10-09-2026 14:25:02.272 +0000 INFO  TailReader - Batch input finished reading file='/var/log/app/app.log.7'
10-09-2026 14:25:02.761 +0000 INFO  TailReader - Batch input finished reading file='/var/log/app/app.log.4'
10-09-2026 14:25:04.087 +0000 INFO  TailReader - Batch input finished reading file='/var/log/app/app.log.5'
10-09-2026 14:25:05.325 +0000 INFO  TailReader - Batch input finished reading file='/var/log/app/app.log.2'
10-09-2026 14:25:07.506 +0000 INFO  TailReader - Batch input finished reading file='/var/log/app/app.log.6'
10-09-2026 14:25:08.240 +0000 INFO  TailReader - Batch input finished reading file='/var/log/app/app.log.1'
10-09-2026 14:25:10.554 +0000 WARN  DateParserVerbose - Failed to parse timestamp in first MAX_TIMESTAMP_LOOKAHEAD (128) characters of event. Defaulting to timestamp of previous event. Context: source=/var/log/app/batch.log|host=web01
10-09-2026 14:25:11.911 +0000 WARN  DateParserVerbose - Failed to parse timestamp in first MAX_TIMESTAMP_LOOKAHEAD (128) characters of event. Defaulting to timestamp of previous event. Context: source=/var/log/app/batch.log|host=web01
10-09-2026 14:25:13.395 +0000 WARN  DateParserVerbose - Failed to parse timestamp in first MAX_TIMESTAMP_LOOKAHEAD (128) characters of event. Defaulting to timestamp of previous event. Context: source=/var/log/app/batch.log|host=web01
10-09-2026 14:25:15.181 +0000 INFO  TailReader - Batch input finished reading file='/var/log/app/app.log.2'
10-09-2026 14:25:17.516 +0000 INFO  TailReader - Batch input finished reading file='/var/log/app/app.log.6'
10-09-2026 14:25:18.094 +0000 WARN  DateParserVerbose - Failed to parse timestamp in first MAX_TIMESTAMP_LOOKAHEAD (128) characters of event. Defaulting to timestamp of previous event. Context: source=/var/log/app/batch.log|host=web02
10-09-2026 14:25:19.933 +0000 WARN  DateParserVerbose - Failed to parse timestamp in first MAX_TIMESTAMP_LOOKAHEAD (128) characters of event. Defaulting to timestamp of previous event. Context: source=/var/log/app/batch.log|host=web04
10-09-2026 14:25:21.064 +0000 INFO  TailReader - Batch input finished reading file='/var/log/app/app.log.1'
10-09-2026 14:25:23.595 +0000 INFO  TailReader - Batch input finished reading file='/var/log/app/app.log.4'
10-09-2026 14:25:24.090 +0000 INFO  TailReader - Batch input finished reading file='/var/log/app/app.log.8'
10-09-2026 14:25:25.522 +0000 INFO  TailReader - Batch input finished reading file='/var/log/app/app.log.9'
10-09-2026 14:25:27.683 +0000 INFO  IndexProcessor - indexing bucket hot_v1_104 for index=main
10-09-2026 14:25:28.809 +0000 INFO  TailReader - Batch input finished reading file='/var/log/app/app.log.6'
10-09-2026 14:25:30.059 +0000 INFO  TailReader - Batch input finished reading file='/var/log/app/app.log.8'
10-09-2026 14:25:31.046 +0000 ERROR ExecProcessor - message from "/opt/splunk/bin/python3 /opt/splunk/etc/apps/TA-x/bin/poll.py" requests.exceptions.ConnectionError: timeout
10-09-2026 14:25:32.311 +0000 INFO  TailReader - Batch input finished reading file='/var/log/app/app.log.7'
10-09-2026 14:25:34.756 +0000 INFO  TailReader - Batch input finished reading file='/var/log/app/app.log.8'
10-09-2026 14:25:34.990 +0000 INFO  IndexProcessor - indexing bucket hot_v1_106 for index=main
10-09-2026 14:25:37.371 +0000 INFO  TailReader - Batch input finished reading file='/var/log/app/app.log.6'
10-09-2026 14:25:39.867 +0000 INFO  TailReader - Batch input finished reading file='/var/log/app/app.log.1'
10-09-2026 14:25:41.796 +0000 WARN  DateParserVerbose - Failed to parse timestamp in first MAX_TIMESTAMP_LOOKAHEAD (128) characters of event. Defaulting to timestamp of previous event. Context: source=/var/log/app/batch.log|host=web03
10-09-2026 14:25:43.113 +0000 INFO  TailReader - Batch input finished reading file='/var/log/app/app.log.7'
10-09-2026 14:25:45.449 +0000 INFO  IndexProcessor - indexing bucket hot_v1_105 for index=main
10-09-2026 14:25:47.469 +0000 INFO  TailReader - Batch input finished reading file='/var/log/app/app.log.9'
10-09-2026 14:25:49.142 +0000 INFO  TailReader - Batch input finished reading file='/var/log/app/app.log.8'
10-09-2026 14:25:50.822 +0000 INFO  IndexProcessor - indexing bucket hot_v1_119 for index=main
10-09-2026 14:25:51.305 +0000 INFO  TailReader - Batch input finished reading file='/var/log/app/app.log.3'
10-09-2026 14:25:52.076 +0000 INFO  TailReader - Batch input finished reading file='/var/log/app/app.log.9'
10-09-2026 14:25:53.331 +0000 INFO  IndexProcessor - indexing bucket hot_v1_115 for index=main
10-09-2026 14:25:56.021 +0000 INFO  IndexProcessor - indexing bucket hot_v1_110 for index=main
10-09-2026 14:25:58.537 +0000 INFO  TailReader - Batch input finished reading file='/var/log/app/app.log.7'
10-09-2026 14:26:00.894 +0000 INFO  IndexProcessor - indexing bucket hot_v1_117 for index=main
10-09-2026 14:26:00.420 +0000 INFO  TailReader - Batch input finished reading file='/var/log/app/app.log.3'
10-09-2026 14:26:02.320 +0000 INFO  TailReader - Batch input finished reading file='/var/log/app/app.log.8'
10-09-2026 14:26:03.162 +0000 WARN  DateParserVerbose - Failed to parse timestamp in first MAX_TIMESTAMP_LOOKAHEAD (128) characters of event. Defaulting to timestamp of previous event. Context: source=/var/log/app/batch.log|host=web02
10-09-2026 14:26:04.597 +0000 INFO  TailReader - Batch input finished reading file='/var/log/app/app.log.6'
10-09-2026 14:26:05.947 +0000 INFO  TailReader - Batch input finished reading file='/var/log/app/app.log.7'
10-09-2026 14:26:07.544 +0000 ERROR ExecProcessor - message from "/opt/splunk/bin/python3 /opt/splunk/etc/apps/TA-x/bin/poll.py" requests.exceptions.ConnectionError: timeout
10-09-2026 14:26:08.430 +0000 INFO  TailReader - Batch input finished reading file='/var/log/app/app.log.2'
10-09-2026 14:26:10.115 +0000 INFO  TailReader - Batch input finished reading file='/var/log/app/app.log.1'
10-09-2026 14:26:11.181 +0000 WARN  DateParserVerbose - Failed to parse timestamp in first MAX_TIMESTAMP_LOOKAHEAD (128) characters of event. Defaulting to timestamp of previous event. Context: source=/var/log/app/batch.log|host=web03
10-09-2026 14:26:13.318 +0000 INFO  TailReader - Batch input finished reading file='/var/log/app/app.log.3'
10-09-2026 14:26:14.413 +0000 INFO  TailReader - Batch input finished reading file='/var/log/app/app.log.2'
10-09-2026 14:26:16.749 +0000 INFO  TailReader - Batch input finished reading file='/var/log/app/app.log.1'
10-09-2026 14:26:18.725 +0000 INFO  IndexProcessor - indexing bucket hot_v1_106 for index=main
10-09-2026 14:26:20.609 +0000 ERROR ExecProcessor - message from "/opt/splunk/bin/python3 /opt/splunk/etc/apps/TA-x/bin/poll.py" requests.exceptions.ConnectionError: timeout
10-09-2026 14:26:21.925 +0000 INFO  IndexProcessor - indexing bucket hot_v1_110 for index=main
10-09-2026 14:26:23.217 +0000 INFO  TailReader - Batch input finished reading file='/var/log/app/app.log.1'
10-09-2026 14:26:25.944 +0000 INFO  IndexProcessor - indexing bucket hot_v1_102 for index=main
10-09-2026 14:26:27.368 +0000 INFO  TailReader - Batch input finished reading file='/var/log/app/app.log.7'
10-09-2026 14:26:29.619 +0000 INFO  TailReader - Batch input finished reading file='/var/log/app/app.log.4'
10-09-2026 14:26:31.200 +0000 INFO  TailReader - Batch input finished reading file='/var/log/app/app.log.5'
10-09-2026 14:26:32.058 +0000 INFO  TailReader - Batch input finished reading file='/var/log/app/app.log.2'
10-09-2026 14:26:33.099 +0000 INFO  TailReader - Batch input finished reading file='/var/log/app/app.log.1'
10-09-2026 14:26:34.737 +0000 INFO  TailReader - Batch input finished reading file='/var/log/app/app.log.1'
10-09-2026 14:26:36.062 +0000 WARN  DateParserVerbose - Failed to parse timestamp in first MAX_TIMESTAMP_LOOKAHEAD (128) characters of event. Defaulting to timestamp of previous event. Context: source=/var/log/app/batch.log|host=web02
10-09-2026 14:26:37.753 +0000 INFO  IndexProcessor - indexing bucket hot_v1_115 for index=main
10-09-2026 14:26:39.954 +0000 ERROR ExecProcessor - message from "/opt/splunk/bin/python3 /opt/splunk/etc/apps/TA-x/bin/poll.py" requests.exceptions.ConnectionError: timeout
10-09-2026 14:26:42.301 +0000 INFO  TailReader - Batch input finished reading file='/var/log/app/app.log.3'
10-09-2026 14:26:43.571 +0000 INFO  TailReader - Batch input finished reading file='/var/log/app/app.log.1'
10-09-2026 14:26:44.364 +0000 INFO  IndexProcessor - indexing bucket hot_v1_113 for index=main
10-09-2026 14:26:46.215 +0000 INFO  TailReader - Batch input finished reading file='/var/log/app/app.log.4'
10-09-2026 14:26:48.649 +0000 INFO  TailReader - Batch input finished reading file='/var/log/app/app.log.8'
10-09-2026 14:26:49.331 +0000 INFO  TailReader - Batch input finished reading file='/var/log/app/app.log.3'
10-09-2026 14:26:51.740 +0000 INFO  TailReader - Batch input finished reading file='/var/log/app/app.log.2'
10-09-2026 14:26:52.345 +0000 INFO  TailReader - Batch input finished reading file='/var/log/app/app.log.3'
10-09-2026 14:26:53.557 +0000 INFO  TailReader - Batch input finished reading file='/var/log/app/app.log.8'
10-09-2026 14:26:54.839 +0000 INFO  TailReader - Batch input finished reading file='/var/log/app/app.log.7'
10-09-2026 14:26:57.446 +0000 INFO  IndexProcessor - indexing bucket hot_v1_100 for index=main
10-09-2026 14:26:59.100 +0000 INFO  TailReader - Batch input finished reading file='/var/log/app/app.log.2'
10-09-2026 14:27:01.811 +0000 INFO  IndexProcessor - indexing bucket hot_v1_107 for index=main
10-09-2026 14:27:04.595 +0000 INFO  TailReader - Batch input finished reading file='/var/log/app/app.log.9'
10-09-2026 14:27:05.910 +0000 INFO  IndexProcessor - indexing bucket hot_v1_104 for index=main
10-09-2026 14:27:07.150 +0000 INFO  TailReader - Batch input finished reading file='/var/log/app/app.log.6'
10-09-2026 14:27:09.936 +0000 WARN  DateParserVerbose - Failed to parse timestamp in first MAX_TIMESTAMP_LOOKAHEAD (128) characters of event. Defaulting to timestamp of previous event. Context: source=/var/log/app/batch.log|host=web02
10-09-2026 14:27:11.290 +0000 INFO  TailReader - Batch input finished reading file='/var/log/app/app.log.8'
10-09-2026 14:27:12.613 +0000 ERROR ExecProcessor - message from "/opt/splunk/bin/python3 /opt/splunk/etc/apps/TA-x/bin/poll.py" requests.exceptions.ConnectionError: timeout
10-09-2026 14:27:14.304 +0000 INFO  TailReader - Batch input finished reading file='/var/log/app/app.log.7'
10-09-2026 14:27:15.939 +0000 INFO  IndexProcessor - indexing bucket hot_v1_113 for index=main
10-09-2026 14:27:15.647 +0000 INFO  TailReader - Batch input finished reading file='/var/log/app/app.log.9'
10-09-2026 14:27:17.866 +0000 WARN  DateParserVerbose - Failed to parse timestamp in first MAX_TIMESTAMP_LOOKAHEAD (128) characters of event. Defaulting to timestamp of previous event. Context: source=/var/log/app/batch.log|host=web02
10-09-2026 14:27:19.497 +0000 INFO  TailReader - Batch input finished reading file='/var/log/app/app.log.8'
10-09-2026 14:27:20.035 +0000 INFO  TailReader - Batch input finished reading file='/var/log/app/app.log.3'
10-09-2026 14:27:23.357 +0000 WARN  DateParserVerbose - Failed to parse timestamp in first MAX_TIMESTAMP_LOOKAHEAD (128) characters of event. Defaulting to timestamp of previous event. Context: source=/var/log/app/batch.log|host=web04
10-09-2026 14:27:24.294 +0000 INFO  IndexProcessor - indexing bucket hot_v1_113 for index=main
10-09-2026 14:27:25.557 +0000 INFO  IndexProcessor - indexing bucket hot_v1_101 for index=main
10-09-2026 14:27:25.269 +0000 INFO  IndexProcessor - indexing bucket hot_v1_120 for index=main
10-09-2026 14:27:26.442 +0000 INFO  TailReader - Batch input finished reading file='/var/log/app/app.log.3'
10-09-2026 14:27:28.206 +0000 INFO  TailReader - Batch input finished reading file='/var/log/app/app.log.2'
10-09-2026 14:27:29.683 +0000 INFO  IndexProcessor - indexing bucket hot_v1_107 for index=main
10-09-2026 14:27:31.859 +0000 ERROR ExecProcessor - message from "/opt/splunk/bin/python3 /opt/splunk/etc/apps/TA-x/bin/poll.py" requests.exceptions.ConnectionError: timeout
10-09-2026 14:27:32.622 +0000 INFO  TailReader - Batch input finished reading file='/var/log/app/app.log.9'
10-09-2026 14:27:33.889 +0000 WARN  DateParserVerbose - Failed to parse timestamp in first MAX_TIMESTAMP_LOOKAHEAD (128) characters of event. Defaulting to timestamp of previous event. Context: source=/var/log/app/batch.log|host=web04
10-09-2026 14:27:35.433 +0000 INFO  IndexProcessor - indexing bucket hot_v1_108 for index=main
10-09-2026 14:27:36.967 +0000 INFO  TailReader - Batch input finished reading file='/var/log/app/app.log.4'
10-09-2026 14:27:38.727 +0000 WARN  DateParserVerbose - Failed to parse timestamp in first MAX_TIMESTAMP_LOOKAHEAD (128) characters of event. Defaulting to timestamp of previous event. Context: source=/var/log/app/batch.log|host=web04
10-09-2026 14:27:40.702 +0000 INFO  TailReader - Batch input finished reading file='/var/log/app/app.log.2'
10-09-2026 14:27:42.183 +0000 WARN  DateParserVerbose - Failed to parse timestamp in first MAX_TIMESTAMP_LOOKAHEAD (128) characters of event. Defaulting to timestamp of previous event. Context: source=/var/log/app/batch.log|host=web01
10-09-2026 14:27:44.618 +0000 WARN  DateParserVerbose - Failed to parse timestamp in first MAX_TIMESTAMP_LOOKAHEAD (128) characters of event. Defaulting to timestamp of previous event. Context: source=/var/log/app/batch.log|host=web03
10-09-2026 14:27:45.574 +0000 INFO  TailReader - Batch input finished reading file='/var/log/app/app.log.2'
10-09-2026 14:27:47.084 +0000 INFO  TailReader - Batch input finished reading file='/var/log/app/app.log.8'
10-09-2026 14:27:49.617 +0000 INFO  IndexProcessor - indexing bucket hot_v1_111 for index=main
10-09-2026 14:27:51.992 +0000 INFO  TailReader - Batch input finished reading file='/var/log/app/app.log.3'
10-09-2026 14:27:52.118 +0000 INFO  TailReader - Batch input finished reading file='/var/log/app/app.log.9'
10-09-2026 14:27:54.495 +0000 INFO  IndexProcessor - indexing bucket hot_v1_105 for index=main
10-09-2026 14:27:55.278 +0000 INFO  TailReader - Batch input finished reading file='/var/log/app/app.log.4'
10-09-2026 14:27:56.528 +0000 INFO  TailReader - Batch input finished reading file='/var/log/app/app.log.4'
10-09-2026 14:27:57.613 +0000 INFO  TailReader - Batch input finished reading file='/var/log/app/app.log.7'
10-09-2026 14:27:58.683 +0000 WARN  DateParserVerbose - Failed to parse timestamp in first MAX_TIMESTAMP_LOOKAHEAD (128) characters of event. Defaulting to timestamp of previous event. Context: source=/var/log/app/batch.log|host=web03
10-09-2026 14:27:59.198 +0000 INFO  IndexProcessor - indexing bucket hot_v1_112 for index=main
10-09-2026 14:28:01.396 +0000 INFO  IndexProcessor - indexing bucket hot_v1_112 for index=main
10-09-2026 14:28:03.612 +0000 ERROR ExecProcessor - message from "/opt/splunk/bin/python3 /opt/splunk/etc/apps/TA-x/bin/poll.py" requests.exceptions.ConnectionError: timeout
10-09-2026 14:28:04.862 +0000 INFO  TailReader - Batch input finished reading file='/var/log/app/app.log.7'
10-09-2026 14:28:05.319 +0000 INFO  IndexProcessor - indexing bucket hot_v1_107 for index=main
10-09-2026 14:28:07.258 +0000 INFO  IndexProcessor - indexing bucket hot_v1_104 for index=main
10-09-2026 14:28:09.845 +0000 INFO  TailReader - Batch input finished reading file='/var/log/app/app.log.6'
10-09-2026 14:28:11.730 +0000 INFO  TailReader - Batch input finished reading file='/var/log/app/app.log.7'
10-09-2026 14:28:13.612 +0000 INFO  IndexProcessor - indexing bucket hot_v1_108 for index=main
10-09-2026 14:28:14.089 +0000 INFO  TailReader - Batch input finished reading file='/var/log/app/app.log.1'
10-09-2026 14:28:15.865 +0000 INFO  TailReader - Batch input finished reading file='/var/log/app/app.log.4'
10-09-2026 14:28:18.957 +0000 INFO  TailReader - Batch input finished reading file='/var/log/app/app.log.6'
10-09-2026 14:28:19.747 +0000 INFO  TailReader - Batch input finished reading file='/var/log/app/app.log.6'
10-09-2026 14:28:20.141 +0000 WARN  DateParserVerbose - Failed to parse timestamp in first MAX_TIMESTAMP_LOOKAHEAD (128) characters of event. Defaulting to timestamp of previous event. Context: source=/var/log/app/batch.log|host=web04
10-09-2026 14:28:22.889 +0000 INFO  IndexProcessor - indexing bucket hot_v1_118 for index=main
10-09-2026 14:28:23.291 +0000 INFO  IndexProcessor - indexing bucket hot_v1_114 for index=main
10-09-2026 14:28:25.294 +0000 INFO  TailReader - Batch input finished reading file='/var/log/app/app.log.6'
10-09-2026 14:28:25.665 +0000 INFO  TailReader - Batch input finished reading file='/var/log/app/app.log.2'
10-09-2026 14:28:27.792 +0000 INFO  TailReader - Batch input finished reading file='/var/log/app/app.log.9'
10-09-2026 14:28:28.673 +0000 WARN  DateParserVerbose - Failed to parse timestamp in first MAX_TIMESTAMP_LOOKAHEAD (128) characters of event. Defaulting to timestamp of previous event. Context: source=/var/log/app/batch.log|host=web01
10-09-2026 14:28:29.099 +0000 INFO  TailReader - Batch input finished reading file='/var/log/app/app.log.9'
10-09-2026 14:28:31.873 +0000 INFO  IndexProcessor - indexing bucket hot_v1_113 for index=main
10-09-2026 14:28:32.597 +0000 INFO  IndexProcessor - indexing bucket hot_v1_100 for index=main
10-09-2026 14:28:33.241 +0000 WARN  DateParserVerbose - Failed to parse timestamp in first MAX_TIMESTAMP_LOOKAHEAD (128) characters of event. Defaulting to timestamp of previous event. Context: source=/var/log/app/batch.log|host=web03
10-09-2026 14:28:36.831 +0000 INFO  IndexProcessor - indexing bucket hot_v1_117 for index=main
10-09-2026 14:28:38.518 +0000 INFO  TailReader - Batch input finished reading file='/var/log/app/app.log.4'
10-09-2026 14:28:39.192 +0000 ERROR ExecProcessor - message from "/opt/splunk/bin/python3 /opt/splunk/etc/apps/TA-x/bin/poll.py" requests.exceptions.ConnectionError: timeout
10-09-2026 14:28:41.967 +0000 INFO  IndexProcessor - indexing bucket hot_v1_120 for index=main
10-09-2026 14:28:42.210 +0000 INFO  TailReader - Batch input finished reading file='/var/log/app/app.log.4'
10-09-2026 14:28:44.616 +0000 INFO  IndexProcessor - indexing bucket hot_v1_111 for index=main
10-09-2026 14:28:44.589 +0000 WARN  DateParserVerbose - Failed to parse timestamp in first MAX_TIMESTAMP_LOOKAHEAD (128) characters of event. Defaulting to timestamp of previous event. Context: source=/var/log/app/batch.log|host=web02
10-09-2026 14:28:47.342 +0000 INFO  IndexProcessor - indexing bucket hot_v1_113 for index=main
10-09-2026 14:28:48.488 +0000 INFO  TailReader - Batch input finished reading file='/var/log/app/app.log.4'
10-09-2026 14:28:49.776 +0000 INFO  TailReader - Batch input finished reading file='/var/log/app/app.log.3'
10-09-2026 14:28:51.270 +0000 INFO  TailReader - Batch input finished reading file='/var/log/app/app.log.1'
10-09-2026 14:28:52.017 +0000 INFO  TailReader - Batch input finished reading file='/var/log/app/app.log.7'
10-09-2026 14:28:54.814 +0000 INFO  TailReader - Batch input finished reading file='/var/log/app/app.log.4'
10-09-2026 14:28:55.059 +0000 INFO  TailReader - Batch input finished reading file='/var/log/app/app.log.4'
10-09-2026 14:28:57.149 +0000 INFO  IndexProcessor - indexing bucket hot_v1_100 for index=main
10-09-2026 14:28:57.778 +0000 INFO  TailReader - Batch input finished reading file='/var/log/app/app.log.6'
10-09-2026 14:28:58.810 +0000 INFO  IndexProcessor - indexing bucket hot_v1_103 for index=main
10-09-2026 14:29:01.752 +0000 INFO  IndexProcessor - indexing bucket hot_v1_119 for index=main
10-09-2026 14:29:03.194 +0000 INFO  TailReader - Batch input finished reading file='/var/log/app/app.log.9'
10-09-2026 14:29:04.944 +0000 INFO  TailReader - Batch input finished reading file='/var/log/app/app.log.3'
10-09-2026 14:29:06.568 +0000 INFO  TailReader - Batch input finished reading file='/var/log/app/app.log.8'
10-09-2026 14:29:07.231 +0000 INFO  TailReader - Batch input finished reading file='/var/log/app/app.log.9'
10-09-2026 14:29:09.446 +0000 INFO  IndexProcessor - indexing bucket hot_v1_116 for index=main
10-09-2026 14:29:10.556 +0000 INFO  TailReader - Batch input finished reading file='/var/log/app/app.log.4'
10-09-2026 14:29:12.316 +0000 INFO  IndexProcessor - indexing bucket hot_v1_115 for index=main
10-09-2026 14:29:13.377 +0000 WARN  DateParserVerbose - Failed to parse timestamp in first MAX_TIMESTAMP_LOOKAHEAD (128) characters of event. Defaulting to timestamp of previous event. Context: source=/var/log/app/batch.log|host=web02
10-09-2026 14:29:14.833 +0000 ERROR ExecProcessor - message from "/opt/splunk/bin/python3 /opt/splunk/etc/apps/TA-x/bin/poll.py" requests.exceptions.ConnectionError: timeout
10-09-2026 14:29:15.024 +0000 INFO  TailReader - Batch input finished reading file='/var/log/app/app.log.9'
10-09-2026 14:29:17.046 +0000 INFO  TailReader - Batch input finished reading file='/var/log/app/app.log.4'
10-09-2026 14:29:18.700 +0000 INFO  TailReader - Batch input finished reading file='/var/log/app/app.log.8'
10-09-2026 14:29:19.609 +0000 WARN  DateParserVerbose - Failed to parse timestamp in first MAX_TIMESTAMP_LOOKAHEAD (128) characters of event. Defaulting to timestamp of previous event. Context: source=/var/log/app/batch.log|host=web03
10-09-2026 14:29:21.654 +0000 WARN  DateParserVerbose - Failed to parse timestamp in first MAX_TIMESTAMP_LOOKAHEAD (128) characters of event. Defaulting to timestamp of previous event. Context: source=/var/log/app/batch.log|host=web03
10-09-2026 14:29:23.983 +0000 INFO  TailReader - Batch input finished reading file='/var/log/app/app.log.9'
10-09-2026 14:29:24.667 +0000 INFO  IndexProcessor - indexing bucket hot_v1_120 for index=main
10-09-2026 14:29:25.033 +0000 ERROR ExecProcessor - message from "/opt/splunk/bin/python3 /opt/splunk/etc/apps/TA-x/bin/poll.py" requests.exceptions.ConnectionError: timeout
10-09-2026 14:29:27.276 +0000 WARN  DateParserVerbose - Failed to parse timestamp in first MAX_TIMESTAMP_LOOKAHEAD (128) characters of event. Defaulting to timestamp of previous event. Context: source=/var/log/app/batch.log|host=web01
10-09-2026 14:29:29.755 +0000 INFO  IndexProcessor - indexing bucket hot_v1_110 for index=main
10-09-2026 14:29:31.072 +0000 INFO  TailReader - Batch input finished reading file='/var/log/app/app.log.7'
10-09-2026 14:29:33.397 +0000 INFO  IndexProcessor - indexing bucket hot_v1_117 for index=main
10-09-2026 14:29:35.683 +0000 INFO  TailReader - Batch input finished reading file='/var/log/app/app.log.9'
10-09-2026 14:29:35.896 +0000 INFO  IndexProcessor - indexing bucket hot_v1_117 for index=main
10-09-2026 14:29:36.002 +0000 WARN  DateParserVerbose - Failed to parse timestamp in first MAX_TIMESTAMP_LOOKAHEAD (128) characters of event. Defaulting to timestamp of previous event. Context: source=/var/log/app/batch.log|host=web01
10-09-2026 14:29:38.005 +0000 INFO  IndexProcessor - indexing bucket hot_v1_118 for index=main
10-09-2026 14:29:40.043 +0000 WARN  DateParserVerbose - Failed to parse timestamp in first MAX_TIMESTAMP_LOOKAHEAD (128) characters of event. Defaulting to timestamp of previous event. Context: source=/var/log/app/batch.log|host=web03
10-09-2026 14:29:41.777 +0000 INFO  TailReader - Batch input finished reading file='/var/log/app/app.log.5'
10-09-2026 14:29:43.565 +0000 INFO  IndexProcessor - indexing bucket hot_v1_107 for index=main
10-09-2026 14:29:44.791 +0000 INFO  IndexProcessor - indexing bucket hot_v1_111 for index=main
10-09-2026 14:29:46.534 +0000 INFO  TailReader - Batch input finished reading file='/var/log/app/app.log.9'
10-09-2026 14:29:46.056 +0000 ERROR ExecProcessor - message from "/opt/splunk/bin/python3 /opt/splunk/etc/apps/TA-x/bin/poll.py" requests.exceptions.ConnectionError: timeout
10-09-2026 14:29:49.096 +0000 INFO  TailReader - Batch input finished reading file='/var/log/app/app.log.6'
10-09-2026 14:29:50.314 +0000 INFO  TailReader - Batch input finished reading file='/var/log/app/app.log.4'
10-09-2026 14:29:53.124 +0000 INFO  TailReader - Batch input finished reading file='/var/log/app/app.log.4'
10-09-2026 14:29:55.654 +0000 INFO  IndexProcessor - indexing bucket hot_v1_119 for index=main
10-09-2026 14:29:56.016 +0000 INFO  TailReader - Batch input finished reading file='/var/log/app/app.log.6'
10-09-2026 14:29:58.050 +0000 INFO  TailReader - Batch input finished reading file='/var/log/app/app.log.4'
10-09-2026 14:29:59.021 +0000 INFO  TailReader - Batch input finished reading file='/var/log/app/app.log.7'
10-09-2026 14:30:01.756 +0000 INFO  IndexProcessor - indexing bucket hot_v1_103 for index=main
